id,sentiment,textart,text,sentiment_gs
AKK_Facebook_53,0,Facebook-Post,der französische präsident emmanuel macron wandte sich an die bürger in europa es müsse dringend gehandelt werden darauf kann es nur eine antwort geben unsereuropa muss stärker werden  httpswwwcdudeartikeleuroparichtigmachengettingeuroperight ,0
Aeschi_Tweet_242,0,Tweet,das konzept der nzz kennen wir das institutionellerahmenabkommen mit der eu unterzeichnen dann sinken die schweizer löhne und der schweizer wohlstand auf euniveau und im kielwasser werden sich auch die preise an euniveau anpassen instanein svpch freiundsicher,-1
Aeschi_Tweet_35,0,Tweet,einzig die svp lehnt die kohäsionsmilliardenzahlung an die eu ab die schweiz darf sich nicht erpressen lassen und plötzlich für den gegenseitigen marktzugang einseitige geldzahlungen leisten,-1
Aeschi_Tweet_95,1,Tweet,danke für die unterstützung camille natürlich braucht es eine zweite folge wenn dir abstimmungscouverts in den haushaltungen sind weiter so,1
Bild_Facebook_Offline_16,1,Zeitungsartikel Offline,bund cdukandidat mohring veröffentlicht selfie nach chemotherapie total tolles gefühl tik erfurt  die haare und der bart wachsen wieder das ist ein total tolles gefühl sagt thüringens cdu fraktionschef mike mohring  foto nach chemotherapie gegen seine krebserkrankung und einer kur zeigte sich mohring auf instagram und in einem video auf facebook jetzt erstmals wieder ohne mütze  und mit raspelkurzfrisur jetzt will er sich in den landtagswahlkampf stürzen motto aufbruch  bild quelle mikelmohring  instagram,1
Bild_Facebook_Online_2,0,Zeitungsartikel Online,skandalös und peinlich empörung über treffen von linkenpolitiker mit maduro der linke bundestagsabgeordnete andrej hunko reicht venezueladiktator nicols maduro freundlich die hand foto dpa    uhr in venezuela tobt seit wochen ein machtkampf zwischen diktator nicols maduro  und dem vom westen unterstützten herausforderer juan guaid  der bundestagsabgeordnete andrej hunko  linke machte trotzdem dem diktator seine aufwartung schüttelte ihm freundlich die hand und posierte für gemeinsame fotos das treffen des linkenbundestagsabgeordneten hunko mit maduro hat für empörung bei den regierungsfraktionen in berlin gesorgt der stellvertretende cducsufraktionschef johann wadephul nannte die begegnung in caracas skandalös der spdaußenpolitiker nils schmid bezeichnete sie als peinlich das treffen in caracas fand bereits am mittwoch statt foto dpa der spdpolitiker schmid nannte es beschämend dass die linkspartei immer noch einen herrscher unterstützt der die demokratie in venezuela zerstört und sein land ins wirtschaftliche verderben gestürzt hat mit diesem besuch schlägt hunko der unterdrückten bevölkerung venezuelas ins gesicht und macht sich zum politischen handlanger maduros sagte wadephul auch der grünenaußenpolitiker omid nouripour warf dem linkenabgeordneten vor sich von maduro propagandistisch instrumentalisieren zu lassen maduro ist kein linker präsident sondern ein schlimmer kleptokrat der sein land und sein volk ruiniert sagte er maduro befindet sich seit monaten in einem erbitterten machtkampf mit parlamentspräsident juan guaid der maduro wahlfälschung vorwirft sich im januar selbst zum interimspräsidenten ernannt hat und von der bundesregierung und anderen westlichen staaten anerkannt ist parlamentspräsident juan guaid will die dikatur von maduro beenden foto yuri cortez  afp die regierung von maduro treibt venezuela seit monaten ins chaos  obwohl es dank seiner ölvorkommen eines der reichsten länder der erde sein könnte aber millionen menschen fliehen aus dem land vor hunger arbeitslosigkeit und unterdrückung hunko ist der erste bundespolitiker der venezuela seit beginn des machtkampfes besucht er hält sich insgesamt elf tage dort auf und will am wochenende nach deutschland zurückkehren das treffen mit maduro fand bereits am mittwoch in der hauptstadt caracas statt hunko schrieb dazu auf facebook er habe bei dem langen austausch über die internationale lage die solidarität mit dem venezolanischen volk gegenüber wirtschaftssanktionen und kriegsdrohungen zum ausdruck gebracht zu seinen gesprächspartnern in caracas zählte aber auch guaid das auswärtige amt erklärte dass die deutsche botschaft in caracas hunko zwar bei der anfrage von einzelnen terminen unterstützt und diese begleitet habe dies gilt nicht für das treffen mit herrn maduro fügte das ministerium aber hinzu seine eigene fraktion hatte hunko vor der reise über seine absichten informiert der linken außenpolitiker stefan liebich verwies darauf dass es seinem parteifreund gelungen sei mit beiden seiten zu sprechen insofern habe ich daran keine kritik sondern bin gespannt was er uns erzählt maduro schrieb auf twitter im rahmen unserer diplomatie des friedens habe ich den deutschen abgeordneten andrej hunko empfangen wir hatten ein wichtiges treffen um die beziehungen zur europäischen gemeinschaft und den respekt vor dem internationalen recht zu stärken,-1
Bild_Facebook_Online_23,0,Zeitungsartikel Online,bewegendes instagramfoto von mike mohring cdulandeschef zeigt sich nach krebsbehandlung auf diesem instagramfoto zeigt sich thüringens cdulandeschef mike mohring zum ersten mal seit monaten ohne mütze  ein zeichen für seine genesung nach der kräftezehrenden krebsbehandlung foto mikemohringinstagram    uhr zufrieden lächelt thüringens cdulandeschef mike mohring  in die kamera a good feeling with my new hair deutsch ein gutes gefühl mit meinen neuen haaren steht neben dem foto das mohring am samstag bei instagram postete zusammen mit dem hashtag fightcancer deutsch bekämpft krebs seit mitte februar ist die behandlung abgeschlossen die neuen haare sind ein zeichen dafür dass sich mohrings körper allmählich vom kampf gegen den krebs erholt nach der krebs diagnose im oktober  stand mohring unter der doppelbelastung aus chemotherapie und wahlkampf als spitzenkandidat für die landtagswahl in erfurt beim jahresempfang cdukreisverband weimarer land mit cduchefin annegret krampkarrenbauer trug mike mohring noch mütze foto bodo schackow  dpa bei einem interview im bildtalk die richtigen fragen am  februar hatte mohring ausführlich über den persönlichen kraftakt der vergangenen monate gesprochen die letzten monate waren nicht ganz unanstrengend so eine therapie durchzustehen und trotzdem nebenbei im job zu stehen und aufgaben zu erledigen hatte er im interview gesagt dies sei beides ganz gut gelungen große anteilnahme in den sozialen medien um welchen krebs es sich gehandelt hat ist bislang immer noch unbekannt die diagnose hatte mohring nach einer operation erhalten die ärzte hatten ihm damals eine heilungschance von  prozent vorausgesagt trotz der schockdiagnose und der kräftezehrenden behandlung bleibt mohring politisch aktiv sein ziel die cdu bei der landtagswahl am  oktober in erfurt zurück auf die regierungsbank holen der jährige nimmt seit der diagnose zwar viel weniger termine wahr um sich in den behandlungspausen zu schonen aber er bleibt präsent nahm mitte januar sogar an der cdu bundesvorstandsklausur in potsdam teil mike mohring mit cdugeneralsekretär paul ziemiak  auf der cdubundesvorstandsklausur in potsdam foto picture alliancedpa auch als ihm wegen der kräftezehrenden behandlung die haare ausfielen blieb er in der öffentlichkeit zeigte sich stattdessen mit mütze oder basecap was mohring kraft gibt die anteilnahme aus seinem umfeld als er kurz vor der cduklausur im januar in einem video auf facebook erstmals öffentlich von seiner krankheit sprach hatte er zuspruch von tausenden leuten aus ganz deutschland erhalten mike mohring vor der krebsdiagnose auf einem foto im mai  foto dpa auch unter seinen instagrampost vom samstag reihen sich aufbauende worte und genesungswünsche gute besserung weiterhin mike und gottes segen schrieb eine userin schön dass es wieder bergauf geht schrieb ein anderer ein halbes jahr vor der landtagswahl wird mohring sich jetzt zunehmend auf die landtagswahl in thüringen konzentrieren angesichts der jüngsten prognosen könnte der wahlkampf für das endgültige ergebnis eine entscheidende rolle für das abschneiden der cdu spielen denn für eine rotrotgrüne regierungskoalition wie sie jetzt regiert reicht es laut einer umfrage des meinungsinstituts insa nicht mohrings cdu ist mit  prozent dagegen die stärkste kraft in der umfrage und hätte damit chancen auf einen platz in der regierung insa befragte  erwachsene aus thüringen zwischen dem  und  april telefonisch sowie online,1
Bild_Facebook_Online_31,1,Zeitungsartikel Online,wegen bayernfeindlicher äusserungen bayernpartei will grünen chef habeck die einreise verweigern grünenchef robert habeck und die bayernparteipolitikerin regina schropp foto reginaschroppde michele tantussi  afp    uhr paukenschlag im beschaulichen landkreis weilheimschongau die bayernpartei möchte dem bundesvorsitzenden der grünen robert habeck ein einreiseverbot erteilen der politiker soll eigentlich im juni anlässlich einer jahrfeier im ort peißenberg als redner auftreten mit einem antrag im kreisausschuss möchte bayernparteipolitikerin regina schropp dem nun einen riegel vorschieben grund für diesen drastischen schritt habeck habe sich öffentlich wiederholt bayernfeindlich geäußert als beispiele nennt sie habecks aussage ihm sei ein ägypter aus kairo lieber als ein bayer von der alm weiterer aufreger für die lokalpolitikerin habeck habe die bayern als undemokraten im landtagswahlkampf  bezeichnet dies rechtfertigt das beantragte einreiseverbot schreibt die gelernte kellnerin schropp in ihrem antrag den sie auch bei facebook veröffentlichte problem des antrags das ägypterzitat stammt gar nicht von habeck der satz soll auf einem grünentreffen im märz in berlin gefallen sein die demokratieaussage hingegen lässt sich habeck zuordnen vor der bayerischen landtagswahl hatte er sich gefreut dass die csualleinherrschaft ende endlich gibt es wieder demokratie in bayern hatte er hinzugefügt später entschuldigte sich habeck dafür die bayernpartei bekam bei der vergangenen landtagswahl im jahr  nur  prozent der stimmen und ist nicht im landtag vertreten bei der europawahl erhielt sie in bayern sogar nur  prozent in schropps landkreis weilheimschongau stellt die partei einen von  kreistags sitzen ob der antrag angenommen wird darf zumindest angezweifelt werden ,-1
Bild_Facebook_Online_52,-1,Zeitungsartikel Online,nach fpöskandalvideo russenoligarch jagt falsche nichte igor makarow wurde eine nichte untergejubelt die er gar nicht hat foto picture alliancedpa    uhr aus der bsoffnen gschicht wie exvizekanzler heinzchristian strache  fpö den videoskandal herunterzuspielen versuchte ist ein bedrohlicher polittsunami geworden die rechtsextreme fpö säuft in den umfragen ab die ösiregierung ist gekentert kanzler sebastian kurz  övp steht das wasser bis zum hals bild erklärt die wichtigsten entwicklungen in der ibizaaffäre echter oligarch jagt falsche nichte aus skandalvideo jetzt spricht der oligarch  und zwar der echte igor makarow  russischer milliardär und angeblicher onkel der lockvogelrussin aus dem skandalvideo will die frau auf dem ibizavideo nicht kennen die mysteriöse blondine hatte sich als oligarchennichte namens aljona makarowa ausgegeben  und so die fpöoberen in die falle gelockt es ist allgemein bekannt dass ich ein einzelkind in meiner familie war und dementsprechend auch keine nichten habe sagte makarow russischsprachigen medien er  platz  der reichsten russen  will die hintermänner der video falle nun ausfindig machen und bestrafen lassen wir nutzen alle juristischen mittel um herauszufinden wer hinter der unrechtmäßigen verwendung meines namens steht sagt der milliardär es wäre also misslich für die videofilmer wenn sie nicht zu einem geheimdienst gehören russische oligarchen haben oft nicht nur unbegrenzte mittel sondern sind auch unbegrenzt entschlossen ihre interessen zu verfolgen  strache will seine unschuld beweisen er ist weg und halb österreich zittert vor der stracherache exvizekanzler und exfpöchef heinzchristian hc strache  hat sich zurückgezogen in seine luxusvilla im noblen klosterneuburg vor wien selbst für engste mitarbeiter nicht erreichbar heinzchristian strache mit seiner ehefrau philippa foto picture allianceap photo doch für innere einkehr ist strache nicht bekannt ein enger vertrauter zu bild hc hatte mehrere rechtsanwälte da er werde wohl wegen des ibizavideos anzeige erstatten und strache und die fpö sinnen für den bruch auf rache an kanzler sebastian kurz offen ist nur wie brutal auf facebook meldete strache wir werden die hintermänner des kriminell erstellten videos  ausfindig machen und ich werde meine unschuld beweisen dafür kämpfe ich kämpfen muss steilaufsteiger strache mit  stadtrat mit  landtag fpöchef mit  auch daheim ehefrau nummer zwei philippa  foto zog mit sohn hendrik  monate vorerst zu ihren eltern comeback  in jeder hinsicht offen  strachevertrauter gudenus spricht von kotropfen und fürchtet neue enthüllung exfpöfraktionschef johann gudenus  will an dem villaabend nicht nur bsoffen sondern womöglich auch mit kotropfen oder ähnlichen substanzen und drogen gefügig gemacht worden sein ihm fehlten erinnerungen über stunden hinweg so gudenus zudem befürchtet er weiteres material das ihn in kompromittierenden situationen zeige zu seinem zustand während des heimlich mitgeschnittenen treffens sagte gudenus ich war in dieser längeren zeitspanne sichtlich in einer ausnahmesituation erschöpft überarbeitet nahe einem burnout und in einer persönlichen krise zu wenig schlaf zu viel alkohol gemixt mit energydrinks und psychotrope substanzen um die innere anspannung und unruhe zu bekämpfen fpö und spö wollen kurz kopf wenn es darum geht ösikanzler sebastian kurz zu stürzen sind sich die ösisozialdemokraten spö sogar mit der rechten fpö einig am montag soll es einen misstrauensantrag im parlament geben dann hätte der österreichische präsident das sagen van der bellen könnte kurz entweder trotz des votums erneut angeloben  oder einen möglichen übergangskanzler akzeptieren fpö und spö wollen kurz im wahlkampf den kanzlerbonus nehmen ihn vor der wahl aus dem kanzleramt schmeißen unterstützung bekam kurz von den österreichischen liberalen den neos die einen misstrauensantrag nicht unterstützen wollen die neos gelten nach der wahl als ein möglicher koalitionspartner schäuble vermutet geheimdienst als drahtzieher selbst bundestagspräsident wolfgang schäuble  cdu  bei fachfremdem sonst eher auf zurückhaltung bedacht  spekuliert jetzt über die entstehungsgeschichte des stracheskandal videos laut stern sagte schäuble bei einer veranstaltung an einem freiburger gymnasium irgendwie riechts nach irgendwas wie einem geheimdienst schäuble hält es offenbar auch für möglich dass strache mit dem video unter druck gesetzt worden ist man fragt sich warum jetzt und wer hat es gemacht und zu welchem zweck hat man gedacht man kann den erpressen hat man ihn vielleicht die letzten zwei jahre schon erpresst,-1
Bild_Facebook_Online_6,1,Zeitungsartikel Online,grüne senatorin zeichnet für wähler comickunst für unentschlossene anja stahmann entspannt beim zeichnen vom stressigen politikerinnenalltag foto verena hornung artikel von a mertens veröffentlicht am    uhr bremen  süße wahlkampfidee von bremens sozialsenatorin anja stahmann  die grünenpolitikerin greift in ihrer knappen freizeit zum buntstift und zeichnet regionalbremenbremenaktuellanjastahmannsenatorineroeffnetihrecomicausstellung bildmobilehtml was die minen hergeben mit fröhlichen figuren wirbt die senatorin um wählerstimmen foto astahmann bei facebookprofil fragt sie welcher und welche unentschlossene wählerin möchte sich noch zwanglos überzeugen lassen von mir und meinem persönlichen buntstiftartistikwahlbrief die privatadresse per messenger an mich bringt ein original ein so genanntes anjakat in den heimischen briefkasten nicht vergessen am  mai wird gewählt foto astahmann  bestellungen hat sie bislang schon bekommen  muss ich noch abarbeiten so stahmann auch dieses motiv hat schon einen abnehmer foto astahmann wahlkampf der kreativen art,1
Bild_Twitter_Offline_11,0,Zeitungsartikel Offline, bund jusochef fantasiert von überwindung des kapitalismus spdkühnert will bmw enteignen spdkühnert traumt vom veb bmw pet die umstrittenen äußerungen von kevin kühnert  spd berlin  auferstanden aus ruinen  jahre nach dem untergang der ddr träumt die spd wieder vom sozialismus konkret jusochef kevin kühnert  nennt im zeitinterview sein ziel  die überwindung des kapitalismus kühnert will nichts weniger als die vergesellschaftung deutscher konzerne wie bmw stofsrichtung ohne kollektivierung ist eine überwindung des lektivierung kapitalismus nicht denkbar heißst enteignung der berliner ist in der spdspitze zusammen mit mecklenburgs regierungschefin schwesig zuständig für das neue sozialstaatskonzept in der zeit gibts einen vorgeschmack ihm sei weniger wichtig ob am ende auf dem klingelschild von bmw staatlicher automobilbetrieb steht oder genossenschaftlicher automobilbetrieb entscheidend sei dass die verteilung der profite demokratisch kontrolliert werde kühnert das schließt aus dass es einen kapitalistischen eigentümer dieses betriebes gibt die frage sei warum es wenige menschen geben soll denen bmw exklusiv gehört und die das weitgehend alleinige recht haben über gewinne zu verfügen was kühnert ohne berufs oder studienabschluss übersieht bmw ist schon im kollektivbesitz  als aktiengesellschaft bmw selbst lehnte eine stellungnahme gestern ab verkehrsminister andreas scheuer  csu zu bild zum glück haben wir den sozialismus überwunden kühnerts thesen zeigten das rückwärtsgewandte und verschrobene retroweltbild eines verirrten fantasten fdpgeneralsekretärin linda teuteberg  sprach von sozialistischen auswüchsen die spd muss dringend ihr verhältnis zum eigentum klären kühnert solle das godesberger parteiprogramm statt karl marx lesen der spdhaushaltsexperte johannes kahrs  twitterte am abend was für ein grober unfug was hat der geraucht legal kann es nicht gewesen sein bild foto uwe steinert  imago bild linker träumer jusochef kevin kühnert setzt auf sozialismus bild ddrabkürzung für volkseigener bild d  betrieb bld foto uwe koch public ad,-1
Bild_Twitter_Online_17,-1,Zeitungsartikel Online,mehr als  tote die ziele der osteranschläge von sri lanka minister habe überall leichenteile gesehen kirchen und luxushotels angegriffen attentäter schlugen an sechs orten gleichzeitig zu zwei weitere explosionen nach erster angriffsserie sieben verdächtige festgenommen videoclipterroranschlagterrorgegenkirchenundluxushotelsinsrilankareutersbildmobilehtml quelle bildreutersap  min    uhr die bomben detonierten in überfüllten kirchen während der ostermesse und in luxushotels während der hochsaison colombo sri lanka  bombenterror am ostersonntag auf sri lanka mehr als  menschen starben bei anschlägen auf mehrere hotels und kirchen auf der insel im indischen ozean mindestens  menschen wurden zudem zum teil schwer verletzt die meisten anschläge wurden in der hauptstadt ausgeführt alleine im größtem krankenhaus der stadt dem national hospital werden laut sprecher dr samindi samarakoon mehr als  menschen behandelt unter den toten seien bisher  ausländer identifiziert worden erklärten die behörden es handele sich um nach krankenhausangaben um usbürger briten und niederländer völlig zerstört die zerstörte stsebastianskirche nördlich von colombo foto chamila karunarathne  ap photo  dpa die portugiesische nachrichtenagentur lusa meldete ein portugiesisches opfer der englische mirror berichtet auch von japanischen opfern chinesische staatsmedien berichten von einem staatsbürger der bei den anschlägen starb nach angaben der türkischen nachrichtenagentur anadolou sollen unter den toten auch zwei türken sein unter schock verwandte eines anschlagsopfers trauern vor einer leichenhalle in colombo foto eranga jayawardena  dpa an den tatorten boten sich grausame bilder nach einem besuch an drei anschlagsorten erklärte wirtschaftsminister harsha de silva ich habe überall leichenteile verstreut gesehen die attentate zu denen sich zunächst niemand bekannte sind mit die schwersten seit dem ende des bürgerkrieges vor zehn jahren sieben verdächtige festgenommen die verantwortlichen für die anschlagsserie auf kirchen und hotels in sri lanka sind nach angaben des stellvertretenden verteidigungsministers ruwan wijewardene identifiziert worden er sprach bei einer pressekonferenz am sonntag von einem terroristischen vorfall und von feigen angriffen extremistischer gruppen sieben verdächtige wurden inzwischen festgenommen schwerbewaffnete einsatzkräfte verschaffen sich zugang zu einem haus foto ishara s kodikara  afp als reaktion auf die anschläge verhängte die polizei eine sofortige ausgangssperre sie solle bis auf weiteres gelten die nutzung von onlinenetzwerken wurde einstweilen untersagt explosionen in luxushotels die angreifer schlugen unter anderem in luxushotels zu hier gab es explosionen in mindestens drei gebäuden in der hauptstadt die decke zerstört kabel hängen in den raum das restaurant des luxushotels shangrila foto ishara s kodikara  afp im restaurant des shangrila colombo detonierte laut colombo telegraph zufolge ein sprengsatz fenster zersplitterten die decke wurde zum teil auf die straße gesprengt überall hängen kabel von den decken laut augenzeugen waren einsatzkräfte kurz nach der explosion vor ort brachten in weiße tücher gehüllte menschen aus dem gebäude auch im kingsbury hotel hier vor den anschlägen gab es explosionen foto universal images groupgetty images auch im kingsbury hotel und dem cinnamon grand colombo kam es zu angriffen aufnahmen lokaler fernsehsender zeigen deutliche schäden an den gebäuden nach der ersten anschlagsserie gab es zwei weitere explosion die erste in einem hotel nahe dem zoo der stadt die nachrichtenagentur afp berichtete von mindestens zwei toten dort die polizei meldete außerdem eine achte explosion sie traf eine wohngegend in einem vorort von colombo bei einem selbstmordanschlag sollen drei polizisten ums leben gekommen sein angreifer attackieren kirchen  menschen starben in einer kirche in katuwapitiya knapp  kilometer nördlich der hauptstadt dies teilte die polizei mit die leitung der st sebastian kirche veröffentlichte auf facebook bilder vom inneren des gotteshauses und bat die öffentlichkeit um hilfe die aufnahmen zeigten blut am boden und auf den kirchenbänken sowie das zerstörte kirchendach auch in der ostprovinz habe es einen angriff auf eine kirche gegeben berichteten medien bei dem anschlag in batticaloa seien  menschen ums leben gekommen einsatzkräfte in der zerstörten st antonius kirche in colombo foto getty images in colombo war im stadtteil kochcikade die st antonius kirche ziel eines attentats nach polizeiangaben waren bombenräumkommandos im einsatz man sei dabei die opfer in sicherheit zu bringen die hilfsbereitschaft in der bevölkerung ist groß berichtete einwohner usman ali gegenüber der bbc er war wie viele andere zum blutspenden in ein medizinzentrum gekommen alle hatten nur ein ziel den opfern zu helfen ganz egal welcher glaubensrichtung sie angehören overwhelming response at national blood centre its so overcrowded they cannot control the crowd currently they are sending back people who have come after taking down name contact and blood group dont rush there now go leisurely as the crowd subsides lka pictwittercomeavyyrkh  usman ali usmanalila april   reaktionen der politik frankwalter steinmeier zeigte sich tief betroffen fassungslos und voller entsetzen verfolge ich die schrecklichen nachrichten über die feigen terroranschläge in sri lanka bei denen so viele unschuldige menschen den tod fanden und viele mehr verletzt wurden erklärte er am ostersonntag in berlin besonders niederträchtig ist dass zahlreiche friedlich betende in gotteshäusern am ostersonntag ziel dieser hinterhältigen angriffe wurden auch bundesaußenminister heiko maas hat sich bestürzt über die serie von angriffen geäußert und sie aufs schärfste verurteilt die nachrichten aus sri lanka machen fassungslos wir sind in gedanken bei den angehörigen der opfer und hoffen mit den verletzten teilte er am sonntag mit die nachrichten aus srilanka machen fassungslos wir sind in gedanken bei den angehrigen der opfer und hoffen mit den verletzten am osterfest so viel hass zu erleben schmerzt ostern ist ein fest der liebe das uns lehrt hass unsererseits kann nie die lsung sein  heiko maas heikomaas april   ich verurteile die feigen attentate heute auf unsere bevölkerung schrieb sri lankas ministerpräsident wickremesinghe auf twitter er rief alle einwohner seines landes auf angesichts der tragödie einig und stark zu bleiben i strongly condemn the cowardly attacks on our people today i call upon all sri lankans during this tragic time to remain united and strong please avoid propagating unverified reports and speculation the government is taking immediate steps to contain this situation  ranil wickremesinghe rwunp april   die verbreitung von spekulationen und unbestätigten berichten müsse vermieden werden appellierte der regierungschef an die bevölkerung die regierung unternehme alle nötigen schritte fügte er hinzu und berief das nationale sicherheitskabinett zu einer sitzung ein gewalt gegen christen auf sri lanka die kirchenverwaltung nceasl die mehr als  kirchen und andere christliche organisationen in sri lanka vertritt hatte sich jüngst besorgt über vermehrte übergriffe geäußert im vergangenen jahr habe es  bekannte vorfälle von diskriminierung drohungen und gewalt gegen christen und ihre einrichtungen gegeben in diesem jahr seien es bislang  gewesen so hätten buddhistische mönche wiederholt versucht christliche gottesdienste zu stören nach statistischen daten von  sind unter den rund  millionen einwohnern sri lankas  prozent buddhisten gut zwölf prozent hindus knapp zehn prozent muslime und gut sieben prozent christen,-1
Bild_Twitter_Online_29,1,Zeitungsartikel Online,glückwünsche zur geburt söder schenkt baby sussex eine lederhose markus söder zeigt die tracht für das royale baby foto markussoedertwitter    uhr münchen  eine lederhose für baby sussex bayerns ministerpräsident markus söder  csu schenkt dem jüngsten spross der britischen königsfamilie eine bayerische tracht herzliche glückwünsche zur geburt des jüngsten enkels v prinz charles u herzogin camilla schrieb söder am dienstag auf twitter eine echte lederhose damit das bayerische lebensgefühl den kleinen v beginn an begleitet charles und camilla werden nach ihrem besuch in berlin an diesem donnerstag in münchen erwartet sie kommen als stolze großeltern am montag kam charles vierter enkel zur welt das erste kind von prinz harry und seiner frau herzogin meghan wird bislang noch baby sussex genannt und steht auf platz sieben der britischen thronfolge unser geschenk typisch bayrisch u steht sicherlich auch einem britischen thronfolger twitterte söder,1
Bild_Twitter_Online_35,-1,Zeitungsartikel Online,erdogan setzt wiederholung durch bürgermeister neuwahlen in istanbul sind verrat massive kritik aus europa der türkische präsident recep tayyip erdogan foto  ap photo  dpa artikel von sinan senyurt veröffentlicht am    uhr wahlhammer in der türkei die abstimmung über das bürgermeisteramt in istanbul muss wiederholt werden das entschied die türkische wahlkommission nach angaben der staatlichen nachrichtenagentur anadolu die wahl vom  märz ist damit annulliert grund die akp von türkeipräsident recep tayyip erdogan  hatte den urnengang angefochten und die wiederholung gefordert  wegen angeblichen wahlbetrugs ständig hatte der präsident diesen vorwurf wiederholt und massiv stimmung gemacht nun wurde diesem antrag stattgegeben erdogan und seine partei haben damit den wunsch nach neuwahlen in der millionenstadt durchgesetzt nach dem offiziellen ergebnis hatte die erdoganpartei in der metropole knapp verloren demnach gewann akpkontrahent ekrem imamoglu  die wahl mit einem vorsprung von   stimmen am  april war er zum bürgermeister der stadt gekürt worden seine partei die chp zeigte sich am montagabend alarmiert  berief eine krisensitzung ein imamoglu bezeichnet die entscheidung der türkischen wahlbehörde für eine wiederholung der bürgermeisterwahl in der millionenmetropole als verrat sie versuchen die wahl die wir gewonnen haben zurückzunehmen sagte imamoglu am montag vor tausenden anhängern in istanbul vielleicht seid ihr aufgebracht aber verliert nie eure hoffnung ekrem imamoglu feiert am  april mit anhängern den sieg über die erdoganpartei foto murad sezer  reuters in mehreren bezirken istanbuls standen die menschen an den fenstern und schlugen auf töpfe und pfannen  eine protestform die sich während der regierungskritischen geziproteste von  etabliert hatte wellenartig sei das blecherne klopfen zu hören gewesen zog von straße zu straße berichten augenzeugen chpvizechef onursal adigüzel erklärte nach der entscheidung das hat mit demokratie nichts zu tun die entscheidung der wähler mit den füßen zu treten und die justiz nicht anzuerkennen  das ist ein diktatorisches system hintergrund mehrere versuche der erdoganpartei die stimmen in ganz istanbul neu auszählen zu lassen waren gescheitert massive kritik auch aus europa die eu hat die zuständige wahlkommission dazu aufgerufen unverzüglich einblick in die gründe ihrer entscheidung zu gewähren die begründung für diese weitreichende entscheidung getroffen in einem höchst politisierten kontext sollte unverzüglich einer öffentlichen untersuchung zugänglich gemacht werden erklärten die euchefdiplomatin federica mogherini  und nachbarschaftskommissar johannes hahn  auch der europarat kritisiert die türkische wahlbehörde für ihre entscheidung generalsekretär thorbjorn jagland  erklärte die entscheidung des hohen wahlrates hat das potenzial das vertrauen der türkischen wähler in die wahlbehörden schwer zu beschädigen die notwendigen voraussetzungen für freie und faire wahlen müssten vor dem wahltag überprüft werden und nicht danach bundestagsvizepräsidentin claudia roth  das signal ist verheerend foto reuters die bundestagsvizepräsidentin claudia roth  äußerte sich empört die entscheidung der wahlkommission ist auch ergebnis massivsten drucks von ganz oben das signal ist verheerend gezielt scheinen präsident erdogan und seine akp all jene eines schlechteren belehren zu wollen die nach der kommunalwahl auf einen demokratischen wandel gehofft hatten offenbar solle nicht einmal mehr der anschein demokratischer verhältnisse aufrecht erhalten sondern vertrauen bewusst erschüttert werden fdpspitzenkandidatin nicola beer erdogan akzeptiert die niederlage nicht foto britta pedersen  dpa kritik kam auch von der linken und der fdpspitzenkandidatin für die europawahl nicola beer  sie schrieb auf twitter erdogan akzeptiert die niederlage nicht so ist die türkei kein partner mehr für die eu die linkenchefin katja kipping  schrieb auf twitter unglaublich erdogan lässt in istanbul neu wählen weil ihm das ergebnis nicht passt die bundesregierung sollte dem gewählten neuen bürgermeister imamoglu jetzt den rücken stärken istanbul hat große bedeutung für erdogan bei den kommunalwahlen am  märz hatte die akp neben der hauptstadt ankara touristenhochburg antalya und die fünftgrößte stadt adana verloren doch besonders die niederlage in istanbul ärgerte erdogan erdogan selbst hatte  als chef der stadtregierung am bosporus seinen aufstieg an die staatsspitze begonnen hier gab die partei lange den ton an wer istanbul beherrscht beherrscht die türkei ist erdogans motto mit dem er auch wahlkampf machte in den vergangenen tagen hatte erdogan immer wieder neuwahlen gefordert meine bevölkerung sagt mir dass wir neu wählen müssen in istanbul es sind krumme sachen passiert sagte er auf einer veranstaltung angeblich habe seine akp drei koffer mit beweisen für die behauptete wahlfälschung übergeben worin genau die manipulation bestanden haben soll wurde bislang nicht im detail bekannt,-1
Bild_Twitter_Online_45,-1,Zeitungsartikel Online,bundesratsinitiative länder fordern verbot von homoheilung die regenbogenfahne ist das symbol der lgbtcommunity foto wolfgang kumm  afp artikel von roman scheck veröffentlicht am    uhr seit über zehn jahren kämpfen aktivisten in deutschland für ein verbot sogenannter konversionsverfahren homoheilung am freitag wurde nun eine bundesratsinitiative zum entsprechenden verbot in den bundestag eingebracht gleich mehrere bundesländer hessen berlin bremen saarland schleswigholstein brandenburg und rheinlandpfalz setzen sich für ein solches verbot ein wie der mdr berichtete kommen auch aus sachsenanhalt und thüringen positive signale einzig sachsen will erst den konkreten entwurf abwarten konversionsverfahren sind pseudotherapien die schwule und lesben auf wundersame weise zu heterosexuellen machen sollen evangelikale organisationen wunderheiler und sogar einige ärzte behaupten bis heute homosexualität sei eine krankheit die geheilt werden müsse strafen für anbieter und schadenersatz für betroffene in dem vorgestellten antrag sollen neben einem verbot auch strafen für anbieter solcher unwirksamen pseudotherapien sowie schadenersatzansprüche für betroffene geprüft werden gleichzeitig soll erreicht werden dass homoheiler zukünftig keine öffentlichen gelder oder medizinische vergütungen mehr bekommen der vorstoß wird nun zunächst in den ausschüssen der länderkammer beraten hessens sozialminister kai klose  grüne setzt sich für ein verbot von homoheilung in deutschland ein foto arne dedert  dpa in keiner weise behandlungsbedürftig homo oder transsexualität seien weder krankheiten noch eine störung und deshalb in keiner weise behandlungsbedürftig erklärte hessens sozialminister kai klose  grüne außerdem gebe es keine wissenschaftliche basis für derartige behandlungen problematisch ist dass die menschen überhaupt auf die idee kommen sie müssten ihre identität ändern weil sie glauben nicht normal oder gar krank zu sein so klose wir fordern die bundesregierung auf diesen menschengefährdenden angeboten ein ende zu setzen denn zur menschenwürde gehöre das recht auf freie sexuelle orientierung und geschlechtliche identität daher müsse fragwürdigen und menschengefährdenden therapieangeboten die grundlage entzogen werden weiter wortmeldungen gab es in dieser debatte keine die vorlage wurde jetzt in den gesundheitsausschuss überwiesen auch der auschuss für kulturfragen der ausschuss für frauen und jugend und der rechtsausschuss befassen sich ab sofort mit dem thema bayern zeigt sich aufgeschlossen überraschend könnte nun auch bayern dem vorhaben zustimmen am donnerstag wurde ein antrag der grünen mit deutlicher mehrheit angenommen die csu gab damit ihre wochenlange blockadehaltung im sozialausschuss auf tessa ganserer  queerpolitische sprecherin der grünen im bayerischen landtag erklärte dazu auf twitter wir haben heute die staatsregierung gezwungen nicht länger tatenlos wegzusehen und ihren bisherigen widerstand gegen ein verbot aufzugeben voller erfolg wir haben heute die staatsregierung gezwungen nicht lnger tatenlos wegzusehen und ihren bisherigen widerstand gegen ein verbot aufzugeben mein antrag wurde in genderter fassung angenommen homobrauchtkeineheilung transbrauchtkeineheilung pictwittercomyavfaxalv  tessa ganserer gansgruen april   die staatsregierung in bayern wird aufgefordert die prüfung eines verbots zu verfolgen ursprünglich hieß es im antrag noch bayern solle sich für ein verbot einsetzen bundesgesundheitsminister jens spahn  cdu hatte am mittwoch eine köpfige fachkommission zum thema eingesetzt bild berichtete lgbtlgbtplandes gesundheitsministerskommissionzumverbotvonhomoheilungbildmobilehtml  die experten sollen bis zum herbst vorschläge für ein wirksames verbot für homoheiler erarbeiten ein verbot in deutschland könnte damit noch in diesem jahr kommen bereits am dienstag übergab ein bündnis von lgbtaktivisten unter dem kampagnennamen homobrauchtkeineheilung mehr als   unterschriften für ein verbot von homoheiler an das bundesgesundheitsministerium in der fachwelt werden konversionsverfahren abgelehnt der weltärztebund nennt sie eine ernsthafte bedrohung für die gesundheit und die menschenrechte mehr lgbtqnews gibts auf facebook  jetzt queer bild folgen,0
Fehr_Facebook_100,1,Facebook-Post, jahre juv das amt für justizvollzug des kantons zürich feiert und blickt stolz auf zwei jahrzehnte zurück in denen zürich den schweizer strafvollzug weitgehend neu erfunden hat herzliche gratulation unsere profis wissen für  prozent der strafgefangenen öffnet sich früher oder später die gefängnistür sie werden wieder unsere nachbarn deshalb ist der zentrale auftrag des justizvollzugs die wiedereingliederung also die vorbereitung der strafgefangenen auf ein deliktfreies leben damit sie zu besseren nachbarn werden meine festrede httpsbitlyhfwih,1
Fehr_Facebook_33,-1,Facebook-Post,schöne neue seidenstrasse willkommen in der welt der zukunft ein bisschen menschenrechtsdialog wirdäs dann schon richten  wenn china dann grad zeit hat ja man kann in zynismus verfallen aber vielleicht sollten wir uns besser nochmals ein paar grundsätzliche berlegungen zu unserer aussenwirtschaftspolitik machen,-1
Fehr_Facebook_52,0,Facebook-Post,einmal im jahr ziehen unsere jugendanwältinnen und jugendanwälte fazit die aktuellen zahlen zeigen einen leichten anstieg der jugendkriminalität die zahl der gewaltdelikte liegt aber immer noch massiv unter dem höhepunkt aus dem jahr  und die meisten beschuldigten sieht die jugendanwaltschaft nach einem delikt nie mehr das zeigt wie gut die arbeit der jugendanwaltschaft  eine kombination aus sanktionen und hilfsangeboten  wirkt,0
Fehr_Facebook_72,0,Facebook-Post,die besten argumente gegen die angstmacherei pflichtlektüre für die politik im kanton zürich vor allem für die kommunalen behörden die als trägerorganisationen für die kesb verantwortlich sind,-1
Fehr_Facebook_80,0,Facebook-Post,wie viel mehr politischer fortschritt wäre möglich wenn die grünliberale partei erkennen würde dass nur eine soziale schweiz auch eine offene liberale fortschrittliche schweiz bleibt,0
Fehr_Facebook_89,-1,Facebook-Post,sp calling ü mit cline widmer bei der schlussmobilisierung die wahlbeteiligung ist nach wie vor tief deshalb spätestens morgen mit couvert zum briefkasten und für spätentschlossene an die urne liste  und mario fehr jacqueline fehr martin neukom und walter angst in den rr  rrwahl krwahl,0
Fehr_Facebook_99,1,Facebook-Post,ab heute erhältlich sonderheft justizvollzug httpsbitlytbgnhx zum  jahrjubiläum des amts für justizvollzug des kanton zürich gibt einblick in die vielfältige arbeit der profis danke allen journalistinnen und fachleuten für ihre kritischen und kompetenten beiträge mit dem blick hinter die kulissen resp hinter die mauern möchten wir zeigen wie wir arbeiten und welche fragen wir in zukunft zu beantworten haben kernauftrag bleibt die wiedereingliederung denn für  prozent der strafgefangenen öffnet sich früher oder später die gefängnistür sie werden wieder zu unseren nachbarn der zürcher justizvollzug leistet einen wesentlichen beitrag damit sie zu besseren nachbarn werden,1
Fehr_tweet_107,1,Tweet,mbinswanger natasjasommer judithwittwer tagesanzeiger ja und er wird ja dann auch von seiner frau getröstet wenn ihm jetemy eins auf die nase haut und ja er geht mit grünen schuhen zum einkaufen und sein neuer lippenstift ist plötzlich so versöhnlich,-1
Fehr_tweet_115,0,Tweet,fussballverband verfügt stadionverbot wegen sexistischer transparente wie es akanjisarah gefordert hat eine erste richtige massnahme fcwinti sfvasf,0
Fehr_tweet_116,1,Tweet,interessante fakten statistikzh kantonzuerich,0
Fehr_tweet_31,0,Tweet,hier hat zürich vorwärts gemacht gv von queer altern  eine organisation die zeigt dass eine vielfältige gesellschaft eine freiere gesellschaft ist meine grussworte jizh marcodenoth rrwahl regenbogen,1
Fehr_tweet_37,0,Tweet,weltweite solidarität mit den opfern von christchurch wir gedenken der opfer und zeigen uns solidarisch mit den muslimischen gemeinschaften das schreckliche ereignis zeigt wir müssen den schutz für alle verletzlichen gruppen ausbauen via srfnews,-1
Fehr_tweet_70,1,Tweet,interessante headline für ein gesetz das markante erleichterungen für bringt in ihrem communiqu hält die zh regierung fest dass sie einbürgerungen als stärkung der demokratie sieht hier der wortlaut,0
Fehr_tweet_82,1,Tweet,ich freue mich sehr dass ich für weitere vier jahre der direktion der justiz und des innern vorstehen darf  zürich macht vorwärts daran will ich weiterarbeiten zusammen mit den rund  mitarbeitenden die jeden tag tolle arbeit leisten jizh fürschi kantonzuerich,1
Fehr_tweet_96,0,Tweet,regierungsrat verabschiedet eine koordinierte strategie zur umsetzung der nationalen integrationsagenda damit sollen vorläufig aufgenommene personen amp flüchtlinge rascher in die arbeitswelt amp besser in die hiesige gesellschaft integriert werden rrzh,0
Fehr_tweet_98,1,Tweet,schlechtes foto  super liste herzliche gratulation allen nominierten spzuerich wahlen,1
Heute_Facebook_Online_43,-1,Zeitungsartikel Online,strache lässt weiter oen ob er eumandat antritt in einem posting auf facebook äußert sich strache zu den vielen vorzugsstimmen die er bei der euwahl erhalten hat ob er das mandat annimmt lässt er weiterhin im unklaren exfpöchef heinzchristian strache  ein aus i der durch das ibizavideo schwer beschädigte exfpövizekanzler heinzchristian strache will sich weiterhin nicht festlegen ob er fehler gesehen sein eumandat annimmt in einem facebookposting nahm er am donnerstagabend dazu stellung äußerte aber nicht ob er sein eu mandat annehmen werde strache war trotz seines rücktritts weiterhin auf platz  der fpöwahlliste fürs euparlament gestanden durch eine sensationelle anzahl von  vorzugsstimmen hätte er anspruch auf ein eumandat er bedankte sich bei seinen wählern für das vertrauen das auch nicht durch politische attentate gemeint ist der ibizaskandal erschüttert worden sei strache lässt offen ob er das mandat annimmt ich werde mir nun auch die zeit nehmen mit meiner frau meiner familie und meinen engsten begleitern über meine politische zukunft nachzudenken schrieb er bereits einmal annahme erklärt bereits einmal hatte er auf facebook verkündet er werde ins euparlament einziehen das entsprechende posting nachher aber gelöscht für die fpö wäre strache im euparlament eher eine politische belastung die andere sehr erfolgreichen rechtspopulisten matteo salvini lega und marine le pen rn haben sich nach dem ibizavideo von strache distanziert der bisherige fpöklubchef walter rosenkranz hatte in einem interview mit zib moderator armin wolf gesagt ob strache das mandat annehme sei seine persönliche entscheidung er verlasse sich aber darauf dass strache der partei nicht schaden werde,0
Heute_Facebook_Online_5,1,Zeitungsartikel Online,beate meinlreisinger freut sich über nachwuchs beate meinlreisinger ist jetzt dreifachmama die neoschefin hat am  märz ihr drittes kind zur welt gebracht ein aus i das dritte kind von neoschefin beate meinlreisinger erblickte am sonntag  um  uhr das licht der welt das gab dieim fehler gesehen jährige am montag auf ihrer facebookseite bekannt das mädchen ist demnach  zentimeter groß und wiegt  gramm wie die glückliche mama stolz verkündet beate meinlreisinger hat mit ihrem mann bereits zwei kleine töchter die klubchefin hatte die nachfolge von matthias strolz angetreten als dieser im mai  völlig überraschend seinen rückzug aus der politik angekündigt hatte schon bei bekanntgabe der schwangerschaft im herbst hat die parteichefin angekündigt sich im april eine einmonatige babyauszeit nehmen zu wollen ihr ehemann geht anschließend in karenz mein mann und ich sind überglücklich und freuen uns sehr über unser drittes mädchen schreibt meinlreisinger auch auf twitter auch der bundeskanzler gratuliert,1
Heute_Facebook_Online_53,0,Zeitungsartikel Online,so verabschiedet sich kickl aus dem amt in einer stellungnahme zum abschied aus dem innenministerium bedankt sich herbert kickl bei seinem kabinett und seiner familie ein aus i im fehler gesehen herbert kickl fpö ist schon bald nicht mehr innenminister bundeskanzler sebastian kurz övp hat bundespräsident alexander van der bellen die entlassung des fpömanns vorgeschlagen er wird dem wunsch entsprechen kickls letzte amtshandlungen werden wohl keinen bestand haben er versuchte noch seinen generalsekretär peter goldgruber zum generaldirektor für öffentliche sicherheit zu machen van der bellen wird diese berufung aber nicht unterschreiben goldgruber geht somit zusammen mit exminister kickl  euro für asylwerber inread invented by teads außerdem hat er am dienstag eine verordnung zum umstrittenen stundenlohn für gemeinnützige tätigkeiten von asylwerbern erlassen er soll auf  euro gesenkt werden die maßnahme dürfte von seinem ersatz der schon am mittwoch bestellt werden könnte wieder rückgängig gemacht werden auf facebook postete kickl schließlich eine verabschiedung von seinem posten ich danke meinem großartigen team im kabinett und generalsekretariat und den mitarbeiterinnen und mitarbeitern auf allen ebenen die mit mir gemeinsam diesen steinigen weg gegangen sind von ganzem herzen löse das tresorcoderätsel fort knox erobern und goldbarren gewinnen,0
Heute_Facebook_Online_72,1,Zeitungsartikel Online,leonding hat nun erstmals eine bürgermeisterin in leonding wurden am sonntag nicht nur euwahlen abgehalten sondern auch bürgermeisterwahlen standen an und die brachten ein klares ergebnis sabine nadererjelinek gewann die bürgermeisterwahl in leonding bild spöerwin wimmer ein aus i es war nicht alles schlecht für die spö an diesem sonntag wenigstens auf lokaler ebene konnte man einen sieg verbuchen in fehler gesehen der viertgrößten stadt oberösterreichs leonding bez linzland  einwohner gewann sabine nadererjelinek  spö die wahl sie folgt damit walter brunner der schon im märz abgetreten war und sabine nadererjelinek gewann die wahl überraschend klar und vor allem schon im ersten wahlgang sie setzte sich mit  prozent gegen ihre vier männlichen mitbewerber durch ihr vorgänger musste  noch in eine stichwahl geben franz bäck von der övp kam auf  prozent auf platz drei kam sven schwerer von den grünen  prozent noch vor fpökandidat peter hametner  prozent markus prischl von den neos kam nur auf  prozent auf facebook bedankte sie sich für das vertrauen auch parteichefin birgit gerstorfer gratulierte was für ein toller erfolg ich gratuliere sabine nadererjelinek von ganzem herzen und freue mich riesig mit ihr die neue stadtchefin steht für eine politik bei der stets die menschen und deren anliegen im vordergrund stehen   so hat österreich bei der euwahl gestimmt die övp geht als großer sieger hervor alle details lesen sie hier,1
Heute_Twitter_Online_3,0,Zeitungsartikel Online,so trauert lh stelzer um die toten ärzte aus oö der tod von ärzten aus oberösterreich beim flugzeugabsturz in äthiopien schockiert auch die heimischen politiker lh thomas stelzer sprach den angehörigen sein beileid aus das video konnte nicht gefunden werden lh thomas stelzer sprach in einem interview mit dem orf den angehörigen sein beileid aus ein aus i drei freunde die sich beim medizinstudium in wien kennen gelernt hatten wollten in sansibar das ende ihrer ausbildung zum fehler gesehen facharzt feiern armin s  christoph s  die beiden arbeiten in spitälern in oberösterreich und wolfgang e  starben bei dem verheerenden flugzeugabsturz in äthiopien heute berichtete und auch die heimische politik zeigte sich betroffen von den ereignissen sehr traurige nachrichten erreichen uns aus äthiopien mein aufrichtiges beileid und mein tiefes mitgefühl für diesen schweren verlust gilt den angehörigen und freunden der opfer das wichtigste ist jetzt die familien und hinterbliebenen in diesen schweren stunden zu unterstützen erklärte landeshauptmann thomas stelzer övp der stand und steht seit bekanntwerden der tragödie im engen kontakt mit dem außenministerium betroffenheit bei politikern aller parteien aber auch andere politiker kondolierten die nachricht hat mich tief betroffen gemacht mein ganzes mitgefühl gilt in diesen stunden den familien und freunden der verunglückten ärzte reagiert spölandeschefin birgit gerstorfer auf den flugzeugabsturz in äthiopien die landessprecherin der grünen maria buchmayr mit unseren gedanken sind wir bei den familien und freunden der ärzte aus oberösterreich die heute erfahren mussten dass ihre lieben nicht mehr nach hause kommen werden die anteilnahme in diesen schweren stunden gilt den angehörigen freunden und kollegen so lhvize manfred haimbuchner fpö bundespräsident alexander van der bellen meldete sich auf twitter zu wort kurz und auch bundeskanzler sebastian kurz meldete sich  nach absturz in äthiopien airlines stoppen boeingstarts bild reuters,-1
Kurz_Facebook_142,1,Facebook-Post,vielen dank für die unterstützung ich freue mich immer wieder menschen persönlich kennenzulernen die teil unserer bewegung sind,1
Kurz_Facebook_147,1,Facebook-Post,eine erfolgreiche saison liegt hinter den athletinnen und athleten des sterreichischen skiverbands gestern waren sie zum saisonabschluss zu besuch im bundeskanzleramt mehr dazu,1
Kurz_Facebook_151,0,Facebook-Post,ich bin erschüttert dass homosexuellen in brunei ab heute die todesstrafe droht niemand darf wegen seiner sexuellen orientierung verfolgt werden,-1
Kurz_Facebook_169,1,Facebook-Post,wir möchten pionier in europa sein mit dem ausbau des gnetzes möchten wir die digitale infrastruktur ausbauen und den wirtschaftsstandort sterreich stärken,1
Kurz_Facebook_176,-1,Facebook-Post,herzliche gratulation an andrea völkl zu diesem historischen  starken ergebnis mit   prozent für die volkspartei seit  konnte heute zum ersten mal die mehrheit der sp gebrochen werden,1
Kurz_Facebook_22,0,Facebook-Post,mein pressestatement zu den aktuellen ereignissen,0
Kurz_Facebook_29,0,Facebook-Post,sebastian kurz,0
Kurz_Facebook_47,1,Facebook-Post,mir ist wichtig dass es endlich mehr hausverstand in der eu gibt allein die tatsache dass wir zwei parlamentssitze haben und alle abgeordneten jeden monat zwischen brüssel und straßburg übersiedeln kostet unsummen und ist ein relikt aus der vergangenheit das gehört abgestellt mehr zu meinen eureformplänen im interview,0
Kurz_Facebook_72,-1,Facebook-Post,heute war ich im ehemaligen konzentrationslager mauthausen dieser ort erinnert daran wohin krieg hass und unmenschlichkeit führen können sterreich steht zu seiner historischen verantwortung daher wollen wir jüdisches leben aktiv unterstützen und gegen jede form des antisemitismus ankämpfen,0
Kurz_Facebook_8,-1,Facebook-Post,am montag hat das parlament das wort am ende entscheidet aber das volk  nämlich bei der wahl im september unser land braucht verantwortungsvolles handeln im interesse des ganzen und nicht rachespiele auf kosten der republik,0
Kurz_Tweet_151,0,Tweet,vielen dank für die einladung zum polittalk mit wolfgang braun amp ckotanko in linz nachrichtenat es war eine gute diskussion zu aktuellen themen reformen in österreich sowie europäische herausforderungen wie den brexit,1
Kurz_Tweet_155,1,Tweet,ich bedanke mich bei gust wöginger für seinen unermüdlichen einsatz für die neue volkspartei die persönliche unterstützung und die enge freundschaft ich freue mich auf unsere weitere zusammenarbeit und wünsche ihm alles gute für die arbeit in schärding und parlament,1
Kurz_Tweet_238,1,Tweet,es war beeindruckend heute im rahmen des empfangs der österreichischen wirtschaft in peking eine delegation aus ihrem mutterkloster in henan kennenzulernen und aus nächster nähe zu erleben vielen dank,1
Kurz_Tweet_249,1,Tweet,die orthodoxe gemeinde feiert heute ostern ich wünsche ein frohes und gesegnetes fest,1
Kurz_Tweet_275,1,Tweet,bayern ist ein wichtiger verbündeter im euwahlkampf wir unterstützen manfredweber voll ampganz d ein ausgezeichneter kommissionspräsident wäre wir brauchen ein europa das stark ist in großen fragen wie dem schutz d außengrenzen amp sich in kleinen fragen mehr zurücknimmt,1
Kurz_Tweet_284,-1,Tweet,es braucht einen neuen zeitgemäßen euvertrag mit klaren sanktionen gegen mitglieder die schulden machen strafen für länder die illegale migranten nicht registrieren und durchwinken sowie harte konsequenzen bei verstößen gegen d rechtsstaatlichkeit und liberale demokratie,-1
Kurz_Tweet_301,1,Tweet,wir wollen jüdisches leben aktiv unterstützen und gegen jede form des antisemitismus ankämpfen  damit aus einem niemals vergessen ein nie mehr wieder werden kann,1
Kurz_Tweet_307,1,Tweet,wir danken der deutschetelekom für ihr vertrauen in den standort österreich und freuen uns auf die zusammenarbeit mit magenta um österreichs vorreiterrolle im bereich g weiter auszubauen,1
Kurz_Tweet_362,1,Tweet,nach investments von abb infineon oder der deutschetelekom ist die entscheidung der omv einem der wichtigsten global tätigen und erfolgreichsten österreichischen unternehmen ein weiterer großer erfolg für den standort österreich,1
Kurz_Tweet_373,-1,Tweet,das bekannt gewordene fpöskandalvideo hat österreich geschadet zeigt einen falschen zugang zur politik amp hat d zusammenarbeit in d regierung zerstört mit hbp vanderbellen setze ich mich f eine restlose aufklärung ein ampwerde alles tunum f stabile verhältnisse in ö zu sorgen,-1
Kurz_Tweet_393,0,Tweet,congratulations to narendramodi for a formidable victory at the recent parliamentary elections in india  the largest democratic exercise in human history i look forward to further deepening our excellent bilateral relations,1
Kurz_Tweet_46,0,Tweet,amtswege sind oft kompliziert und zeitaufwendig mit haben wir nun eine serviceplattform geschaffen die den kontakt zwischen staat und bürgerinnen amp bürgern direkt und digital möglich macht,0
Kurz_Tweet_99,0,Tweet,die gestrigen abstimmungen im britischen unterhaus haben erneut keine klarheit gebracht fast drei jahre nach dem brexit referendum ist es nun aber an der zeit auch einmal für und nicht nur immer gegen etwas zu sein,-1
Lindner_Facebook_115,-1,Facebook-Post,wir wollen die innovationskraft der marktwirtschaft in den dienst der umwelt stellen wenn wir dem coausstoß einen preis geben schafft das anreize denn verbraucher und firmen werden versuchen co zu vermeiden in der eu gibt es das schon für die energiewirtschaft wir brauchen es aber auch für den verkehr die landwirtschaft und gebäude das wäre besser als die vielen subventionen quoten und verbote die nicht zum ziel geführt haben am besten machen wir das europäisch aber in deutschland könnten wir vorreiter sein cl,0
Lindner_Facebook_134,-1,Facebook-Post,die schülerdemos und die emotionale öffentliche debatte sind der anlass für uns als fdp unsere antworten in der klimapolitik zu aktualisieren wir wollen zeigen dass klimaschutz und freies leben zugleich möglich sind die vielzahl von verboten und subventionen haben bisher nichts gebracht außer kosten  neues denken und eine technologieoffensive in alle richtungen sind nötig deswegen wollen wir den emissionshandel ausweiten und forschung gezielt fördern cl httpswwwfdpdecontentantragdesbundesvorstandeszumordbundesparteitagliberaleklimapolitik,0
Lindner_Facebook_144,0,Facebook-Post,der bund hat  einen berschuss von   milliarden euro erzielt das ist geld das den menschen abgenommen wurde ohne dass eine leistung dafür erbracht wurde im geschäftsleben gibt man das zurück das sollte der staat auch tun das wären  euro für jeden und würde die kaufkraft ankurbeln diese idee und andere im interview mit der bams tl,0
Lindner_Facebook_35,1,Facebook-Post,heute ist nicht nur muttertag sondern auch tag der pflege wir wollen den tausenden pflegefachkräften und pflegenden angehörigen die jeden tag für bedürftige menschen da sind nicht nur danken wir sollten auch dafür sorgen dass es bald mehr pflegefachkräfte und weniger bürokratie in der praxis gibt damit mehr zeit für zuwendung besteht cl,0
Lindner_Facebook_42,-1,Facebook-Post,laut der steuerschätzung verlieren wir dynamik die groko kann keine kamelle mehr verteilen jetzt müssen prioritäten gesetzt werden unsere private investitionsanreize und massenkaufkraft statt wirtschaftskrise schaffen wir steuerlich luft zum atmen cl,0
Lindner_Facebook_76,0,Facebook-Post,wenn öffentliche flächen in berlin aus politischen gründen nicht genutzt und aufstockungen verweigert werden  warum sollte man dann andererseits das eigentumsgebot des grundgesetzes aushebeln fragt cl im interview mit der bz was meint ihr tl,0
Lindner_Facebook_78,0,Facebook-Post,diese woche wird viel über enteignungen diskutiert wir als fdp fraktion bundestag kämpfen dafür wohnraummangel durch neubau statt enteignungen zu lösen außerdem setzen für uns diese woche im bundestag unter anderem für den schutz liberaler demokratien in europa und das recht auf selbstbestimmtes sterben für schwerkranke ein tl,0
Lindner_Tweet_1,1,Tweet,neben goettingereu im selben stadion aber wir jubeln bei unterschiedlichen situationen  cl bvbvfb bvb vfb,1
Lindner_Tweet_175,0,Tweet,ich bin überzeugter organspender die widerspruchslösung von jensspahn ist aber ein einschnitt in freie selbstbestimmung der menschen und läuft darauf hinaus dass schweigen zustimmung ist besser wäre mehr information und aktives nachfragen beim behördengang cl organspende,0
Lindner_Tweet_261,-1,Tweet,an alle franzosen wir weinen mit euch a tous les franais nous pleurons avec vous cl notredame paris,-1
Lindner_Tweet_371,-1,Tweet,die sperrrung des twitteraccounts von sawsanchebli war maßlos amp falsch interessant aber die entrüsteten kommentaren eben jener die sich vorher dafür eingesetzt haben dass konzerne wie twitter und facebook darüber bestimmen was online bleibt und was nicht cl netzdg,-1
Lindner_Tweet_509,1,Tweet,klein gedacht lieber ulfposh als glücklicher aktionär von beyondmeat freue ich mich über den erfolg als liberaler politiker bin ich aber weiter für wahlfreiheit der konsumenten fleischkonsum kann klimaneutral werden  durch technischenatürliche kompensation de co cl,1
Maas_Facebook_12,1,Facebook-Post,europa schenkt uns eine zusätzliche gemeinsame identität ich bin deutscher und europäer das saarland ist meine heimat  in europa fühle ich mich zu hause lasst uns dieses zuhause gemeinsam teilen und stärken  jetzt erst recht danke ali can für we,1
Maas_Facebook_15,-1,Facebook-Post,homosexualität ist in teilen der welt noch ein todesurteil um die rechte von lgbtiqpersonen zu stärken fördert deutschland daher weltweit entsprechende projekte doch auch hier erleben sie hass im alltag es liegt an uns allen für eine offene gesellschaft einzustehen idahobit,0
Maas_Facebook_16,-1,Facebook-Post,wer anderen die würde abspricht weil sie anders aussehen anders sprechen oder anderswo geboren sind der ist ein feind unserer verfassung das grundgesetz stellt auch eine zentrale aufgabe von uns schon in der präambel klar dem frieden in der welt zu dienen auch der weg dorthin ist klar in einem vereinten europa die mütter und väter des grundgesetzes wussten nationale alleingänge führen ins verderben,-1
Maas_Facebook_23,-1,Facebook-Post,carl von ossietzky starb heute vor  jahren er kämpfte für den frieden als deutschland längst wieder für den kampf rüstete der frieden  das war ihm klar  liegt nur in einem einigen europa das müssen wir uns auch heute immer wieder bewusst machen europaistdieantwort,0
Maas_Facebook_28,1,Facebook-Post,das kz dachau wurde vor  jahren befreit wenn anfeindungen und gewalt gegen jüdinnen und juden bei uns wieder zunehmen dürfen wir nicht tatenlos wegsehen wir müssen wachsam bleiben und handeln stehen wir auf gegen faschismus rassismus und antisemitismus immer und überall,0
Maas_Facebook_49,0,Facebook-Post,der nationalsozialismus und der holocaust waren auch deshalb möglich weil viel zu viele menschen weggeschaut haben und das dürfen wir nie wieder tun wir dürfen nicht schweigen wenn uns rassismus antisemitismus und extremismus im alltag begegnen  egal ob im bus auf dem fußballplatz oder auf der straße all das hat etwas mit verantwortung zu tun auch international wenn wir uns dem neuen nationalismus nicht entschieden entgegenstellen müssen wir uns die frage stellen wie viel verantwortung wir selber dafür tragen,-1
Maas_Facebook_54,1,Facebook-Post,ich bin gestern abend nach afghanistan gereist um ein klares zeichen zu setzen deutschland steht zu seiner verantwortung die wir als zweitgrößter geber und truppensteller hier übernommen haben das ist gerade jetzt ein wichtiges und notwendiges zeichen denn die richtungsweisenden präsidentschaftswahlen in afghanistan sind für juli angesetzt und in die bemühungen um einen friedensprozess mit den taliban ist bewegung gekommen auch dank der initiative der usa unser ziel ist es den menschen vor ort zu versichern dass wir uns auch weiterhin für eine friedliche konfliktlösung und die wirtschaftliche entwicklung der region einsetzen für uns ist aber auch klar ein friedensprozess muss den menschen in afghanistan tatsächlich den weg in eine sichere zukunft eröffnen er darf keine rückkehr in eine schmerzhafte vergangenheit bedeuten was afghanistan an verbesserungen im bereich der menschenrechte und der rechtsstaatlichkeit aber auch für die lebensbedingungen vieler vor allem junger frauen in den letzten jahren erreicht hat gilt es zu bewahren dafür werden wir uns stark machen denn das ist auch voraussetzung für unsere künftige zusammenarbeit,0
Maas_Tweet_115,-1,Tweet,mit bestürzung sehen wir die berichte über das flugzeugunglück in moskau unsere gedanken sind bei den zahlreichen opfern und verletzten unser tief empfundenes beileid gilt allen russinnen und russen die bei diesem unglück einen geliebten menschen verloren haben,-1
Maas_Tweet_131,0,Tweet,  der jungen deutschen wissen laut einer cnnstudie kaum etwas über den millionenfachen massenmord an den europäischen juden mir bereitet das große sorge das verständnis der eigenen geschichte ist mehr als nur wissen um die vergangenheit europeagainstantisemitism ,-1
Maas_Tweet_132,-1,Tweet,darum freue ich mich dass heute im auswärtigen amt das europäische netzwerk combatting antisemitism through education gestartet ist den kampf gegen antisemitismus werden wir auch zu einem schwerpunkt unserer euratspräsidentschaft im kommenden jahr machen ,1
Maas_Tweet_147,1,Tweet,manch einer in der union mag es sozialklimbim nennen wir finden die grundrente ist ausdruck des respekts und der anerkennung für alle die  jahre hart gearbeitet haben  mio menschen davon  frauen haben ein recht darauf das konzept ist solide und gerecht finanziert,1
Maas_Tweet_170,0,Tweet,lateinamerika ist die grüne lunge der welt die region ist unersetzlich im kampf gegen den klimawandel und zugleich besonders von ihm betroffen mit der dominikanischen republik haben wir daher das thema klima und sicherheit auf die tagesordnung des unsicherheitsrats gesetzt,0
Maas_Tweet_6,0,Tweet,was afghanistan an verbesserungen bei menschenrechten und der rechtsstaatlichkeit aber auch für viele vor allem junge frauen in den letzten jahren erreicht hat gilt es zu bewahren dafür machen wir uns stark denn das ist auch voraussetzung für unsere künftige zusammenarbeit,1
Maas_Tweet_69,0,Tweet, leute starben im nordirlandkonflikt die grenzposten waren eins der hauptangriffsziele erst mit dem karfreitagsabkommen heute vor  jahren kam der frieden beim brexit müssen wir alles tun dass kein neues gewaltrisiko entsteht und gemeinsam eine harte grenze verhindern,-1
Maas_Tweet_71,1,Tweet,gemeinsam mit den un haben wir starthilfe für die peace support facility for yemen geleistet um vertrauensbildende maßnahmen zwischen den konfliktparteien zu befördern dem dient nun auch das deutsche engagement bei unmha strongerunited,0
Maas_Tweet_9,-1,Tweet,mit dem brexitvote in uk rücken wir einem nodealbrexit immer näher wer das abkommen ablehnt spielt auf fahrlässige weise mit dem wohl der bürgerinnen und der wirtschaft klar hoffen wir auch die kommenden  tage noch dass wir den ungeregelten brexit vermeiden können,-1
Maas_Tweet_91,0,Tweet, ins zentrum gehören die opfer sexualisierter gewalt die resolution ruft alle vnmitgliedstaaten dazu auf sie zu unterstützen ,0
NZZ_Facebook_15,1,Zeitungsartikel Offline,hintergrund und meinungen sonntag senior von beruf maximilian reimann ältester nationalrat der schweiz denkt nicht ans aufhören und umgeht die altersguillotine der svp er kampft gegen diskriminierung  meistens von anja burri er hätte gute gründe sich zufrieden zurückzulehnen in seinen bald  lebensjahren ist maximilian reimann jurist geworden delegierter des internationalen komitees vom roten kreuz fernsehmoderator finanzdirektor eines exportunternehmens nationalund ständerat verwaltungsrat ehemann und vater von zwei töchtern doch nun beschleicht hn ein gefühl das er bisher nicht kannte er fühlt sich diskriminiert  aufgrund seines alters seine partei die svp aargau hat für nationalräte ab  jahren eine altersguillotine eingeführt wer seinen platz nicht freiwillig raumt muss am parteitag mit mindestens zwei dritteln der stimmen nominiert werden diesem verfahren wollte sich nationalrat reimann der seit gut  jahren im parlament sitzt nicht stellen und zog sich zurück geschlagen gibt er sich aber nicht lieber orientiert er sich an ausländischen politgrössen der präsident des deutschen bundestages wolfgang schäuble sei gleich alt wie er die usdemokratin nancy pelosi sei zwei jahre älter und sprecherin des repräsentantenhauses schreibt er in einer email reimann tritt auch diesen herbst als nationalratskandidat an nicht mehr für die svp sondern für eine überparteiliche seniorenliste sechs kandidatinnen und kandidaten gehören bisher zum team  wenn es die parteien mit den altersguillotinen allzu sehr auf die spitze treiben müssen sie sich nicht wundern wenn als gegenreaktion unabhängige seniorenlisten lanciert werden sagt er denn auch senioren müssten angemessen im nationalrat vertreten sein von einem zerwürfnis mit der svp könne nicht die rede sein er bleibe parteimitglied betont er die beziehung zur volkspartei scheint dennoch leicht angespannt diese woche ermahnte svpdoyen christoph blocher den widerspenstigen senior in seiner onlinesendung teleblocher natürlich schade die seniorenliste der partei reimann der seit seiner geburt im aargauer fricktal lebt stammt aus einer politischen familie sein vater war gemeinderat in frick für die bauern gewerbe und bürgerpartei bgb die vorgängerin der svp er selber schloss zuerst sein jusstudium ab bevor er der cvp beitrat ein paar jahre später wechselte er zur svp als sportmoderator des schweizer fernsehens war er bereits national bekannt als er  für die svp in den nationalrat gewahlt wurde dass politik für senioren in zeiten der überalterung gefragt ist realisierte reimann vor knapp zehn jahren er ärgerte sich über die regel wonach in der schweiz autofahrer ab  jahren einen medizinischen checkup machen müssen und überzeugte das parlament davon die altersgrenze auf  jahre zu erhöhen es ist sein grösster politischer erfolg der letzten jahre für solche ziele werde er sich weiter einsetzen wirbt er in den sozialen netzwerken und postet dazu eine foto die ihn auf einem traktor zeigt er trägt den freizeitlook der senioren ein kurzarmhemd den pullover über den schultern turnschuhe mit klettverschluss und er hält das neue zürcher zeitung ch  steuer fest in beiden händen als ob er damit sagen wollte so schnell lässt reimann nicht los die sicherung der ahv ist ihm ein wichtiges anliegen und er ist mitglied des komitees für die volksinitiative schutz vor altersdiskriminierung diese will erreichen dass gegen benachteiligungen aufgrund des alters etwa am arbeitsplatz geklagt werden kann  als vorbild dient das gleichstellungsgesetz als dieses in den neunziger jahren eingeführt wurde sass reimann im nationalrat er spielte mit drei anderen bürgerlichen eine zentrale rolle in den beratungen sie versuchten mit zahlreichen anträgen das gesetz abzuschwächen antifeministen sperren sich gegen die gleichstellung der frauen titelte die sonntagszeitung heute sagt reimann selbstverständlich könne er die frauen verstehen die sich für gleichstellung einsetzten doch diese kreise hörten es nicht gerne dass da auch die gleichstellung beim rentenalter dazugehöre also ahv ab  fur alle er hat dies im parlament thematisiert weil die frauen mit  jahren das ahvalter erreichen profitieren sie ein jahr früher vom seniorentarif beim sbb generalabonnement ein verstoss gegen die gleichberechtigung von mann und frau wollte reimann vom bundesrat wissen er ist davon zum glück nicht betroffen als nationalrat hat er anrecht auf ein sbb generalabonnement für die klasse,-1
NZZ_Facebook_2,0,Zeitungsartikel Offline,international international afd bestreitet vorwurf russischer einflussnahme dpa  nach berichten über russischen einfluss auf seine arbeit hat der afdbundestagsabgeordnete markus frohnmaier die vorwürfe zurückgewiesen verrückt kann ich mir nicht vorstellen dass so was geschrieben worden ist ich bin hier angetreten um deutsche interessen zu vertreten das mache ich auch jeder der meine anträge initiativen sieht der kann das auch nachverfolgen sagte er gegenüber dem zdf er reagierte damit auf berichte mehrerer medien dass russische kräfte hn absolut unter kontrolle haben könnten in einem am samstag veröffentlichten facebookeintrag schrieb frohnmaier von einer enthemmten hetzkampagne gegen die afd und auch mich vor der europawahl im mai,-1
NZZ_Twitter_Offline_22,1,Zeitungsartikel Offline,schweiz larssa rhyn international die stille schafferin markiert präsenz in den ersten  tagen als verteidigungsministerin hat viola amherd gezeigt dass sie auch unorthodoxe entscheidungen nicht scheut kaum im amt muss viola amherd bereits einen neuen armeechef suchen es ist nicht ihr einziges grossprojekt  doch die erste frau an der spitze des vbs hat bereits klargemacht dass man sie nicht unterschätzen sollte larssa rhyn stille schafferin das war der lieblingsausdruck der medien vor viola amherds wahl zur bundesrätin und er passt noch immer auf die frage ob amherd nach den ersten  tagen im amt einen medienanlass organisiere liess ihr departement verlauten amherd kommuniziere dann wenn es nötig sei nötig wurde es dann schneller als ihr lieb gewesen sein dürfte vergangene woche musste sie bekanntgeben dass der chef der armee philippe rebord und ausbildungschef daniel baumgartner ihre posten verlassen die chefin des verteidigungsdepartements vbs wirkte beim auftritt vor den medien ernst ruhig und bedacht nur den fragen nach dem versetzungsgesuch von baumgartner wich sie aus aber sie kann auch anders bei vielen anderen öffentlichen auftritten und auf twitter  wo sie noch immer selbst in die tasten greift  gibt sich die walliserin gelassen gut gelaunt und volksnah im vergleich zu anderen bundesräten wirkt sie unverkrampft so twittert sie auch mal ein verschwommenes selfie aus dem zug oder sie freut sich mit unzähligen smileys über die erfolge des schweizer skiteams  und erinnert damit daran dass sie nicht nur für verteidigung und bevölkerungsschutz sondern auch für sport zuständig ist der sport steht jedoch m hintergrund weil amherd grosse armeeprojekte in die wege leiten muss einerseits hat sie die weiterentwicklung der armee voranzutreiben andererseits stehen mehrere beschaffungsprojekte an insbesondere der kauf von kampfjets und bodengestützter luftverteidigung bodluv demnächst mussen auch panzer und artillerie ersetzt werden ausserdem will amherd im cyberbereich einen gang zulegen aus sicht von sicherheitspolitikern hat sich amherd schnell mit den neuen themen vertraut gemacht ständerat hans wicki der im letzten herbst ebenfalls ins rennen um einen bundesratssitz gestiegen ist sagt sie hat sich schnell in die wichtigsten dossiers eingearbeitet und gezeigt dass sie bereit ist entscheidungen zu treffen eine dieser entscheidungen war es armeeangehörigen zu untersagen sich von rüstungsfirmen einladen zu lassen damit will amherd unter anderem verhindern dass entscheidungsträger vor dem kauf von kampfjets beeinflusst werden dies ist teil ihrer bemühungen im vbs mehr transparenz zu schaffen neue zürcher zeitung ch  amherd ist die erste frau an der spitze des vbs und es war ein köstliches bild das rts kürzlich zeigte ein mann steht auf einer leiter und wechselt die goldene inschrift über viola amherds büro aus chefin des eidg departements für verteidigung bevölkerungsschutz und sport steht da nun statt wie seit je chef auf die aktion angesprochen sagte amherd mit leicht triumphierender stimme das hat mich sehr gefreut dieser schritt sei wichtig um den frauen zu zeigen was sie erreichen könnten frauen in der wirtschaft in der politik  und vor allem frauen in der armee diesem thema misst viola amherd grosse bedeutung zu sie will dafür sorgen dass der militärdienst für frauen attraktiver wird das wichtigste zeichen kann sie selber setzen indem sie sich im männerdepartement vbs durchsetzt dass sie eine frau sei helfe ihr in ihrer neuen position meinen viele überzeugt doch die armee ist hierarchisch und in alten strukturen verfestigt so mancher dürfte die erste frau an der spitze der armee zu beginn belächelt haben aber amherd hat schnell klargemacht dass man sie nicht unterschätzen sollte als erster bekam das ihr vorgänger zu spüren guy parmelin überliess amherd bei der departementsübergabe das politisch heikle beschaffungsprojekt für kampfjets und bodluv air und nahm an sie treibe es umgehend weiter voran er durfte sich die augen gerieben haben als amherd kurz nach amtsantritt ankundigte sie wolle eine zweitmeinung zum bericht luftverteidigung der zukunft einholen diesen hatte parmelin als grundlage für air verwendet und dann beauftragte amherd erst noch claude nicollier als externen experten der erste schweizer astronaut geniesst in der schweiz zwar hohes ansehen und ist ehemaliger mlilitärpilot doch kritiker monieren er sei zu wenig nah an der materie was immer man von dieser unorthodoxen entscheidung halten mag amherd hat damit präsenz markiert sie hat gezeigt dass sie nicht davor zurückschreckt ihre fachleute vor den kopf zu stossen diese einschätzung teilen selbst diejenigen sicherheitspolitiker die ihren plan skeptisch beäugt haben air wird für amherd eine wichtige prüfung das geschäft ist politisch heikel ihr vorgänger erntete für seinen vorschlag kampfjets und bodluv zusammen in einem referendumsfähigen planungsbeschluss zu präsentieren wenig beifall eher mehrheitsfähig scheint eine lösung bei der das stimmvolk nur über das budget für die kampfjets abstimmen kann daher wird vermutet dass sich amherd dafur entscheiden wird auch sonst fallen unterschiede zum vorgänger auf während parmelin sich auf wenige personen aus der svp verlassen hat blickt amherd auch über die parteigrenzen hinweg und verschafft sich damit respekt sp nationalrätin priska seiler graf sagt viola amherd spricht nicht nur pro forma mit politikern verschiedener parteien wie das manche ihrer vorgänger getan haben sondern sie hört genau zu und wägt die argumente ab svpnationalrätin barbara kellerinhelder sieht das ähnlich amherd sei weder schulmeisterlich noch belehrend sondern pflege einen offenen und konstruktiven austausch nachdem das departement jahrelang fest in svphand war wird von der mittepolitikerin aber auch erwartet dass sie leichter mehrheiten findet als pragmatisch und lösungsorientiert beschreiben frühere parlamentarierkollegen amherd und finden generell fast nur lobende worte für sie während der austausch mit politikern bereits gut funktioniert gibt es offenbar noch nachholbedarf bei der zusammenarbeit mit der armee wie eine person aus amherds näherem umfeld durchblicken lässt andere finden sie könnte noch etwas mehr aus sich herausgehen und offensiver kommunizieren die erwartungen an die neue verteidigungsministerin sind hoch und die ausgangslage ist nicht einfach weder im kampfjetdossier noch bei der besetzung der frei gewordenen kaderpositionen mit spannung wird erwartet wer die nachfolge von armeechef rebord antritt seitdem amherd den astronauten nicollier angeheuert hat weiss man dass sie für überraschungen gut ist,1
NZZ_Twitter_Offline_8,1,Zeitungsartikel Offline,schweiz michael von ledebur lena schenkel haluka maierborst schweiz das zurcher parlament wird weiblicher als je zuvor die wahlberechtigten bevorzugten frauen gegenüber männern auf den wahllisten  bei den bürgerlichen wie bei den linken michael von ledebur lena schenkel haluka maierborst die abwahl von hansjakob boesch aus dem kantonsrat passt zum missglückten wahlsonntag aus freisinniger sicht weil die fdp in den wahlkreisen  und  einen sitz einbüsst verpasst boesch die wiederwahl der parteipräsident bleibt mit einer differenz von  stimmen hinter einer jungen frau zurück die erstmals für den kantonsrat kandidiert hat und über wenig politische erfahrung verfügt angie romero mit der boesch teilweise gemeinsam wahlkampf gemacht hatte dass sie auf seine kosten ins parlament einzieht trübt ihre freude über den ersten grossen politischen erfolg sie sagt einerseits freue ich mich andererseits nicht romero steht für einen trend noch nie waren so viele frauen im kantonsrat wie in der kommenden legislatur  frauen haben den einzug ins parlament geschafft heute sind dort  von  parlamentariern weiblich bereits im vorfeld war die hohe zahl weiblicher kandidaturen aufgefallen diesmal wird es auch tatsächlich zu einem hohen frauenanteil im kantonsrat führen der anteil frauen bei den kandidierenden lag bei  prozent im kantonsrat sind es bald  prozent  nur noch ein minimer unterschied romero hat sich stark für ihre wahl eingesetzt davon zeugt ihre twittertimeline selfie von der fdpdemo selfie von der flyeraktion kurzvideos vor allem zu bildungsthemen sie ist mutter zweier kinder im kindergartenalter und sitzt in der lokalen schulbehörde beruflich arbeitet die juristin am bezirksgericht zürich als geschäftsleitungsmitglied als ersatzrichterin lag ein parteieintritt nahe und für romero war es klar dass es die fdp sein muss als frau sei sie in der partei mit offenen armen empfangen worden und habe einen guten listenplatz erhalten davon dass sie als frau bei den wahlberechtigten einen vorteil haben könnte habe sie im wahlkampf nichts gespürt womöglich haben auch lokale gegebenheiten eine rolle gespielt denn es trat eine altstetterin gegen einen wiediker an altstetten stellt deutlich mehr wahlberechtigte und romero ist als mitglied des lokalen quartiervereins und über den vorstand des alters und pflegezentrums herrenbergli stark vernetzt man mag einwenden dass der gestiegene frauenanteil eine folge des linksrutsches im kanton zürich sei die wahlsiegerinnen die grünen und die glp waren mit zebralisten  abwechslungsweise einer frau und einem mann  angetreten oder setzten gezielt frauen auf potenzielle nachrutschplätze ihrer listen doch die zahlen zeigen etwas anderes sowohl linke als auch bürgerliche wählerinnen und wähler strichen männliche bewerber durch oder notierten frauen doppelt und liessen sie auf der jeweiligen liste nach vorne wandern neue zürcher zeitung ch  vier plätze gut machte etwa nina fehr düsel svp im bezirk meilen sie überholte alle männlichen parteikollegen und wurde mit  stimmen komfortabel wiedergewählt die neuküsnachterin war zuvor als aus der stadt zürich zugezogene hinter die bisherigen auf die liste gesetzt worden trotz dieser für sie schwierigen ausgangslage und obwohl die partei im bezirk einen sitz verlor schaffte fehr düsel die wahl problemlos ausgerechnet in der svp die mit einem viertel den geringsten frauenanteil auf ihren wahllisten auswies findet sich auch das extremste beispiel einer weiblichen senkrechtstarterin daniela rinderknecht figurierte im wahlkreis bülach auf dem aussichtslosen listenplatz  und wurde am ende als vierte ins parlament gewählt eindrucksvoll war auch die performance die sara akanj sp hinlegte akanj captain und gründerin der frauenmannschaft des fc winterthur und schwester von nationalmannschaftsverteidiger manuel akanj holte  stimmen und überflügelte bei ihrer ersten kandidatur für ein politisches amt sämtliche mitbewerber akanj wurde bekannt weil sie sich in winterthur mit erfolg für ein spitzenteam im frauenfussball eingesetzt hat darauf fuhrt sie ihren wahlerfolg zurück in der parteipolitik sei sie ein neuling m politisieren aber nicht sagt sie akanj interpretiert den wahlerfolg vieler frauen als ausdruck des zeitgeists es war nicht nur eine grüne wahl sondern auch eine der frauen und der jungen sie sagt sie selbst habe sich aufstellen lassen weil ihr ein besseres abbild der gesellschaft im kantonsrat wichtig sei diesbezüglich habe der wahltag einen wichtigen fortschritt gebracht besonders augenfällig ist der gestiegene frauenanteil in der grünliberalen fraktion auf ihren neu  sitzen werden  frauen platz nehmen von den  neu gewählten sind  weiblich auf die frage ob dies auch die politik im kantonsrat verändern werde meint glpcoparteipräsidentin corina gredig dass ihre partei ein besonderes augenmerk auf gleichstellungsproblematiken und die vereinbarkeit von familie und beruf haben werde überparteilich liessen sich hier womöglich neue mehrheiten finden für lösungen welche die chancengleichheit im erwerbsleben stärkten wie etwa die individualbesteuerung oder betreuungsgutscheine für die kleinkinderbetreuung,1
Rendi-Wagner_Facebook_1,0,Facebook-Post,heute ist weltnichtraucherinnentag die jugend hat ein recht auf eine gesunde zukunft und wir haben die pflicht dafür zu sorgen dass sie zu ihrem recht kommen,0
Rendi-Wagner_Facebook_100,0,Facebook-Post,alle menschen sollen die gleichen chancen haben gerade die mindestsicherung sollte ein sprungbrett in die arbeitswelt sein die regierung macht sie zu einem sprungbrett in die armut das raubt den kindern die zukunft und spaltet die gesellschaft einem solchen sozialabbaugesetz wird die sozialdemokratie niemals zustimmen  natürlich auch heute nicht im nationalrat kein kind kann von   euro am tag leben die regierung produziert und fördert hier sehenden auges kinderarmut,-1
Rendi-Wagner_Facebook_131,0,Facebook-Post,live vom spwahlauftakt zur europawahl  unter dem motto mensch statt konzern gemeinsam mit pamela rendiwagner andreas schieder michael ludwig und frans timmermans,0
Rendi-Wagner_Facebook_132,1,Facebook-Post,wir müssen den rechtspopulisten stoppschilder entgegen halten wir brauchen ein starkes solidarisches europa ein europa das sicherheit bietet das gemeinsame projekt europa muss eine starke sozialdemokratische handschrift tragen damit wir es zusammenhalten können das habe ich heute bei der podiumsdiskussion was europa jetzt braucht in der ankerexpedithalle betont vielen dank an meine mitdiskutanten  frans timmermanns der spitzenkandidat der europäischen sozialdemokraten franz vranitzky brigitte ederer ferdinand lacina und andreas schieder das war ein schöner und interessanter abend,1
Rendi-Wagner_Facebook_142,1,Facebook-Post,heute bin ich wieder auf bundesländertour  diesmal im sonnigen oberösterreich die erste station ist das tageszentrum lichtblick der volkshilfe oberösterreich in steyr das auf menschen mit demenz spezialisiert ist hier konnte ich mich mit nationalrat markus vogl und stadtrat michael schodermayr davon überzeugen wie wichtig auch andere flexiblere betreuungsformen  abseits von stationär oder daheim  sein können aus den erfahrungen von steyr können wir viel mitnehmen denn der erfolg des tageszentrums lichtblick hat positive auswirkungen für die betroffenen eine entlastung für die pflegenden angehörigen mit beratung und unterstützung einen positiven einfluss auf den krankheitsverlauf und eine entlastung im stationären bereich,1
Rendi-Wagner_Facebook_150,-1,Facebook-Post,die probleme die von rechtsextremen netzwerken wie den identitären ausgehen stellen eine reale gefahr dar das muss transparent und unabhängig aufgeklärt werden kickl hat durch die nähe seiner eigenen fraktion zu rechtsextremen netzwerken eine fragwürdige glaubwürdigkeit  unterschreibe hier die petition stopp kickl  httpsstoppkicklspoeat,-1
Rendi-Wagner_Facebook_163,0,Facebook-Post,es ist die sache des staates die pflege zu finanzieren das geld dafür ist da  verwenden wir es für die menschen statt für die senkung der unternehmenssteuern,0
Rendi-Wagner_Facebook_174,1,Facebook-Post,ich gratuliere zu diesem sensationellen ergebnis in kärnten hat die fsg mit ihrem spitzenkandidaten günther goach das beste ergebnis erreicht das es je bei einer akwahl gegeben hat,1
Rendi-Wagner_Facebook_42,1,Facebook-Post,für uns als sozialdemokratie ist völlig klar es braucht eine lückenlose aufklärung eines der möglicherweise größten korruptionsskandale der zweiten republik das erwarte ich mir von einem bundeskanzler sebastian kurz hatte seine chance für sein türkisblaues experiment und er hat diese chance verspielt er trägt die volle verantwortung für das scheitern dieser regierung verantwortung steht für mich immer an oberster stelle kurz muss hier echte konsequenzen ziehen ich werde persönlich an der spitze der sp alles dafür tun um die menschen davon zu überzeugen dass es eine andere politik braucht,-1
Rendi-Wagner_Facebook_6,1,Facebook-Post,ich wurde heute vom parteivorstand einstimmig zur spitzenkandidatin für die nationalratswahlen nominiert ich freu mich auf die kommenden monate zeigen wir dass wir für ein anderes sterreich stehen nämlich für ein sterreich des zusammenhalts des miteinanders und des sozialen ausgleichs für all jene werte die sterreich über jahrzehnte stark und erfolgreich gemacht haben aber in den letzten  monaten der schwarzblauen regierung vernachlässigt wurden gemeinsam für ein anderes sterreich,1
Rendi-Wagner_Facebook_66,-1,Facebook-Post,doris bures hat heute mit dem wiener burgtheater zur vorstellung alles kann passieren in den plenarsaal des sterreichisches parlament eingeladen eingeblendet waren die mahnenden worte des schriftstellers erich kästner man darf nicht warten bis aus dem schneeball eine lawine geworden ist man muss den rollenden schneeball zertreten die lawine hält keiner mehr auf sie ruht erst wenn sie alles unter sich begraben hat wir erleben wie ständig die grenzen des politischen und menschlichen anstandes überschritten und neu gesetzt werden das gefährliche daran die gewöhnung aber wir dürfen uns nicht daran gewöhnen wenn sich die bevölkerung an jede verrohung jede missgunst und jeden hass gewöhnt ist unser zusammenleben in gefahr herzliche gratulation allen beteiligten heute zu dieser beeindruckenden und mahnenden produktion fotos parlamentsdirektionzinner,-1
Rendi-Wagner_Facebook_72,-1,Facebook-Post,der  mai ist europatag denn am  mai  wurde auf den trümmern des zweiten weltkrieges der grundstein für ein friedliches und demokratisches europa gelegt heute  jahre später sind viele errungenschaften der europäischen union wie meinungs und pressefreiheit rechtsstaatlichkeit und frauenrechte durch die nationalistische politik der spaltung wieder in gefahr  doch diesen rechten kräften wird sich die sozialdemokratie entschlossen entgegenstellen wir kämpfen für ein europa der menschen denn europa wird nur dann eine zukunft haben wenn es freiheit sicherheit und soziale gerechtigkeit garantiert wir stehen vor einer wahren richtungsentscheidung zwischen einer politik der hetze und einer politik der hoffnung gemeinsam werden wir europa wieder eine zukunft geben,0
Rendi-Wagner_Tweet_103,1,Tweet,im interview mit der tageszeitung welt habe ich klargemacht die beteuerungen von manfredweber seinem wichtigsten unterstützer sebastian kurz und der europäischen konservativen nicht mit rechten zusammenzuarbeiten sind völlig unglaubwürdig euwahl,-1
Rendi-Wagner_Tweet_27,1,Tweet,herzliche gratulation an renate anderl und ihr team auch in wien hat die fsg auf  prozent zugelegt und liegt deutlich auf platz  tolle arbeit und super ergebnis prw akwahl wien,1
Rendi-Wagner_Tweet_60,-1,Tweet,viele expertinnen warnen davor dass die arbeitslosigkeit in den kritischen bereichen wieder steigen könnte die bundesregierung droht das zu verschlafen wir haben ein paket für die stärkung wirtschaft und beschäftigung zusammengestellt das  arbeitsplätze bringt,0
Rendi-Wagner_Tweet_61,-1,Tweet,das sind unsere vorschläge für  arbeitsplätze vorziehen der steuerreform um kleine und mittlere einkommen zu entlasten anreize für unternehmen die in arbeitsplätze investieren investitionen in die öffentliche infrastruktur und die rückkehr der aktion ,0
Rendi-Wagner_Tweet_72,-1,Tweet,es ist mehr als bedenklich wie schwarzblau mit  österreicherinnen umgeht die sich für die anliegen des frauenvb eingesetzt haben in uns habt ihr immer eine partnerin für gleichberechtigung chancengerechtigkeit und selbstbestimmung an eurer seite oenr fvbnr,0
Rickli_Facebook_1,0,Facebook-Post,das ist ein aufruf zu gewalt an frauen und muss strafrechtlich verfolgt werden und falls es stimmt dass da minutenlang nichts unternommen wurde müssen die verantwortlichen über die bücher,-1
Rickli_Facebook_33,0,Facebook-Post,ein schöner abend beim eigerclub winterthur,1
Rickli_Tweet_47,-1,Tweet,die intoleranten werden ja immer schlimmer,-1
STD_Facebook_Offline_19,1,Zeitungsartikel Offline,thema colette m schmidt bundesland abend bundesland zusammen auf demos beim wirt und im büro die vernetzungen zwischen der freiheitlichen partei und der identitäaren bewegung sind österreichweit auf vielen ebenen engmaschig bei den identitären mitzutun steht nicht im widerspruch zu unserem parteistatut stellte der grazer vizebürgermeister mario eustacchio  fest eustacchio im november  selbst teilnehmer einer identitäarendemo in spielfeld weiß wovon er spricht um über verbindungen zwischen der fpö und den identitären zu stolpern kann man auch ganz oben beginnen in der bundespartei in der regierung vizekanzler und fpöparteichef heinzchristian strache zog erst vor wenigen wochen eine klage gegen den politikberater rudolf fussi zurück der ihm ein gemütliches beisammensein mit identitären attestiert hatte und das auch mit fotos belegen konnte  der standard berichtete vertreten wurde strache von einem anwalt der auch identitärenchef martin sellner zu seinen klienten zählt innenminister herbert kick fpö bezeichnete bei einer rede auf dem rechtsextremen kongress verteidiger europas  sein auditorium das auch aus identitären bestand als gleichgesinnte berührungsängste hatte man auch auf dem jüngsten akademikerball im jänner nicht unter den ballgästen war neben strache und sozialministerin beate hartingerklein fpo auch wieder sellner gesellig ging es nach dem fotomaterial auch im november  bei einem stammtisch des rings freiheitlicher jugend rfj in wien zu an dem der wiener vizebürgermeister dominik nepp fpo gemeinsam mit führenden identitären teilnahm reiner zufall kommentierte das sein büro auf standard nachfrage doch man braucht sich nicht mit zwanglosen wirtshaustreffen und tanzveranstaltungen aufzuhalten sieht man sich die verschiedenen ebenen an in denen blaue mandatare sitzen also parlament landtag gemeinderäte und bezirksräte findet man in einer immer gröfseren dichte auch identitäre oder freunde dieser unter den parlamentarischen mitarbeitern und mitarbeiterinnen der fpo fanden und finden sich identitäare von manchen musste man sich aus einschlägigen gründen trennen andere blieben in der steiermark findet man  auch abseits von eustacchio  quas auf jeder ebene bezüge zu den identitären der dritte landtagspräsident gerhard kurzmann marschierte  bei einer identitärendemo in graz mit ihm zur seite war luca kerbl der  als fpobezirksobmann des grazer bezirks lend und als identitärer auf das dach der steirischen grünen kletterte wo man ein transparent entrollte und kunstblut verschüttete der standard  besonders gut vernetzt ist der grazer gemeinderat und burschenschafter heinrich sickl der  unter protest angelobt wurde der  n kärnten geborene sickl ist obmann des freiheitlichen akademikerverbandes und war in dieser funktion lange mitherausgeber der rechtsextremen und  eingestellten aula er ist der vermieter der identitären bewegung österreich die ihre zentrale in graz hat auch der rfj burgenland pflegte immer wieder gute kontakte zum rechtsextremen verein und richtete  mit ihm einen vortrag zum thema der große austausch aus die sprache der freunde man trifft sich auf demos in büros am stammtisch und in sozialen medien und die sprache der identitären hat längst in blaue politbüros einzug gehalten die grenzschutzübung der ministerien von innenminister kick| und verteidigungsminister mario kunasek in der südsteiermark fand  unter dem titel pro border einem identitärenslogan statt strache postete  und  auf facebook dass der bevölkerungsaustausch den die identitären als verschwörungstheorie verbreiten bereits vollzogen sei ein begriff der nicht nur ihm gefällt das manifest des mutmaßlichen attentäters von christchurch heißt the great replacement bild dieses bild war gegenstand eines gerichtsverfahrens vizekanzler heinzchristian strache am wirtshaustisch mit identitären  bild foto screenshot facebook  via fpö fails,-1
STD_Facebook_Offline_3,0,Zeitungsartikel Offline,inland katharna mittelstaedt bundesland abend bundesland fpö macht gegen bevölkerungsaustausch mobil strache hält rechten kampfbegriff für begriff der realität nepp wettert gegen mütter die fpö  selbst seit mehr als einem jahr in regierungsverantwortung  kampagnisiert wieder verstärkt gegen veränderungen in der österreichischen gesellschaft er gehe den weg für unser heimatland österreich und den kampf gegen den bevölkerungsaustausch konsequent weiter erklärt vizekanzler heinz christian strache in einem interview mit der kronen zeitung am sonntag das würden die menschen auch von uns erwarten ist der cheffreiheitliche überzeugt bevölkerungsaustausch ist ein vor allem von rechten und rechtsextremen verwendeter begriff auch für die identitären ist der große austausch eines der kernthemen es soll damit der widerstand gegen fremde einflüsse aufs eigene heimatland und gegen andere religionen als das christentum zum ausdruck gebracht werden kurz die ablehnung von ausländern und all jenen die aussehen als seien sie solche rernreise n wien als beleg für einen bevölkerungsaustausch kann somit auch jeder dienen der nicht ins völkische schema passt wie der blaue vizebürgermeister von wien dominik nepp vor ein paar tagen demonstrierte er postete ein foto aus einem wiener park auf dem frauen mit kinderwagen und zwischen den bäumen herumtollende kinder zu sehen sind viele der mütter tragen ein kopftuch kein fernreisebild sondern befremdliche impressionen aus dem türkenschanzpark schrieb nepp dazu auf facebook so schauts in unseren wiener freizeitoasen aus zeigte er sich enttäuscht da bekommt das wort turkenschanzpark plötzlich eine neue bedeutung kommentierte johann gudenus chef des freiheitlichen parlamentsklubs die designierte wiener vizebürgermeisterin birgit hebein grüne fragte sich hingegen wie klein im denken muss jemand sein der es notwendig hat eine gruppe von müttern mit kindern an den hetzpranger zu stellen für strache ist bevölkerungsaustausch ein begriff der realität erklärte er auf hinweis der krone journalistin dass es sich um ein wort aus der rechtsextremen szene handle wir wollen nicht zur minderheit in der eigenen heimat werden um rechtsextremismus handle es sich nach definition des vizekanzlers erst wenn versucht werde politische ziele mit gewalt durchzusetzen ähnliche bedenken wie strache und nepp aufßsert der blaue verkehrsminister norbert hofer im profil wir haben andere sorgen als ausrutscher dass sich österreich durch zuwanderung zu einem land mit muslimischer mehrheit entwickelt sabine schatz spösprecherin für gedenkkultur fragte auf twitter dann bundeskanzler sebastian kurz övp der standard j  wie viel die distanzierung der fpo von den identitären wert sei wenn strache im identitärensprech antwortet spobundesgeschäftsführer thomas drozda erinnerte in einer aussendung an einen auftritt des steirischen fpopolitikers wolfgang zanger bei einer kundgebung der identitären in judenburg im februar   zanger sitzt bis heute im nationalrat kommentar der anderen seite  pro und kontra seite  bild die verpixelung der gesichter hat der standard vorgenommen bild foto facebookfaksimile,-1
STD_Facebook_Offline_31,-1,Zeitungsartikel Offline,inland bundesland niederösterreich seilseil heilheil aufregung um gudenus passwörter  rh kritisiert nebenjobs von uniprofessoren  gesundheitsberufe registration bis  juni kurz gemeldet wien  die im netz aufgetauchten politikerlogins sorgen für aufregung fpöklubobmann johann gudenus verwendete zu einem früheren zeitpunkt das passwort seilseil das bestätigte er der rechercheplattform addendum loginversuche auf facebook mit seiner emailadresse legen jedoch nahe dass auch heilheil vorübergehend in verwendung war das dementiert die fpo auf anfrage des standard die vorwürfe gab es schon  damals sagte die fpo das konto sei gehackt worden br wien  der rechnungshof kritisiert einen zu laxen umgang mit nebenbeschäftigungen von uniprofessoren in einem neuen bericht fordert er konkretere regelungen und regelmäßige erinnerungen an die meldeverpflichtungen samt verweis auf mögliche sanktionen bei nichtoder falschmeldungen ein überraschendes ergebnis obwohl an der uni wien fast doppelt so viele professoren beschäftigt waren gab es dort nur halb so viele meldungen zur nebenbeschäftigung wie in innsbruck  versus   wien  der aufbau des gesundheitsberuferegisters geht in die endphase die frist für anträge endet am  juni  beschäftigten die bis dahin nicht registriert sind drohen der verlust der berufsberechtigung und geldstrafen bis zu  euro die aufnahme ins register  persönlich oder online  beantragen müssen beschäftigte die schon am  juli  in einem gesundheitsberuf gearbeitet haben in den bisher zehn monaten des aufbaus hat die ak österreichweit schon mehr als  anträge erfasst ,-1
STD_Facebook_Offline_40,0,Zeitungsartikel Offline,inland fabian schmid bundesland niederösterreich wien nur kurz auf facebook binnen kurzer zeit haben es sebastian kurz und die övp geschafft zum heimischen vorreiter in der kommunikation über soziale medien zu werden das funktioniert auch deshalb weil sie für kurz einen hohen stellenwert hat online warten überzeugte fans auf ihn in der socialmediawelt von sebastian kurz wird man vom ehemaligen ömoderator peter l eppinger begrüßt willkommen im namen von team kurz sagt er in einem youtubevideo dann zählt eppinger die vielfältigen möglichkeiten auf mit denen man kurz online unterstützen kann man kann beiträge teilen liken und kommentieren und natürlich via whatsapp über aktuelle ereignisse informiert bleiben wer ins online universum des bundeskanzlers eintaucht bekommt tatsächlich das gefühl hautnah dabei zu sein medial mag kurz zwar als schweigekanzler gelten der sich zu kontroversen nur spät oder gar nicht äußert ein informationsdefizit über seinen alltag kann man ihm jedoch nicht vorwerfen  im gegenteil mindestens einmal täglich wird ein schickes foto auf instagram geteilt  follower dazu kommen der whatsappservice mit einigen tausend abonnenten der alle paar tage über neuigkeiten informiert ein twitterkanal  follower und kurz facebookseite die an der marke von  fans kratzt gleichauf mit strache von diesen werten können die meisten anderen politiker nur traumen  mit ausnahme von kurz vizekanzler heinzchristian strache der ebenfalls bei fast  facebookfans liegt setzt man die zahl der virtuellen anhängerschaft in ein verhältnis zur einwohnerzahl des jeweiligen landes liegt kurz klar vor frankreichs präsident emmanuel macron  millionen follower dem labourchef jeremy corbyn  millionen und sogar vor italiens vizepremier matteo salvini  millionen von den oppositionsparteien in österreich ganz zu schweigen  altbundeskanzler christian kern kam gerade einmal auf  facebookfans für den erfolg der kurzschen socialmediastrategie sind vor allem zwei personen verantwortlich kristina rausch und philipp maderthaner sie gehören zum engsten vertrautenkreis des bundeskanzlers  und das seit einem jahrzehnt rausch heute  stiel schon im alter von  jahren zum team des jetzigen bundeskanzlers der damals obmann der jungen ovp war sie folgte ihm zu all seinen stationen ins staatssekretariat ins außßenministerium ins bundeskanzleramt und nun wieder zurück in die partei wo sie die digitale kommunikaton leitet social media sei passiert es gab nie einen offiziellen start dass wir jetzt voll auf soziale medien setzen sagt rausch zum standard vielmehr sei vieles passiert und habe sich langsam entwickelt das könnte auch daran liegen dass rund um kurz ein junges team werkt  und der chef selbst socialmediaaffn ist es ist definitiv ein der standard  augenmerk das sebastian kurz hat bestätigt rausch er nimmt sich auch zeit dafür ein video für facebook aufzunehmen soziale medien hätten für kurz einen stellenwert anders würde es auch nicht funktionieren das muss auch vom chef kommen neben rausch ist es vor allem philipp maderthaner der den onlineauftritt des bundeskanzlers perfektioniert hat nach diversen stationen bei der ovp gründete er  sein campaigning bureau schon  betreute er den vorzugsstimmenwahlkampf des damaligen staatssekretärs sebastian kurz  war er für die gesamte ovpkampagne verantwortlich für maderthaner ist vor allem die einbindung der unterstützer wichtig mit dem cambuildr hat seine firma ein eigenes tool entwickelt um fans zu aktivieren auch rausch sieht in der täglichen arbeit wie wichtig es ist nutzer zur mithilfe aufzufordern wenn wir konkret darum bitten dass menschen unsere beiträge liken oder weiterleiten sehen wir tausende interaktionen sonst vielleicht nur einige hundert erzahlt rausch eine dieser personen die in sozialen medien freiwillig und unbezahlt für die sache von kurz kämpft ist gabriele beierl taucht ein kontroverser tweet rund um kurz oder die ovp auf dauert es meistens nicht lang bis beierl sich zu wort meldet ich komme aus einer hochpolitischen familie mein vater war sekretär bei bundeskanzler julius raab erzählt beierl dem standard sie habe sich selbst auf kommunaler ebene politisch engagiert bis sie aufgrund einer schweren krankheit in pension ging dann fing sie verstärkt an in sozialen medien aktiv zu sein recherchierte etwa über ein illegales pyramidenspiel das  aufflog dann kam der endgültige aufstieg von sebastian kurz und beierl war sofort begeistert und überzeugt von ihm jetzt betreut sie eine facebookfanseite für kurz und ist auf twitter aktiv meistens mache ihr das spaß auch wenn sie es schon fast als arbeit empfinde politischen gegnern schreibt sie nur selten auch der tonfall n sozialen medien macht ihr zu schaffen aber sie sei von kurz überzeugt und wolle deshalb dessen botschaft verbreiten zuerst die fpö dann kurz beierl ist nicht die einzige die man als eine art kampfposterin für kurz bezeichnen kann inzwischen engagieren sich zahlreiche user unentgeltlich für die verbreitung der anliegen der ovp vor dem aufstieg von kurz waren es vor allem die freiheitlichen die auf diese art mobilisieren konnten die partei entdeckte früh die möglichkeiten sozialer medien und baute ein eigenes paralleluniversum auf um ihre botschaft unter die leute zu bringen  etwa über parteinahe blogs die youtubesendung fpotv oder natürlich straches facebookseite bei der ovp sah man derartige aktivitäten lange als unnötig an  auch weil man es leichter hatte n klassischen medien vorzukommen verantwortlich sind für die betreuung von kurz kanälen übrigens nur rausch und ein zweiter mitarbeiter man braucht schon leute die grundlegend von dieser arbeit überzeugt sind sagt rausch sie ist jedenfalls auf die zukunft gespannt ich warte schon darauf was nach facebook und co kommt  oder ob es jetzt immer so weitergeht kurz dominiert facebookkommunikation bei övp antele der parteiobmänner an regierungskommunikation aus jeweiligen parteien sebastian kurz und heinzchristian strache sind bei den facebookauftritten der regierungsmitglieder und  parteien wenig überraschend die zentralen figuren während sch n der fpobundespartei und ihrer regierungsmannschaft auch andere reichweitenstarke seiten als die von strache finden harald vilimsky johann gudenus erzielt sebastian kurz auf seiner seite fast  prozent der interaktionen die die ovpnahen seiten der regierung generieren berücksichtigt wurden die eindeutig zuordenbaren facebookseiten der bundesparteien und bundesparteiobmänner der generalsekretäre der klubobmänner im parlament der minister und der standard  staatssekretäre sowie der ministerien selbst die der parte der jeweiligen minister zugeordnet wurden ausgenommen wurde die seite des bundesheeres deren facebookpostings überwiegend das tagesgeschäft des heeres zum gegenstand haben quelle crowdtangle fotos robert newald picturedesk georges schneider,1
STD_Facebook_Online_27,0,Zeitungsartikel Online, etat  orf romy  starparade mit politischen zwischentönen  april    pluhar kritisiert regierung wolf warnt vor abschaffung der orfgebühren mojto und madani sprechen migrationspolitik an wien  routiniert glanzvoll ist am samstagabend die verleihung der kurier romyfernsehpreise über die bühne gegangen die trophäe wurde bereits zum  mal vergeben und auch zum jubiläum gab es eine starparade mit politischen zwischentönen flüchtlings und orfpolitik wurden heuer in den dankesreden angesprochen deutliche regierungskritik übte schauspielerin erika pluhar sie wurde mit der platinromy für ihr lebenswerk ausgezeichnet und sie konstatierte nirgendwo ging und geht foto apahans punz gegen das angstmachen erika pluhar es menschen so gut wie bei uns trotzdem gelingt es unserer derzeitigen regierung und anderen akteuren mit werten die ständig zitiert und gleichzeitig verraten werden sich einer menschenverachtenden gesinnung wieder zuzuneigen und damit erfolg zu haben weil man den menschen angst macht sie glauben lässt es ginge ihnen immer schlechter der akademiepreis in platin für das lebenswerk ging an den tvproduzenten jan mojto er erinnerte in seiner rede an seine flüchtlingsbiografie mojto war aus der tschechoslowakei emigriert heimatlos mittellos sprachlos sei er damals gewesen ähnliche menschen klopfen heute an die tore europas und wer weiß vielleicht sind da zukünftige romy foto apahans punz preisträger proschat madani vom publikum zur beliebtesten publikumsliebling madani menschen haben an mein serienschauspielerin walking on sunshine gekürt erklärte potenzial geglaubt ein erfolg wie ihrer sei nur möglich weil es mehr leute gegeben hat die an mein potenzial geglaubt haben als jene die vorurteile haben weil ich fremd bin ich würde mir sehr wünschen dass das heute auch so wäre strache als wahlhelfer für pointierte medienpolitische ansagen garantierte die wahl von armin wolf zum publikumsliebling in der kategorie information der zeit im bild moderator sagte fpöobmann und vizekanzler heinzchristian strache habe letztes jahr auf facebook sehr viel werbung für mich gemacht und sei daher sein wahlhelfer beliebteste schauspielerin in der kategorie kinotvfilm wurde marie bäumer die in drei tage in quiberon die namensgeberin des preises romy schneider verkörperte als beliebtester serienschauspieler machte philipp hochmair das rennen in der kategorie show und unterhaltung horst lichter bares für rares die romy in der kategorie film nahm thomas stipsits entgegen in der kategorie sport siegte alina zellhofer erste moderatorin von sport am sonntag zu weiteren am samstagabend verliehenen akademiepreisen zählte die skyproduktion das boot regie andreas prochaska mit dem preis der jury der kurier des kaisers als beste programmidee und der tvmoment des jahres für den ausnahmesportler marcel hirscher beim schladminger nachtslalom sorgte die romypreisträger  platinromy erika pluhar akademieplatinromy jan mojto beliebteste schauspielerin kinotvfilm marie bäumer beliebtester schauspieler kinotvfilm thomas stipsits beliebteste schauspielerin seriereihe proschat madani beliebtester schauspieler seriereihe philipp hochmair information armin wolf showunterhaltung horst lichter sport alina zellhofer tvmoment des jahres nachtslalom schladming  marcel hirscher bester tvfilm unterwerfung clemens schaeffer titus selge bester tvfilm das wunder von wörgl dieter pochlatko jakob pochlato bester produzent tvfiction quirin berg dieter pochlatko jakob pochlatko der pass beste regie tvfiction barbara eder tatort  her mit der marie bestes buch tvfiction oliver kienle bad banks beste tvdoku mount everest  der letzte schritt reinhold messner beste bildgestaltung tvfictionmartin gschlacht m  eine stadt sucht einen mörder bester kinofilm akademie love machine helmut grasser andreas schmied beste produktion kinofilm womit haben wir das verdient thomas hroch beste produktion kinofilm zerschlag mein herz konstantin seitz beste regie kinofilm der junge muss an die frische luft caroline link bestes buch kinofilm  dinge florian david fitz beste bildgestaltung kinofilm der junge muss an die frische luft judith kaufmann beste kinodoku femalepleasure philip delaquis arek gielnik bestes kurzformat digital der lack ist ab beste programmidee kurier des kaisers bester nachwuchs weiblich sophie stockinger grenzland lanimale bester nachwuchs männlich julius weckauf der junge muss an die frische luft preis der akademie stefan meining astrid harms missbrauch in der katholischen kirche  eine frau kämpft um aufklärung preis der jury das boot beste tvserie der pass cyrill boss philipp stennert christine scheil frank jastfelder quirin schmidt jubiläumsromy  jahre cafe puls bianca schwarzjirg johanna setzer florian danner andi seidl beste programmidee kurier des kaisers beste programmidee akademie prism is a dancer philipp käßbohrer jan böhmermann ,0
STD_Facebook_Online_28,1,Zeitungsartikel Online,heinzchristian strache hält die leser der krone für blöd sagt deren chefredakteur interview  harald fidler  mai   klaus herrmann über ibizagate regierungsinserate sebastian kurz und eine anständigere krone  wie geht es einem jener drei vier kronejournalisten die heinzchristian strache vielleicht zack zack zack abservieren wollte wenn die scharfe dame tatsächlich eine russische oligarchennichte gewesen wäre mit der der damalige fpö chef am  august  in einer finca auf ibiza ausgiebig trank und plauderte und pläne für die übernahme der kronen zeitung besprach  wie das heimlich aufgenommene ibiza gatevideo dokumentiert unabhängigkeit regierungsinserate und kampagnen der standard traf am freitag kronechefredakteur klaus herrmann zum interview über das strachevideo es ging um die auf der gedruckten krone seither noch größer foto robert newald geschriebene unabhängigkeit die nun auch kroneat jetzt muss man sicher kurskorrekturen vornehmen hervorhebt um politiker die österreichs weitaus größte bedachter und bewusster und vielleicht auch noch tageszeitung übernehmen wollten  was laut herrmann gar anständiger sein kronechefredakteur klaus nicht so einfach ist um regierungsinserate und die käuflichkeit herrmann über besserungsmöglichkeiten des kleinformats um die kronekampagnen und die beziehung zur fpö haider faymann kurz es ging um die lieblinge des massenblatts von jörg haider über werner faymann bis sebastian kurz  und jäh erkaltende zuneigung es ging um die zweimarkenstrategie der krone  kroneat arbeitete eng mit strache und seiner facebookseite zusammen die gedruckte krone war längst viel begeisterter von sebastian kurz es ging um die kroneappelle gegen den misstrauensantrag gegen kanzler kurz und um brachialkolumnist michael jeanne der in seiner post durchaus nicht immer die meinung der redaktion vertritt  und auch nicht immer jene von kronechefredakteur herrmann herrmann ist seit  oktober  geschäftsführender chefredakteur der kronen zeitung  damals übersiedelten kroneherausgeber und chefredakteur und eigentümervertreter christoph dichand und seine frau heute herausgeberin eva dichand für ein sabbatical von einigen monaten nach new york jetzt muss man kurskorrekturen vornehmen und es ging in dem interview darum dass die kronen zeitung laut ihrem chefredakteur klaus herrmann noch anständiger werden soll jetzt muss man sicher kurskorrekturen vornehmen bedachter und bewusster und vielleicht auch noch anständiger sein selbst der presserat sei thema sagt er im standardinterview die krone sprengte das selbstkontrollorgan der österreichischen presse  und ignoriert ihn seit seiner wiedergründung  was dachte kronechefredakteur herrmann also als er das ibizagatevideo erstmals sah  in einer runde führender kronemacher herausgeber christoph dichand war offenbar darunter verrückt verrückt verrückt hier das  ausführliche  standardinterview mit kronechefredakteur herrmann  standard haben sie mehr aus dem ibizavideo als jene sequenzen die süddeutsche und spiegel bisher veröffentlicht haben die krone schreibt ja zum beispiel in der freitagausgabe von kompromittierenden szenen gegen ende des videos herrmann wir haben viele informationen drumherum es tröpfelt nicht nur es fließen informationen zu uns wir müssen natürlich sehr genau prüfen was dran ist wir oder andere werden das schon ganz aufdecken wir arbeiten jedenfalls daran noch sind wir nicht ganz durch wir haben es noch nicht standard wurde ihnen das video eigentlich vor der veröffentlichung am vorvergangenen freitagabend angeboten nach unseren infos wurde nach damaligem stand ein video schon vor jänner  angeboten mit der beschreibung heinz christian strache und johann gudenus würden sich darin mit russen berauschen herrmann uns wurde das definitiv nicht angeboten auch nach unseren informationen war das video im jänner oder noch früher auf dem markt aber wir waren nicht involviert standard seit wann wissen sie von dem video herrmann spiegel und süddeutsche zeitung haben auch bei uns recherchiert deshalb wussten wir davon seit anfang der vorigen woche da hat man uns aber auch nur gröbsten einblick gegeben wir haben deshalb aber gewusst dass am freitag um  uhr etwas veröffentlicht wird bei dem es um die fpö geht  und um die kronen zeitung gehen könnte standard und dann haben sie sich das video mit herausgeber christoph dichand und einer handvoll kollegen in ihrem büro angesehen was denkt man da als kronemacher herrmann wahnsinn ist unter diesen fünf sechs leuten in den ersten minuten sicher zehn zwanzigmal gefallen mir war in der ersten halben minute klar und wahrscheinlich auch allen anderen das muss das ende des heinzchristian strache sein standard das haben wahrscheinlich mehr leute bei diesem video gedacht aber in dem video geht es ja um sie und ihren job und ihr medium herrmann verrückt verrückt verrückt wir konnten uns nicht vorstellen dass man so denken kann dass man solche ideen haben kann so absurde so wahnsinnige ideen die uns in unserer existenz bedrohen oder sogar vernichten würden  zack zack zack um strache zu zitieren standard wären sie einer von den drei vier krone journalisten gewesen die strache sofort abservieren wollte herrmann diese ehre nehme ich für mich schon in anspruch standard eine zweifelhafte ehre oder herrmann das würde ich dann schon als ehre sehen das ganze ist so absurd die krone und ihre redaktion einfach zu übernehmen das ginge eben nicht zack zack zack indem man drei vier köpfe austauscht dann wäre die kronen zeitung gestanden davon kann man mit sicherheit ausgehen standard das heißt die kronen zeitung hätte sich gewehrt herrmann die kronen zeitung hätte sich mit aller kraft gewehrt es ist gänzlich undenkbar dass man da bei uns mitgespielt hätte standard sie als journalist haben mit heinzchristian strache vermutlich schon das eine oder andere mal zu tun gehabt haben sie nicht vielleicht schon früher vermutet der denkt so oder so ähnlich über mich herrmann nein ich konnte mir nicht vorstellen dass jemand solche gedanken hegt und und sie sogar verfolgt und darüber gespräche führt wie kann man solche ideen nicht nur haben und dann auch noch verfolgen das ist ungeheuerlich standard gerade die kronen zeitung hat doch einen wesentlichen vielleicht entscheidenden beitrag geleistet dass die fpö so groß geworden ist  in einem gleichklang von ideen zugängen politik hat die krone herrn strache womöglich vermittelt wir haben ohnehin die gleichen ziele da ist die übernahme nur der vollzug eines großen gleichklangs einer großen liebesbeziehung herrmann uns wurde von vielen medien über jahre eine zu große nähe zur fpö zugeschrieben die fpö hat das offenkundig nicht so wahrgenommen  sonst hätte strache nicht so abstruse projekte verfolgt die krone zu übernehmen und zack zack zack auf fpökurs zu bringen all diese überlegungen beweisen unsere unabhängigkeit ja wir haben all die jahre auch immer wieder positiv über die fpö berichtet und haben uns damit vom mainstream unterschieden aber ich erinnere mich auch an viele kritische berichte kommentare über die fpö ich denke zum beispiel an den kommentar eines kollegen vor wenigen wochen der diese fpö als nicht regierungsfähig bezeichnet hat das hat für einige aufregung in den medien gesorgt das könne man nicht sagen und schon gar nicht die krone  auch seltsam standard autor war claus pandi bis herbst innenpolitikchef nun chefredakteur der salzburgkrone herrmann wir haben auch außerordentlich kritisch über den braunauer vizebürgermeister berichtet und sind für klare entscheidungen und sauberkeit eingetreten ich kann an viele kritische beiträge erinnern  standard die krone bewegt sich in den vergangenen jahren schrittweise weg von der fpö und auch von lange die krone prägendem sehr weit rechtem gedankengut  das etwa der langjährige kolumnist staberl noch sehr explizit vertrat sie entfernt sich davon vielleicht auch weil die alten fans immer weniger werden herrmann vor dem büro des herausgebers und in manchen bundesländerredaktionen hängen noch jene deixkarikaturen die den bruch zwischen hans dichand und jörg haider zum ausdruck bringen standard hans dichand wollte die fpö weiter in der opposition und nicht in der regierung schon gar nicht mit kanzler wolfgang schüssel herrmann das war tatsächlich eine kronekampagne gegen die erste övpfpöregierung ab   aber keine erfolgreiche standard heinzchristian straches krone übernahmefantasien  könnten auch aus einer kränkung entstanden sein die kronen zeitung hatte einen neuen helden sebastian kurz der versteht sich auch auf das repertoire und die themen der kronen zeitung und wohl auch weiter teile der bevölkerung zum beispiel migration und zuwanderung da sah heinzchristian strache womöglich seine felle davonschwimmen  und wollte seinen partner mit gewalt zurückholen herrmann interessantes gedankenspiel das hatten wir noch nicht das würde aber nichts anderes heißen als eine affäre eine eifersuchtsgeschichte weil wir  standard  einen anderen haben der noch dazu gesellschaftsfähiger ist als die fpö herrmann verschmähte liebe  standard  das treibt menschen zum äußersten herrmann in den kopf des heinzchristian strache konnte ich nicht hineinschauen  standard möchte man vielleicht auch nicht man hat mit dem video ohnehin vielleicht zu viel davon mitbekommen herrmann mir ist am runden tisch im orf am samstag der ausdruck schwachköpfe über die herren strache und gudenus unbedacht entfleucht aber dazu stehe ich schon möglich dass in deren  ich wäre fast geneigt zu sagen kranken  gehirnen auch das eine rolle gespielt hat standard die krone hatte in den vergangenen jahren eine zweimarkenstrategie die gedruckte zeitung war sehr begeistert von sebastian kurz kroneat hatte ein sagen wir sehr gutes verhältnis eine sehr gute zusammenarbeit mit heinzchristian strache und seiner facebookseite richard schmitt der kroneat als chefredakteur großgemacht hat hat selbst in einem interview vor einigen jahren gesagt wenn strache unsere inhalte teilt dann steigert das markant die zugriffe kroneat lieferte die passenden inhalte und strache teilte sie wie keine anderen medieninhalte teilen sie den befund dieser zweimarkenstrategie herrmann als strategie würde ich das nicht unbedingt bezeichnen die onlineredaktion hat bisher relativ autonom agiert und so hat sich das ergeben standard kommen wir zurück zu heinzchristian straches kroneträumen  herrmann für uns albträume standard strache steht damit eigentlich am vorläufigen ende einer langen reihe von politikern der spö und der övp die versucht haben anteile an der kronen zeitung zu bekommen oder ganz am anfang zu behalten die wiedergründung der krone  hat der damalige spö politiker franz olah ermöglicht  offenbar als heimlicher anteilseigner liegt die politische sehnsucht nach eigentum am machtfaktor krone nicht schon in ihrer dna herrmann tatsächlich begleitet das die krone von ihrer geburt an das hat sicher mit machtgelüsten zu tun die krone war anscheinend schon vor  jahren objekt der begierde  und war das dann immer wieder nur haben wir diese begierden nie erfüllen können und vor allem nicht wollen familie dichand und die redaktion konnten sich immer erfolgreich dagegen wehren standard soll politik medien machen herrmann nein natürlich nicht politik hat nichts in den medien verloren die parteizeitungen sind ja mit gutem grund längst alle zugrunde gegangen standard den befund kann man diskutieren  mit blick auf unzensuriertat infodirekt wochenblick und viele viele andere beispiele von medien mit dem einen oder anderen ideologischen fokus da gibt es doch eher ein revival herrmann auf lange sicht kann es nur mit unabhängigkeit funktionieren standard sollen medien politik machen herrmann nein sollen sie auch nicht ich weiß schon ihre nächste frage gilt den kampagnen  standard die nächste frage lautet macht die krone nicht ständig politik herrmann nein das glaube ich nicht wir sehen uns tatsächlich im vorhof der macht wie hans dichand es vielfach gesagt hat ich glaube nicht dass wir politik machen ich halte es für völligen schwachsinn wenn strache im ibizavideo sagt dass die plumpe übernahme der krone die fpö bei der wahl von  auf  prozent pusht das ist ein weiterer beweis der schwachköpfigkeit des herrn strache er hält die österreicher und mithin die kroneleser für so blöd dass eine partei mit jubelberichterstattung über die fpö plötzlich sieben prozentpunkte mehr erreichen könnte sicher nicht standard warum gibt es dann immer wieder politiker die so stark auf die kronen zeitung setzen heute sebastian kurz michael ludwig hans peter doskozil davor werner faymann heinzchristian strache jörg haider die krone geht ja auch auf diese hoffnungen und erwartungen ein wie war diese legendäre kroneschlagzeile tiere würden faymann wählen sie waren da noch nicht chefredakteur  aber die krone macht doch politik herrmann politologe peter filzmaier hat zu unserem jahr jubiläum über die headline geschrieben der größte unsinn den er je in der krone gelesen hat es gibt viel großen unsinn  in jeder zeitung standard aber das ist doch der versuch politik zu machen oder herrmann das ist wohl die schiere größe der kronen zeitung das macht uns stark am inseratenmarkt auch auf dem politischen inseratenmarkt falls sie das noch fragen standard wäre eine meiner nächsten fragen gewesen herrmann es ist die schiere größe die uns interessant macht und natürlich wenn botschaften über die kronen zeitung verbreitet werden dann kommen sie eben bei zumindest jedem dritten österreicher schnell an  und eher mehr standard sie bleiben dabei die krone macht nicht politik herrmann nein politik machen wir nicht wir begleiten die politik wir zeigen manchmal sympathie für ideen wir zeigen antipathie für anderen idee wenn sie anspielen auf den uns so oft nachgesagten kampagnenjournalismus  standard wir werden die kampagnen besprechen müssen herrmann  bis hin zur angeblich schwindenden kraft der kronen zeitung bei kampagnen standard bleiben wir erst einmal bei den kampagnen die zeitung ist gegen die eu gegen  vor allem grenznahe  atomkraftwerke gegen abfangjäger gegen die wehrpflicht was auch immer da macht die krone doch politik herrmann wenn wir zur überzeugung kommen zum beispiel das geplante wasserkraftwerk in hainburg ist ein großer schaden für österreich dann gibt es dazu eine kampagne wenn uns viele junge leser drängen etwas gegen plastik und plastikmüll zu tun machen wir aus überzeugung eine kampagne wenn plastiksackerln daraufhin verboten werden ist das ein schöner erster schritt der zeigt dass wir schon noch viel kraft haben das ist zum beispiel eine positivkampagne die wir fortsetzen werden standard und wenn sie spüren dass sebastian kurz gut ankommt in der bevölkerung dann setzen sie sich drauf und schieben noch ein bisschen nach auch eine kampagnenhafte unterstützung in den vergangenen jahren herrmann würde ich nicht so sehen standard meine lieblingsdachzeile auf seite  der krone dazu war aus dem gedächtnis berlin liegt kurz zu füßen herrmann das war durchaus auch so deutsche medien überschlagen sich wenn es um sebastian kurz geht weit mehr als wir er hat schon strahlkraft auf medien und dieser strahlkraft verschließen wir uns nicht standard als der mit sebastian kurz vertraute immobilienmilliardär ren benko ende  mittelbar bei der krone eingestiegen ist erkaltete diese sympathie fürs erste recht rasch war das nicht ein dilemma für die krone kann sie einem politiker so ruckartig die liebe entziehen der so viel rückhalt in der bevölkerung hat  das war einige zeit vor ibiza gate und regierungskrise herrmann wenn sebastian kurz schwere fehler macht dann ja standard und das würde sich nicht auf auflage und reichweite der krone auswirken herrmann wenn er schwere fehler macht dann würden wir das darstellen und dann wären wir sicher auch nicht die einzigen die das darstellen standard kann die krone ernsthaft gegen den mainstream in der bevölkerung anschreiben herrmann das kann sie gegen das kraftwerk in hainburg zu sein war in den ern weit davon entfernt mainstream zu sein das war damals den kronelesern vermutlich noch ferner als der gesamtbevölkerung umweltschutz und grüne ideen waren damals exotisch und sicher nicht mehrheitsfähig standard bei einigen der kronelieblinge deckt sich diese sympathie auch mit den werbeausgaben dieser politiker und ihres einflussbereichs herrmann wir haben so viele inserate weil wir so viele menschen erreichen es gibt oft auch keine liebe trotz großer inseratenbudgets wir wurden in den vergangenen monaten oft gefragt warum wir über wiens bürgermeister michael ludwig fallweise so kritisch berichten  standard die krone hat ludwig die liebe recht abrupt entzogen als die stadteigenen wiener linien österreichoe mehr zeitungsentnahmeboxen in den stationen zugesagt haben herrmann grundsätzlich die inseratenbudgets stehen in keinem zusammenhang mit der berichterstattung keineswegs kann mans erkaufen standard journalisten und medienwissenschafter beschäftigt gerade ein thema ein wesentlicher teil der bevölkerung schätzung  prozent sucht beim medienkonsum bestätigung des eigenen weltbilds vielleicht ist diesen menschen die realität nicht ganz egal aber wichtiger ist ihnen die bestätigung der eigenen sicht das phänomen gibt es womöglich schon sehr lange und vielleicht trifft das auch zu auf die rund  prozent kroneleser hat die krone  frei nach dem langjährigen orfchef gerd bacher  ein besonders gutes gespür eine besonders gute nase für solche massenausdünstungen herrmann wir sind wirklich bei den menschen  wo die politik oft nur so tut als wäre sie es wir sind in allen neun bundesländern es zeichnet die kronejournalisten aus dass sie die ohren augen nasen aufsperren und wahrnehmen was gedacht wird im land aber die krone bildet nicht alleine das ab sie zeigt viel mehr würden wir nur abbilden was mehrheitsmeinung ist wären wir nicht so erfolgreich standard was macht die krone also aus warum ist sie in zeiten von social media onlinemedien gratiszeitungen noch immer weitaus größte tageszeitung in österreich  noch immer mit international selten hohen reichweiten herrmann die krone hat kommentare von autoren sehr unterschiedlicher weltanschauung wir haben einen ordentlichen kulturteil einen ordentlichen wirtschaftsteil wie ihn andere boulevardzeitungen nicht haben und wir haben unsere ohren offen im ganzen land und vor allem wir sind unabhängig standard vielleicht auch weil sich die krone bemüht ihre leserinnen und leser nicht gänzlich depressiv zurückzulassen nach der schon uralten kronesektion die gute nachricht ist die bessere oder ist man die krone einfach so gewöhnt herrmann wir sind eine volkszeitung eine familienzeitung wie es hans dichand einmal formuliert hat wir sind so stark weil wir nicht nur abbilden was der viel zitierte kleine mann denkt sondern weil wir so viel mehr haben standard muss man eine massenzeitung so machen wie die krone damit sie eine massenzeitung ist ressentiments schüren gegen bestimmte bevölkerungsgruppen vielleicht die spaltung der gesellschaft vertiefen persönlichkeitsrechte hintanstellen wie die identität von tätern und opfern die unschuldsvermutung  muss das sein herrmann nein das muss nicht sein standard warum macht die krone das dann herrmann da passiert manchmal etwas wir werden damit viel behutsamer und vorsichtiger umgehen gerade durch die umstände in den vergangenen tagen ist ein ruck durch die redaktion gegangen schon bei unserem jahrjubiläum haben wir viel zurückgeschaut in unsere geschichte und in uns hinein wir beschäftigen uns intensiv mit uns und mit unserer künftigen rolle standard die kleine zeitung zum beispiel schafft es in der steiermark und kärnten marktführer zu sein und doch vieles nicht zu tun was die krone tut herrmann wir werden sicher noch behutsamer und vorsichtiger vorgehen und noch mehr abwägen das ist uns auch durch unsere bestandsaufnahme über die ersten  jahre bewusst geworden wir haben uns in den vergangenen jahrzehnten nicht genug mit uns selbst beschäftigt wir waren immer erfolgreich  und dieser große tanker ist immer auf seinem kurs weitergefahren jetzt muss man sicher kurskorrekturen vornehmen bedachter und bewusster und vielleicht auch noch anständiger sein standard das heißt die krone war bisher unanständig herrmann nein natürlich nicht standard wird die krone zum presserat zurückkehren christoph dichand schrieb einst in seiner dissertation über den persönlichkeitsschutz im mediengesetz als richtlinien für die journalistische sorgfaltspflicht können auch die entscheidungen des presserates dienen wie stehen die chancen dass auch die krone zum presserat kommt wenn sie jetzt noch anständiger wird herrmann ist sicher ein thema das kommt natürlich auch auf die zusammensetzung des presserats an standard dort gibt es inzwischen gar einen vertreter von österreich herrmann wir haben die zusammensetzung des presserats bisher als unobjektiv gesehen  aber der presserat ist sicher gerade auch in diesen tagen ein thema standard als chefredakteur der kronen zeitung lesen sie die kolumnen von michael jeanne vermutlich täglich um die mittagszeit fragen sie sich da nicht muss man einen kolumnisten eine orfkorrespondentin publizistisch ansabbern lassen muss man anspielungen auf nsparolen wie einst den endspielsieg ins blatt lassen  das war vor ihrer chefredaktion und wurde nach der abendausgabe auch entfernt herrmann michael jeanne ist ein bei vielen lesern sehr beliebter kolumnist er repräsentiert durchaus nicht immer die meinung der redaktion  er ist teil der vielfalt der meinungen der kroneredaktion wie sie im impressum als blattlinie steht ja wir diskutieren über inhalte und er geht auch noch einmal in sich und dreht noch eine runde über seiner kolumne und ja ich teile nicht immer seine einschätzungen aber er ist ein wichtiger bestandteil der krone standard mir fiel etwas auf  neben der auch typografischen betonung des wortes unabhängig im kronelogo und nun auch auf kroneat herausgeber christoph dichand schreibt seit ibizagate so viel wie noch nie  unter dem pseudonym aurelius neben cato ein deckname schon seines vaters hans dichand herrmann der ruck in der redaktion geht von oben nach unten und von unten nach oben wobei wir haben gerade erst mit ihm diskutiert über die kommentare unter den pseudonymen cato und aurelius christoph dichand hat uns aufgeklärt dass auch cato nicht immer hans dichand war es könnte also durchaus sein dass unter aurelius mehrere autoren schreiben standard aus der familie dichand herrmann aus der familie arbeitet nur einer im haus standard montag geht es um den misstrauensantrag gegen sebastian kurz als bundeskanzler die krone appelliert seit tagen kurz arbeiten zu lassen vertritt das zentralorgan der massenausdünstungen da den sogenannten volkswillen herrmann sicher hören wir das wir betreiben in der regel keine meinungsforschung um zu erfahren was die themen sind die gerade gut ankommen es kommt immer noch aus den bäuchen der kronemannschaft von christoph dichand abwärts und uns ist sehr klar dass sich eine mehrheit der österreicher keine womöglich chaotischen zustände in den nächsten monaten wünscht standard wer macht eigentlich die aufmacher also die schlagzeilen der krone wer schreibt sie wer entscheidet sie das sind häufig ja keine nachrichten sondern appelle herrmann die aufmacher entstehen in der redaktion als ausdruck einer unserer vielen konferenzen die gab es nicht immer in den  jahren der krone  aber noch hans dichand hat damit begonnen die letzte verantwortung für den aufmacher haben heute christoph dichand und ich standard die kronen zeitung sieht heute dramatisch anders aus als vor wenigen jahren  nach dem vermutlich längsten relaunch der welt um die stammleserinnen und  leser nicht zu verstören haben sich leserinnen und leser darüber beschwert herrmann der relaunch hat  wie wir jetzt wissen im ibiza jahr   im wesentlichen ein dreivierteljahr gedauert und ist noch nicht zu ende standard gab es darauf relevante reaktionen herrmann nein standard dann ist der grafische relaunch wohl gelungen sie haben mir vom reformprojekt krone  erzählt das ist aus heutiger sicht praktisch übermorgen wie ist diese krone dann  in drei sätzen herrmann moderner nicht nur optisch sondern auch inhaltlich da hat sich schon in den vergangenen jahren einiges getan schwerpunktthemen modernerer journalismus noch behutsamerer journalismus ist sicher auch ein ganz wichtiger punkt es wird dennoch immer die kronen zeitung bleiben die für diesen riesenerfolg gesorgt hat und noch immer sorgt,0
STD_Facebook_Online_42,-1,Zeitungsartikel Online, debatten im netz shitstorm fpöfans attackieren kurz nach ibizaskandal  mai    die partei und ihre expolitiker werfen övpchef sebastian kurz seit tagen machtrausch vor  und mobilisierten so nutzer seit seinem rücktritt tobt exvizekanzler heinzchristian strache fpö in sozialen medien achtmal bearbeitete er ein statement zu dem ibizavideo durch das bekannt geworden war dass der damalige fpöchef staatsaufträge gegen eine parteifinanzierung in aussicht stellte in später verworfenen versionen des facebookbeitrags sprach strache etwa noch von dirty campaigning aus dem ausland in einem video statement spricht er von einem rechtswidrig erstellten video foto apahelmut fohringer unter mitwirkung von lockvögeln die gedanken sind frei so strache  denn es habe sich nur um gedankenspiele facebook gehandelt usd   kurz machtrausch doch auch in den offiziellen facebookauftritten von ex innenminister herbert kickl und der fpö selbst wird dem ärger freier lauf gelassen dort wirft die fpö bundeskanzler sebastian kurz övp vor eine wirklich gute zusammenarbeit norbert hofer im orf ruiniert zu haben da er sich im machtrausch befinde mit ist das demokratie und einfach unfassbar  werden solche sujets getextet fpö on tuesday sehr geehrter herr kurz war es das wirklich wert jetzterstrecht k  k erfolgreichen kurs eiskalt zerstört in einem facebookposting spricht die partei zudem von einem megashitstorm auf kurz facebookseite da er den erfolgreichen reformkurs eiskalt zerstörte heißt es ein blick auf das profil des kanzlers zeigt  wohl auch aufgrund der vielen kritischen beiträge der fpö  tatsächlich zahlreiche verärgerte kommentare sie stammen vorwiegend wie die accounts der nutzer offenbaren von fpöfans neben erbrechemojis findet sich massenhaft kritik an kurz vorgehen viele user verteidigen straches verhalten vor allem aber die entlassung von kickl stößt sauer auf  wohl auch angetrieben durch die tagelange kampagne des ex innenministers auf der eigenen facebookseite,-1
STD_Facebook_Online_66,0,Zeitungsartikel Online, panorama  wien schiebung korruption wahl zur miss vienna soll wiederholt werden  april    der organisatorin der wahl wurde die lizenz entzogen  die miss austria corporation will wegen freunderlwirtschaft vorwürfen die wahl wiederholen wien  man kennt das aus dem fernsehen schönheitswettbewerbe arten mitunter in regelrechte dramen aus nun ist es in wien tatsächlich geschehen bereits bei der wahl zur miss vienna am  april gab es buhrufe aus dem publikum nach der krönung machen vorwürfe der manipulation schiebung und korruption die runde beatrice körmer heißt die schönste frau wiens  zumindest foto andreas lepsi  picturedesk darf sie sich miss vienna nennen und bislang das waren finanzielle zuwendungen und freundschaften mit entsprechende krönchen tragen nun soll die jährige wegen juroren für den sieg von miss vienna beatrice körmer verantwortlich sie bestreitet das vehement bei der der vorwürfe den titel vorerst wieder abgeben die wahl soll laut miss austria corporation gingen allerdings zahlreiche miss austria corporation wiederholt werden termin dafür gibt beschwerden ein der schönheitswettbewerb soll es noch keinen deswegen wiederholt werden zahlreiche vorwürfe die liste der vorwürfe ist lang freunderlwirtschaft manipulation und gar korruption vermuteten beobachter des schönheitswettbewerbs sogar der expolitiker peter westenthaler mischte sich mit einem emotionalen facebook posting in die debatte ein  seine tochter nahm ebenfalls am wettbewerb teil die siegerin sei im vergleich zu den anderen kandidatinnen maximal durchschnitt urteilt westenthaler der heute als immobilien pr und politikberater arbeitet und beispielsweise verlagsleiter des monatsmagazins alles roger ist peter westenthaler last thursday der skandal ist perfekt alles wussten es und alle die es bereits seit wochen wussten und auch davor gewarnt haben wurden heute bestätigt wie dumm kann sich so manch einer in der jury aber auch die veranstalterin nur anstellen  tolle engagierte mädels wurden sichtbar unterbewertet und nur die eine  im vergleich maximal durchschnittliche  von der es alle bereits seit wochen wussten wurde ebenso sichtbar von den üblichen mitgliedern einer wiener schicki mickiszene mi see more oeat beatrice körmer gewann skandal um die neue  die heimische missenwelt kam vor lauter aufregung nicht    körmer soll gewonnen haben weil sie beziehungsweise ihr lebensgefährte ein naheverhältnis zur jury und zur organisatorin habe sind westenthaler und andere beobachter überzeugt bei der miss austria corportation seien nach  und bereits vor  der wahl zahlreiche anonyme beschwerdemails diesbezüglich eingegangen weswegen die chefs jörg und kerstin rigger der organisatorin des wiener wettbewerbs am sonntagabend die lizenz entzogen wienorganisatorin agnes goebel wiederum wies alle vorwürfe zurück körmer selbst bezeichnet sie als haltlos sie habe jahrelang hart für den titel gearbeitet geld gegen sieg die namen der juroren seien diesmal ungewöhnlich knapp vor der veranstaltung bekanntgegeben worden sagen jörg und kerstin rigger zur zeitung österreich das sei nicht normal außerdem gebe es hinweise dass an jurymitglieder geld geflossen sei dem würden juristen nun nachgehen wenn beweise gefunden werden werde körmer der titel aberkannt in der jury saßen dieses jahr unter anderen christina lugner gary lux jenny posch ekaterina mucha und eser ari akbaba mucha distanzierte sich in einem facebookposting von den vorwürfen geschmäcker seien bekanntlich verschieden aber die jury habe ihr bestes getan eine faire entscheidung zu treffen um den schwerwiegenden anschuldigungen gegen lizenznehmerin goebel entgegenzuwirken versichern die riggers nun dass bei der neuen wahl die fachkundigen jury mitglieder in keiner weise in einem verhältnis zu einer der kandidatinnen stehen werden die chancengleichheit aller kandidatinnen habe oberste priorität,-1
STD_Facebook_Online_68,-1,Zeitungsartikel Online, inland  övp kanzler kurz verurteilt spuckattacke auf muslimin in wien  april    österreich steht laut dem övpchef für ein respektvolles und friedliches miteinander aller religionen wien  bundeskanzler sebastian kurz övp hat eine spuckattacke auf eine junge muslimin in wienneubau scharf verurteilt eine widerliche attacke die ich auf das schärfste verurteile in österreich stehen wir für ein respektvolles und friedliches miteinander aller religionen postete der regierungschef auf facebook nach dem vorfall der sich samstagnachmittag ereignet hatte verbreitete sich in sozialen netzen ein video das zeigt wie eine ältere frau bei einer straßenbahnstation eine junge muslimin foto apa wüst beschimpft der standard hat berichtet die junge frau die heimlich mitfilmte wehrte sich heftig und sagte dass österreich auch ihr land sei und sie hier geboren worden sei posted by asma aiad  views heute in wien junge muslimin angespuckt erst letzte woche habe ich bei der donnerstagsdemo von einer freundin erzählt die in der ubahn von einem mann bedroht wurde eben erhielt ich eine nachricht von meiner freundin mit diesem video und der nachricht asma das ist mir gerade eben passiert ich zittere so sehr vor angst ich rufe sie sofort an sie schildert mir was ihr passiert ist ich bin sprachlos sie wurde beschimpft angespuckt beleidigt bedroht du hure du  see more   k eine ältere dame überschüttete eine junge muslimin bei einer straßenbahnhaltestelle am samstag verbal mit hass zuvor hatte die ältere frau sie beleidigt und gesagt die fpö haut euch alle raus umstehende personen versuchten der jungen frau zu helfen was die situation zum eskalieren brachte die ältere frau bespuckte die muslimin und lief schreiend davon eine kriminelle gewalttäterin hilfe,-1
STD_Facebook_Online_70,0,Zeitungsartikel Online, inland  övp nur kurz auf facebook der hohe stellenwert sozialer medien für die övp fabian schmid   märz   binnen kurzer zeit haben es sebastian kurz und die övp geschafft zum heimischen vorreiter in der kommunikation zu werden in der socialmediawelt von sebastian kurz wird man vom ehemaligen ö moderator peter l eppinger begrüßt willkommen im namen von team kurz sagt er in einem youtubevideo dann zählt eppinger die vielfältigen möglichkeiten auf mit denen man kurz online unterstützen kann man kann beiträge teilen liken und kommentieren und natürlich via whatsapp über aktuelle ereignisse informiert bleiben wer ins onlineuniversum des bundeskanzlers eintaucht bekommt tatsächlich das gefühl hautnah dabei zu sein medial mag kurz zwar als schweigekanzler gelten der sich zu kontroversen nur spät oder gar nicht äußert ein informationsdefizit über seinen alltag kann man ihm jedoch nicht vorwerfen  im gegenteil mindestens einmal täglich wird ein schickes foto auf instagram geteilt  follower dazu kommen der whatsappservice mit einigen tausend abonnenten der alle paar tage über neuigkeiten informiert ein twitterkanal  follower und kurz facebookseite die an der marke von  fans kratzt gleichauf mit strache von diesen werten können die meisten anderen politiker nur träumen  mit ausnahme von kurz vizekanzler heinzchristian strache der ebenfalls bei fast  facebookfans liegt setzt man die zahl der virtuellen anhängerschaft in ein verhältnis zur einwohnerzahl des jeweiligen landes liegt kurz klar vor frankreichs präsident emmanuel macron  millionen follower dem labour chef jeremy corbyn  millionen und sogar vor italiens vizepremier matteo salvini  millionen von den oppositionsparteien in österreich ganz zu schweigen  altbundeskanzler christian kern kam gerade einmal auf  facebookfans fpö ist auf facebook breiter aufgestellt facebookposts und interaktionen von und auf seiten der regierungsmitglieder und der bundesparteien nach parteinähe zeitraum    berücksichtigte seiten siehe hinweis sonstige seiten parteiobmann   övp övp posts fpö fpö posts interaktionen gesamt interaktionen gesamt gesamt  gesamt    berücksichtigte seiten parteiaccounts parteiobmänner ministerinnen staatssekretärinnen ministerien exkl bundesheer generalsekretäre klubobmänner im nationalrat vp  fp  seiten grafik kies  quelle crowdtangle für den erfolg der kurzschen socialmediastrategie sind vor allem zwei personen verantwortlich kristina rausch und philipp maderthaner sie gehören zum engsten vertrautenkreis des bundeskanzlers  und das seit einem jahrzehnt rausch heute  stieß schon im alter von  jahren zum team des jetzigen bundeskanzlers der damals obmann der jungen övp war sie folgte ihm zu all seinen stationen ins staatssekretariat ins außenministerium ins bundeskanzleramt und nun wieder zurück in die partei wo sie die digitale kommunikation leitet social media sei passiert es gab nie einen offiziellen start dass wir jetzt voll auf soziale medien setzen sagt rausch zum standard vielmehr sei vieles passiert und habe sich langsam entwickelt das könnte auch daran liegen dass rund um kurz ein junges team werkt  und der chef selbst socialmediaaffin ist es ist definitiv ein augenmerk das sebastian kurz hat bestätigt rausch er nimmt sich auch zeit dafür ein video für facebook aufzunehmen soziale medien hätten für kurz einen stellenwert anders würde es auch nicht funktionieren das muss auch vom chef kommen mehr und spezifischere interaktionen bei fpseiten interaktionen mit facebookposts auf seiten der regierungsmitglieder und der bundesparteien nach parteinähe zeitraum    berücksichtigte seiten siehe hinweis andere angry love comments shares likes övp fpö interaktionen interaktionen   berücksichtigte seiten parteiaccounts parteiobmänner ministerinnen staatssekretärinnen ministerien exkl bundesheer generalsekretäre klubobmänner im nationalrat vp  fp neben rausch ist es vor allem philipp maderthaner der den onlineauftritt des bundeskanzlers perfektioniert hat nach diversen stationen bei der övp gründete er  sein campaigning bureau schon  betreute er den vorzugsstimmenwahlkampf des damaligen staatssekretärs sebastian kurz  war er für die gesamte övpkampagne verantwortlich für maderthaner ist vor allem die einbindung der unterstützer wichtig mit dem cam buildr hat seine firma ein eigenes tool entwickelt um fans zu aktivieren auch rausch sieht in der täglichen arbeit wie wichtig es ist nutzer zur mithilfe aufzufordern wenn wir konkret darum bitten dass menschen unsere beiträge liken oder weiterleiten sehen wir tausende interaktionen sonst vielleicht nur einige hundert erzählt rausch eine dieser personen die in sozialen medien freiwillig und unbezahlt für die sache von kurz kämpft ist gabriele beierl taucht ein kontroverser tweet rund um kurz oder die övp auf dauert es meistens nicht lang bis beierl sich zu wort meldet ich komme aus einer hochpolitischen familie mein vater war sekretär bei bundeskanzler julius raab erzählt beierl dem standard sie habe sich selbst auf kommunaler ebene politisch engagiert bis sie aufgrund einer schweren krankheit in pension ging dann fing sie verstärkt an in sozialen medien aktiv zu sein recherchierte etwa über ein illegales pyramidenspiel das  aufflog dann kam der endgültige aufstieg von sebastian kurz und beierl war sofort begeistert und überzeugt von ihm övp setzt stärker auf video fpö auf links facebookposts auf seiten der regierungsmitglieder und der bundesparteien nach parteinähe und postingtyp zeitraum    berücksichtigte seiten siehe hinweis status posts live video posts link posts video posts photo posts        övp fpö gesamt gesamt   berücksichtigte seiten parteiaccounts parteiobmänner ministerinnen staatssekretärinnen ministerien exkl bundesheer generalsekretäre klubobmänner im nationalrat vp  fp  seiten grafik kies  quelle crowdtangle jetzt betreut sie eine facebookfanseite für kurz und ist auf twitter aktiv meistens mache ihr das spaß auch wenn sie es schon fast als arbeit empfinde politischen gegnern schreibt sie nur selten auch der tonfall in sozialen medien macht ihr zu schaffen aber sie sei von kurz überzeugt und wolle deshalb dessen botschaft verbreiten zuerst die fpö dann kurz beierl ist nicht die einzige die man als eine art kampfposterin für kurz bezeichnen kann inzwischen engagieren sich zahlreiche user unentgeltlich für die verbreitung der anliegen der övp vor dem aufstieg von kurz waren es vor allem die freiheitlichen die auf diese art mobilisieren konnten övp setzt stärker auf video fpö auf links facebookposts auf seiten der regierungsmitglieder und der bundesparteien nach parteinähe und postingtyp zeitraum    berücksichtigte seiten siehe hinweis status posts live video posts link posts video posts photo posts        övp fpö gesamt gesamt   berücksichtigte seiten parteiaccounts parteiobmänner ministerinnen staatssekretärinnen ministerien exkl bundesheer generalsekretäre klubobmänner im nationalrat vp  fp  seiten grafik kies  quelle crowdtangle die partei entdeckte früh die möglichkeiten sozialer medien und baute ein eigenes paralleluniversum auf um ihre botschaft unter die leute zu bringen  etwa über parteinahe blogs die youtubesendung fpötv oder natürlich straches facebookseite bei der övp sah man derartige aktivitäten lange als unnötig an  auch weil man es leichter hatte in klassischen medien vorzukommen verantwortlich sind für die betreuung von kurz kanälen übrigens nur rausch und ein zweiter mitarbeiter man braucht schon leute die grundlegend von dieser arbeit überzeugt sind sagt rausch sie ist jedenfalls auf die zukunft gespannt ich warte schon darauf was nach facebook und co kommt  oder ob es jetzt immer so weitergeht,1
STD_Facebook_Online_81,0,Zeitungsartikel Online, phänomen hass oberlandesgericht hebt urteil gegen sigi maurer auf rainer schüller nina  weissensteiner  märz   begründung das erstgericht habe die latte für den wahrheitsbeweis geradezu unerreichbar hoch angesetzt das erstinstanzliche verfahren muss wiederholt werden wien  das oberlandesgericht wien hat das urteil in der causa bierwirt gegen sigi maurer aufgehoben nachdem die grüne ex abgeordnete wie ihr privatankläger gegen das erstinstanzliche urteil des wiener landesgerichts vom herbst  berufung eingelegt hatten im frühjahr hatte maurer die obszönen privatbotschaften via facebook vom account des bierhändlers im achten wiener bezirk über soziale netzwerke geoutet foto apa  georg hochmuth ebenso die identität des mannes der ladenbesitzer klagte kann aufatmen denn das erstinstanzliche urteil gegen maurer daraufhin unter anderem wegen übler nachrede er sie ist nun geschichte noch habe ich nicht gewonnen sagt sigi maurer aber ich bin zuversichtlich dass ich bestritt stets die nachrichten abgesendet zu haben diesmal freigesprochen werde orf erstinstanzlich  also nicht rechtskräftig  wurde maurer zu  euro verurteilt dazu hätte sie dem unternehmer  euro wegen erlittener kränkung zahlen sollen doch laut aussendung vom dienstag hegte das oberlandesgericht bedenken an der beurteilung des erstgerichts wonach der beschuldigten der wahrheitsbeweis nicht gelungen sei dass es wirklich der privatankläger war der die nachrichten versendet hat kein stimmiges bild soll heißen das erstgericht habe nicht ausreichend gewürdigt dass die nachrichten immerhin vom computer und vom facebookaccount des privatanklägers versendet wurden und nicht beachtet dass bei der beurteilung des wahrheitsbeweises eine gewisse lebensnähe zu beachten sei hieß es vonseiten des oberlandesgerichts das erstgericht habe die latte für den wahrheitsbeweis geradezu unerreichbar hoch angesetzt weiters schrieb das oberlandesgericht die beweiswürdigung habe kein stimmiges bild ergeben denn der privatankläger habe nicht schlüssig dargestellt dass konkret eine andere person die nachrichten geschrieben und verschickt hat allein die theoretische möglichkeit reiche nicht aus obwohl der kreis der möglichen verfasser sehr klein gewesen sei habe der privatankläger keinen anderen verfasser genannt dass jemand anderer die nachrichten versendet habe sei im konkreten fall bei berücksichtigung der übrigen beweisergebnisse eigentlich nicht vorstellbar denn der unbekannte verfasser hätte wenig zeit gehabt dies unbemerkt zu tun es seien weitere personen im lokal gewesen die aber alle niemanden gesehen hätten der zum computer gegangen sei und der unbekannte verfasser hätte gleichzeitig beobachten müssen ob der privatankläger während des verfassens der nachricht ins lokal zurückkommt fazit das erstinstanzliche verfahren muss nun wiederholt werden in einer ersten reaktion sagte adrian hollaender der anwalt des bierwirts durch die neudurchführung des verfahrens wird es erneut die möglichkeit geben die fakten zu prüfen  bei rechtsstreitigkeiten ist es nicht unüblich dass diese mehrere instanzen durchlaufen mein mandant wird seine fakten wieder wahrheitsgemäß darlegen  weil ihm im ersten verfahren aufgrund von zahlreichen tatsachen recht gegeben wurde auch ermittlungen anhängig zudem sind auch noch ermittlungen gegen den ladenbetreiber wegen möglicher falscher beweisaussage im erstverfahren anhängig wie die staatsanwaltschaft wien dem standard bestätigt maurer selbst sagte angesichts des entscheids ich bin sehr glücklich darüber dass das oberlandesgericht unserer berufung gefolgt ist und das urteil aufgehoben hat es bestätigt damit meine wahrnehmung und die vielen beobachter und beobachterinnen dass die begründung meiner verurteilung nicht nachvollziehbar und lebensfremd war aber sie gibt auch zu bedenken noch habe ich nicht gewonnen  jetzt heißt es zurück an den start maurers anwältin maria windhager die übrigens auch den standard in rechtlichen angelegenheiten vertritt erklärte zudem das verfahren muss nun von einem anderen richter vollkommen neu durchgeführt werden wir sind zuversichtlich dass wir im zweiten rechtsgang erfolgreich sein werden,0
STD_Facebook_Online_84,-1,Zeitungsartikel Online, debatten im netz hassposter verurteilt hundebesitzer verglich ulli sima mit hitler  mai    der listenhundbesitzer beschimpfte die wiener spöstadträtin auf facebook das urteil  euro teilbedingt die wiener umweltstadträtin ulli sima spö geht rechtlich gegen hasspostings vor der erste von mehreren anhängigen fällen wurde am dienstag am landesgericht verhandelt medienberichten zufolge ist dabei ein listenhundbesitzer der die politikerin auf deren facebookseite wiederholt beschimpft hatte zu einer teilbedingten strafe von  euro verurteilt worden laut dem büro von sima wurde der angeklagte zu  foto standardmatthias cremer tagsätzen verurteilt hieß es zum standard eine tagsatzung ulli sima geht gegen hasspostings vor bei einem mindestsicherungsbezieher liege bei vier euro daher facebook die summe von  euro der listenhundbesitzer müsse usd   zudem die prozesskosten von mehreren tausend euro tragen und sei vorbestraft unbelehrbar anlass für die gegen sima gerichteten  und mittlerweile gelöschten  hasspostings war das neue wiener tierhaltegesetz das strengere regeln für kampfhunde vorsieht und scheinbar manche hundebesitzer in rage versetzte  so wie den angeklagten der mann hatte sima unter seinem klarnamen wiederholt auf das derbste beschimpft und kam auch der aufforderung von simas rechtsvertretern dies zu unterlassen nicht nach unter anderem verglich der hundebesitzer sima mit adolf hitler und unterstellte ihr ihre position durch sexuelle gefälligkeiten erlangt zu haben die stadträtin klagte ihn schließlich wegen beleidigung und übler nachrede nicht rechtskräftig der mann erhielt schließlich eine strafe von  euro wobei der richter die hälfte mit einer zweijährigen probezeit nachgesehen habe sagte simas anwältin maria windhager dem kurier das urteil ist nicht rechtskräftig gegenüber heute kündigte sima an auch künftig gegen alle hassposter vorgehen zu wollen,-1
STD_Facebook_Online_85,-1,Zeitungsartikel Online, inland  fpö die verflechtung der freiheitlichen mit identitären ist enger als bisher bekannt video  colette m schmidt fabian schmid stefanie ruep markus rohrhofer steffen arora  april   während kanzler sebastian kurz eine klare distanzierung der fpö von den identitären fordert sind die verbindungen durch institutionen und personen eng wer sich distanziert verliert schreibt das rechtsextreme magazin infodirekt in seiner aktuellen ausgabe über einer collage die ein boot zeigt in diesem sitzen unter anderem kanzler sebastian kurz övp vizekanzler heinzchristian strache fpö der stellvertretende oberösterreichische landeshauptmann manfred haimbuchner fpö und martin sellner seines zeichens chef der identitären gegen den foto apa terrorermittlungen laufen wir patrioten sitzen in einem boot demonstrationszug in linz gegen den kongress der mit martin sellner heißt es da in derselben ausgabe findet verteidiger europas einem vernetzungstreffen der sich ein ganzseitiges inserat der stadt linz mit dem bild von europäischen rechten szene  nahm auch der heutige innenminister herbert kickl fpö als redner detlef wimmer bis vor kurzem fpövizebürgermeister sowie daran teil ein halbseitiges fpöinserat das magazin gehört zu  prozent ulrich püschel der ist büroleiter des linzer verkehrsstadtrats markus hein fpö püschel nahm an demos teil die von identitären mitorganisiert wurden er sei aber weder funktionär noch mitglied sagte püschel vergangenes jahr dem standard dazu medien der rechten auch das fpönahe onlinemedium unzensuriertat rückte in den letzten tagen zur verteidigung von martin sellner aus der orf ehemalige chefredakteur von unzensuriert alexander höferl fpöklubobmann walter rosenkranz spricht über das ist heute im kabinett von innenminister herbert kickl fpö wo verhältnis der fpö mit den identitären in österreich er er sich mit kommunikationsstrategien beschäftigt während also persönlich kenne keine mitglieder der identitären der bundeskanzler klare kante von seinem koalitionspartner fordert hält man über parteinahe medien weiter zu den identitären alles roger das texte des ehemals führenden identitären alexander markovics publiziert und interviews mit zahlreichen identitären und fpöministern abdruckte wurde auch mit inseraten der fpö bestückt eine ehemalige mitarbeiterin der fpösozialministerin beate hartingerklein ist dort chefredakteurin thomas hüttner ein fachreferent bei hartingerklein ist indes schriftleiter beim rechten blatt eckart für das auch markovics schrieb quelle standardkienzlleitner persönlicher referent hartingerkleins ist dominic keuschnig der verbindungen zu identitären hat und mit  jahren auch parteifunktionen in kärnten hat im außenministerium arbeitet jürgenmichael kleppich der wegen facebookfotos mit identitärentshirts aus israel zurückbeordert wurde auch in straches sportministerium ist ein mann am werken der mit identitären marschierte und mit ihnen den kongress verteidiger europas besuchte auf diesem sprach auch innenminister kickl das publikum als gleichgesinnte an mit strache und identitären in der südsteiermark wurde auch verteidigungsminister mario kunasek fpö gesehen vermieter und gemeinderat aufgrund der verflechtung von identitären parteifunktionären und fpömandataren quer durchs land würde sich eine klare distanzierung wie sie nun kurz gefordert hat wohl schwierig gestalten in graz ist mit dem ehemaligen aulaherausgeber heinrich sickl der vermieter der identitärenzentrale ein fpö gemeinderat der auch selbst auf identitärendemos war letzteres hat er mit dem grazer vizebürgermeister mario eustacchio und dem dritten landtagspräsidenten in der steiermark gerhard kurzmann beide fpö gemein in graz stieg  bei einer aktion der identitären der damalige bezirksobmann von grazlend luca kerbl auf das dach der grünenparteizentrale quelle standardkienzlleitner auch in den reihen der parlamentarischen mitarbeiter gibt es vernetzungen zur identitärenbewegung bernadette c marschierte bei identitärendemos mit schrieb für zur zeit und landete dann im parlament beim abgeordneten axel kassegger arbeitet siegfried w der als sprecher bei identitärendemos auftrat in linz gibt es identitäre verbindungsmänner im büro des landeshauptmannstellvertreters haimbuchner und in der stadtregierung wie berichtet teilen sich die burschenschaft arminia czernowitz der viele fpöpolitiker angehören und das identitäre khevenhüllerzentrum ein gebäude  die villa hagen in salzburg nahm der gemeinderat und stadtobmann der fpö andreas reindl an einer demo teil reindl meinte später sei aus versehen auf der demo gewesen der salzburger identitärenchef edwin hintsteiner sagte aber er sei auf seine einladung gekommen hintsteiner selbst war beim rfj wurde aber  ausgeschlossen seite an seite in tirol gab es immer wieder verbindungen von der freiheitlichen jugendorganisation zu den identitären seite an seite mit der organisation demonstrierte  der fpöstadtparteichef rudi federspiel gegen ein geplantes flüchtlingsheim außerdem werkt im hintergrund noch werner königshofer der einst wegen einschlägiger facebookpostings aus der fpö ausgeschlossen worden war der tiroler investigativblogger markus wilhelm veröffentlichte eine email die kontakte zwischen königshofer und den identitären zeigt königshofer trat auch nach seinem parteiausschluss beim freiheitlichen seniorenring auf quelle standardkienzlleitner im burgenland warb der rfj nicht nur offen für identitären veranstaltungen es gab auch personelle überschneidungen diese sind gerade in den jugendorganisationen der blauen also dem rfj und dem ring freiheitlicher studenten rfs sehr hoch öffentlich sichtbar wird so etwas oft bei infoständen oder stammtischen bei einem rfjstammtisch war es auch dass identitäre und der wiener fpövizebürgermeister dominik nepp zusammen saßen jene gemeinden in denen identitäre für die fpö mandate hielten aber mittlerweile aus der partei ausgeschieden sind wurden in der grafischen darstellung der verflechtungen nicht angeführt,0
STD_Facebook_Online_92,1,Zeitungsartikel Online,startseite  inland  parteien rechtsextremismus fpöpolitiker in geheimer facebookgruppe mit neonazis nächste enthüllung über facebookaktivitäten zahlreicher abgeordneter fabian schmid  märz    postings fpögeneralsekretär christian hafenecker selbst in der gruppe fpö seitenadministratoren aktiv kündigt baldige enthüllungen über rotgrünes dirty campaigning an foto apaschlager die affäre um die facebookaktivitäten freiheitlicher politiker weitet sich aus nachdem der standard am sonntag über die mitgliedschaft zweier abgeordneter bei der antisemitischen gruppe deutsches reich berichtet hat rückt nun eine weitere geheime facebookgruppe mit dem namen fpö seitenadministratoren in den fokus sie wurde  gegründet in den folgenden jahren landeten zahlreiche prominente fpöpolitiker in ihr auch ausgeschlossene parteimitglieder wie markus r der eine neonazistische band teilte sowie weggefährten des mehrfach verurteilten neonazis gottfried küssel tummelten sich unter den  mitgliedern wer b u n g teils sind die politiker aktiv beigetreten teils wurden sie hinzugefügt bei den administratoren handelt es sich auch um personen die selbst in der fpö aktiv sind etwa eine steirische gewerkschafterin die im april  auf facebook von der züchtung von tiermenschen durch die rockefeller stiftung mit dem ziel der flutung der kulturstaaten sprach gegründet wurde die gruppe von einem auf facebook höchst aktiven fpöfan der schon für die fpö liesing kandidierte antisemitische beiträge in der gruppe werden links aus zum teil rechtsextremen quellen geteilt aber auch verhetzende und antisemitische inhalte sind massenhaft auffindbar wie stoppt die rechten dokumentierte dennoch posteten gleichzeitig fpöpolitiker in die gruppe in der sich nationalrats und landtagsabgeordnete sowie lokalpolitikern fanden aktiv schrieb etwa im jahr  der jetzige fpögeneralsekretär christian hafenecker er gibt an das nun zum anlass genommen haben seine gruppenmitgliedschaften zu prüfen allerdings vermutet er agents provocateurs und false flagaktionen er werde demnächst spannende informationen dazu publizieren auch die abgeordnete edith mühlberghuber die in der gruppe deutsches reich unterwegs war teilte beiträge als der falter am montag bei der fpö nachfragte was es mit der gruppe auf sich habe wurde sie plötzlich gelöscht,-1
STD_Facebook_Online_94,0,Zeitungsartikel Online,startseite  panorama  österreich ibizagate mutmaßlicher drahtzieher des ibizavideos war in münchner anwaltskanzlei untermieter wer lockte strache und gudenus in die falle laut gerüchten führt die spur nach wien und münchen ein detektiv soll die oligarchennichte vermittelt haben der standard erreichte unter der nummer des detektivs einen anwalt david krutzler fabian schmid maria sterkl  mai    postings vor kurzem waren sie noch führungsfiguren der fpö jetzt ist johann gudenus nicht einmal mehr parteimitglied und heinzchristian strache ist von allen funktionen zurückgetreten foto apa  helmut fohringer wienmünchen  wer sind die auftraggeber und wer die nutznießer dahinter ich werde hier nicht lockerlassen die wahrheit ist eine tochter der zeit  und die gerechtigkeit setzt sich auf dauer durch das schrieb das mittlerweile einfache fpömitglied heinzchristian strache zur causa prima ibizagate am mittwoch auf seinen beiden facebookseiten mit insgesamt knapp  followern antworten oder verdächtigungen wer die professionelle videofalle ausgelegt haben könnte lieferte er nicht strache verwies aber auf eine wortspende des deutschen bundestagspräsidenten wolfgang schäuble der ein geheimdienstwerk dahinter vermutet johann gudenus straches ibizareisegefährte erklärte ausgewählten medien am dienstag seine sicht der dinge demnach habe eine ihm bekannte immobilienmaklerin den kontakt zu einem wiener immobilienanwalt mit büro in der innenstadt hergestellt weil gudenus ein geerbtes grundstück im kremstal veräußern wollte dieser anwalt herr m habe gudenus erzählt dass einer seiner bekannten eine reiche oligarchennichte kenne die an dem grundstück interessiert sei und so sei der erstkontakt im märz  entstanden zwischen gudenus dem anwalt der oligarchennichte und ebenjenem bekannten des anwalts der sich als vertrauter der oligarchennichte ausgab  und mit ihr an jenem verhängnisvollen abend mit strache und gudenus in ibiza bei champagner wodka und versteckter videoaufzeichnung zusammensaß dieselbe adresse wie münchner anwaltskanzlei dieser vertraute sei ein münchner detektiv mit wiener wurzeln julian h  der sich laut standardrecherchen vor einiger zeit auf seiner firmenwebseite noch damit brüstete eine professionelle spürnase im auftrag von kriminalpolizei innenministerium und ausländischen regierungen zu sein die homepage wurde mittlerweile offline genommen die firmenadresse ist übrigens ident mit der münchner anwaltskanzlei giese h hat das firmentelefon auf anwalt christian giese weitergeleitet ich weiß nicht wo er sich befindet sagte dieser am mittwoch dem standard  und gab an aus verschwiegenheitsgründen nicht sagen zu dürfen ob er h vertritt oder nicht mit h bestehe aber ein untermietverhältnis sagt giese er hat einen raum bei uns angemietet im gespräch mit oetv bestätigt der ehemalige chef von h sascha wandl dass er seinen kollegen h auf den videoaufnahmen sofort erkannt habe das ibizavideo trägt genau meine handschrift so wandl h und der wiener anwalt m seien eng befreundet wiener anwalt verweist auf verschwiegenheitsverpflichtung beim verhängnisvollen treffen auf ibiza war der wiener innenstadtanwalt m übrigens nicht anwesend auch er will zu den vorwürfen von gudenus nicht stellung nehmen lässt über seinen anwalt richard soyer nur ausrichten dass er aufgrund von verschwiegenheitsverpflichtungen für eine stellungnahme nicht zur verfügung stehen kann soyers mandant erteile zudem keine zustimmung zu identifizierender berichterstattung seinen twitteraccount hat der anwalt jedenfalls gelöscht johann gudenus war trotz mehrfacher anfragen für den standard nicht zu sprechen laut wirtschafts und korruptionsstaatsanwaltschaft erfolgt im zusammenhang mit der erstellung des videos eine prüfung des anfangsverdachts und der zuständigkeit immerhin wurde auf ibiza gedreht demnach dürfte es eine abstimmung mit den spanischen behörden geben weitere vorwürfe es gibt aber auch weitere vorwürfe gegen den wiener rechtsanwalt einerseits taucht dieser auf der enthüllungsplattform offshoreleaks mit einer firma in malta auf andererseits soll er im wahlkampf vor der wiener gemeinderatswahl  parteivertretern belastendes material über strache angeboten haben ein mandant des anwalts soll demnach material über eine mutmaßliche geldübergabe an strache gehabt haben manfred juraczka damals övpchef in wien sagte dem standard uns wurde nichts angeboten  ob mit oder ohne geldforderungen für die landespartei kann ich das ausschließen auch ein sprecher der neos sagte dass man bisher den anwalt nicht gekannt habe ein sprecher von exbürgermeister michael häupl verneint die frage ob es  angebote des anwalts mit belastendem material an die spö gegeben habe,-1
STD_Twitter_Offline_13,0,Zeitungsartikel Offline,inland bundesland abend niederösterreich niederösterreich bundesland fpö nun offiziell teil von salvinis rechtsallianz  moser überraschte strache bei besuch in gefängnis  neos wollen bundesheer für eubürger öffnen  ohwahl wieder mit zwei kommunistischen listen kurz gemeldet wien  die fpö hat ihre teilnahme an dem vom italienischen innenminister matteo salvini initiierten bündnis der europäischen rechtspopulisten offiziell gemacht fpoeufrontmann harald vilimsky teilte am dienstag auf twitter ein dokument in dem sich die fpö dem gemeinsamen patriotischen projekt anschließt salvini bedankte sich dafür ebenso wie jörg meuten chef der alternative für deutschland  kremsstein  bei einem besuch in der justizanstalt stein durch vizekanzler heinzchristian strache fpö gesellte sich überraschend justizminister josef moser ovp an seine seite um medienöffentlich zusätzliche planposten für die justizwache zu fordern strache für beamte zuständig sagte die stellen zu nicht aber deren finanzierung die planposten stelle ich zur verfügung sagte strache das finanzielle müsse sich moser aber schon mit dem finanzminister ausmachen  wien  die neos bekräftigten am dienstag ihre ansicht dass zur bekämpfung der neuen bedrohungen der europäischen freiheiten eine gemeinsame euarmee notwendig sei innerhalb der nächsten zehn jahre soll deshalb zunächst das österreichische heer für eubürger geöffnet werden bis  sollen dann die harmonisierung von ausrüstung und der ausbildung sowie eine gemeinsame kommandostruktur für europäische einsätze beschlossen werden forderte claudia gamon neosspitzenkandidatin für die europawahl  wien  bei den wahlen zur österreichischen hochschülerinnenschaft oh von  bis  mai wollen wieder zwei kommunistische studentenverbände ksv mit identen anfangskürzeln in ihren namen antreten sowohl ksvkjo als auch ksvlili sammeln unterschriften für einen platz auf dem stimmzettel ,0
STD_Twitter_Offline_7,-1,Zeitungsartikel Offline,inland walter müller mara sterkl wolfgang weisgram bundesland abend bundesland die rote linie der blauen franst aus die überschneidungen der fpö mit den identitären sind bekannt die abgrenzung scheint schwierig das zeigt sich auch in der offiziellen kommunikation der partei die parteispitze der fpö steht von zwei seiten unter druck einerseits verlangt der koalitionspartner der fpö eine distanzierung von der identitären bewegung ib andererseits sorgt das bei teilen der fpobasis für unmut manche vertreter haben dieser missstimmung auch schon öffentlich luft gemacht zudem nutzt identitärenchef martin sellner die tagelange unentgeltliche dauerwerbung für zusätzliche prarbeit in eigener sache und ruft für den  april zu einer demonstration vor dem justizministerium auf unklare klarstellung die fpöspitze reagierte auf den druck mit einer klarstellung die alles unklar lässt generalsekretär christian hafenecker publizierte auf twitter ein foto jenes beschlusses des fpoparteivorstands von  der schon damals festgehalten habe dass ein fpofunktionär nicht zugleich identitärer sein könne wörtlich heißt es in dem beschlussprotokoll vom  februar  im zuge der diskussion wird weiters über die position der fpo gegenüber der ib gesprochen wobei einhelligkeit darüber herrscht dass es nicht möglich ist gleichzeitig aktives mitglied der ib und funktionär der fpo zu sein dem sei nichts hinzuzufügen so hafenecker zum standard auf die frage wie dieses formlose übereinkommen exekutiert werde sagt hafenecker dass im parteivorstand ja schließlich auch alle landesparteichefs und die obleute der vorfeldorganisationen säßen dieser infofluss funktioniert also welche sanktionen es gebe falls sich jemand nicht daran hält damit müssen die länder selber umgehen sagt hafenecker die länder wiederum pflegen ihren jeweils eigenen umgang mit der causa oberösterreichs parteichef manfred haimbuchner sagte im ointerview zwar dass hinsichtlich fpo und ib eine klare trennung zu erfolgen hat er fügte aber auch hinzu dass er in dieser völlig überzogenen debatte überhaupt keinen grund sehe sich von allem möglichen zu distanzieren da es ohnehin keine überschneidungen gebe derzeit scheint dieses erklärungsmuster recht beliebt zu sein auch der burgenländische fpöklubobmann geza molnar der  bei einer identitärenveranstaltung gesehen worden war greift darauf zurück heute würde er zu einer derartigen veranstaltung nicht mehr hingehen erklärt er die blauen steirer hingegen rücken keinen millimeter von ihrer nähe zu den identitären ab der grazer vizebürgermeister mario eustacchio unterstreicht sogar dass er inhaltlich alles unterschreiben könne was die identitären so über den großen austausch von sich geben der dritte steirische landtagspräsident gerhard kurzmann der wie eustacchio an einer demo mit den identitären teilgenommen hatte war für eine stellungnahme am freitag nicht erreichbar der grazer gemeinderat heinrich sickl der den identitären eine lokalität vermietet bekräftigt aber im standardgespräch dass er mit vizebürgermeister eustacchio der standard  übereinstimme wenn dieser von hysterie spreche er werde am mietvertrag festhalten die starre haltung der steirischen blauen dürfte nicht nur parteintern für diskussionen sorgen sie stößt auch dem grazer regierungspartner auf övpbürgermeister siegfried nagl der am vortag im verhalten der blauen noch kein problem gesehen hatte ging am freitag dann doch auf distanz nach medienberichten wonach ib chef sellner wegen einer hakenkreuzschändung einer synagoge  strafrechtlich verfolgt wurde erwarte er von der fpö dass sie sich von jenen menschen distanziert die nsgedankengut leben und verbreiten sagt nagl zum standard eustacchio müsse dazu jetzt eine klare stellungnahme abgeben er würde es auch sehr begrüßen wenn sickl endlich den mietvertrag mit den identitären auflöst wie ernst es der fpö mit der abgrenzung tatsächlich ist verdeutlicht ein detail jene videobotschaft in welcher der frühere fpö und bzöpolitiker gerald grosz den kanzler wegen des umgangs mit den identitären scharf kritisiert wurde von einem nicht ganz unprominenten account weiterverbreitet vom offiziellen facebookauftritt der freiheitlichen partei österreichs bild parteichef heinzchristian strache und sein vize der oberösterreichische landesparteichef manfred haimbuchner glauben in der fpöbasis eine klare trennung von den identitären zu sehen bild foto  fotokerschi,-1
STD_Twitter_Online_15,-1,Zeitungsartikel Online, web  netzpolitik wie ein youtuber die cdu in bedrängnis bringt  mai    fünf millionen mal geklicktes video von rezo wirbelt europawahlkampf durcheinander ob cdugeneralsekretär paul ziemiak und der mit dem video die zerstörung der cdu erfolgreiche youtuber rezo je gemeinsam an einem tisch sitzen werden nachdem er am mittwoch angebliche falschbehauptungen beklagte sprach ziemiak am donnerstag eine einladung zum gespräch an rezo aus unterzeichnet mit dein paul doch die einladung vergiftete ziemiak mit einem populismusvorwurf  eine antwort von rezo blieb zunächst aus das rezovideo dürfte der meistgesehene und womöglich auch einflussreichste internetbeitrag im vorfeld der europawahl sein am donnerstag durchbrach der fast einstündige clip die marke von fünf millionen zuschauern die zahl der kommentare stieg auf mehr als hunderttausend grober tenor der kommentare der jährige rezo spricht mit seiner kritik an cdu und csu aber auch spd und afd vielen menschen aus der seele background rezo ist ein in aachen lebender studierter informatiker der unter seinem künstlernamen vor allem viele lockere spaßplaudereien veröffentlicht mit seinem aktuellen politischen clip ist ihm ein coup gelungen darin empört er sich dass unter den langen regierungsjahren von cdu und csu die schere zwischen arm und reich auseinandergegangen sei sich deutschland an kriegsverbrechen beteilige und die klima und umweltpolitik allem expertenwissen widerspreche und unumkehrbar die erde zerstöre rezo ja lol ey sehr zugespitzt einseitig und forsch formuliert der mit blau gefärbten haaren als markenzeichen auftretende sohn eines protestantischen pfarrerehepaars immerhin hat er seine behauptungen aber mit prüfbaren quellen unterlegt die destruktiv klingende zerstörung hat er außerdem gleich am anfang seines videos relativiert nicht weil ich aktiv versuche jemanden zu zerstören sondern weil die fakten und tatsachen einfach dafür sprechen dass die cdu sich selbst ihren ruf und ihr wahlergebnis und damit selbst zerstört diese analyse der vermeintlichen selbstzerstörung der cdu ignorierte ziemiak am donnerstag er twitterte in seiner einladung an rezo wir machen das in der cdu seit  jahren wir zerstören einander nicht sondern wir hören einander zu wir reden miteinander wir finden gemeinsame lösungen den pauschalen vorwurf der falschbehauptungen an rezo ließ ziemiak weiter stehen wobei er zu den von rezo genutzten quellen sagte keine dieser quellen wird angezweifelt ziemiak veröffentlichte außerdem einen offenen brief mit dem titel wie wir die sache sehen vorwürfe darin setzt sich die cdu allerdings nicht mit einem einzigen konkreten vorwurf auseinander stattdessen heißt es die währung von youtubern sind klickraten die währung einer volkspartei wie der cdu ist vertrauen eine kühne interpretation von statistiken werfen die christdemokraten rezo noch vor verkürzen verzerren und verdrehen seien populismus mit solchen vorwürfen dürfte ziemiak die aufgewühlten zuschauer kaum beruhigen außerdem lässt das vorgehen der partei erkennen wie sehr die cdu von dem erfolg des clips überrumpelt wurde zunächst produzierte die cdu ein eigenes antwortvideo mit dem wie rezo jährigen bundestagsabgeordneten philipp amthor doch das video bleibt nun im giftschrank stattdessen soll es ein persönliches gespräch geben reaktionen bis zum wahltag am sonntag wird die cdu die diskussion nicht einfangen können viele menschen scheinen den youtuber als augenöffner zu sehen danke danke danke sagt eine jährige olle für die du die hoffnung deiner generation bist schreibt etwa eine nutzerin auch andere nutzer ergänzen ihr lob mit einem hinweis auf ihr fortgeschrittenes alter  offensichtlich um zu dokumentieren dass der clip längst über die junge youtubewelt hinaus wahrgenommen wird einen politischen gegenvorschlag hat rezo allerdings nicht kein plan wen man wählen sollte erklärt er am ende seines videos die botschaft dass er aber cdu csu spd und afd für unwählbar hält hat er untergebracht,-1
SZ_Facebook_Offline_10,1,Zeitungsartikel Offline,dachau dachau  kilometer für den guten zweck vier dachauer machen sich als chaoscityriders mit einem  jahre alten vvwbus auf den weg rund um die ostsee bei der internationalen spendenrallye baltic sea circle wollen se für soziale projekte im landkreis sammeln von thomas hürner dachau  es rumpelt ein bisschen kupplung dritter gang michael pietzonka tritt behutsam aufs gas wir hoffen er hält sagt er klopft liebevoll aufs armaturenbrett schaltet runter in den zweiten gang und bezwingt mit seinem gefährt mühelos den hügel in der dachauer altstadt hinten sitzen derweil sein bruder tobias pietzonka benjamin markovic und bernard zeidler sie sind jugendfreunde und werden noch etwas gröfsere strapazen auf sich nehmen als diese kurze tour über kopfsteinpflaster und asphaltierte straßen ihnen steht eine große reise bevor die reise ihres lebens wie sie sagen  und diese treten sie an für einen guten zweck rund  kilometer werden sie zurücklegen um die ostsee herum skandinavien lappland das baltikum russland wird schon gut gehen wirft tobias pietzonka von der rückbank ein lächelt und fügt hinzu auch wenn das mit vier männern auf engstem raum ja schon mal problematisch sein kann an diesem sonnigen aprilabend aber ist nichts problematisch die vier jungen männer sind gespannt und voller vorfreude auf das was sie in diesen  gemeinsamen tagen erwarten wird die chaoscityriders wie sie sich in anlehnung an den längst bekannten kosenamen für die stadt dachau nennen nehmen am baltic sea circle teil eine internationale spendenrallye los gehts mitte juni in hamburg erwartet werden über  teams aus aller welt ein abenteuer in den nördlichsten gefilden europas das aber vor allem einer höheren motivation gilt die gesamte veranstaltung dient dem allgemeinwohl die teilnehmer nehmen die anstrengungen auf sich um spenden zu sammeln mehr als  euro haben die chaoscityriders inzwischen zusammen aber nach oben gibts natürlich keine grenzen sagt bernard zeidler freunde verwandte geschäftsleute und firmen haben bereits geld gespendet meist aus dem landkreis manchmal aber auch völlig fremde der leo und lionsclub hat sich der obhut über die gelder angenommen stellt spendenquittungen aus und verteilt dann die einnahmen an das franziskuswerk schönbrunn die gretafischerschule und den integrationskindergarten himmelreich uns war es wichtig drei konkrete projekte zu haben sagt tobias pietzonka so weiß jeder wofür er spendet und das besondere anliegen der vier männer lautet wir wollen gutes tun in dachau sagt benjamin markovic dafür haben sich die chaoscityriders einen vwbus angeschafft baujahr   kilometer auf dem tacho das gefährt hat vonseiten des veranstalters bestimmte vorgaben zu erfüllen mindestens  jahre alt muss es sein kosten darf es nicht mehr als  euro gemeinsam haben sie das auto hergerichtet dann von zwei kfzwerkstätten checken lassen damit es zwischen hansestadt und nordkap nicht zu unverhofften komplikationen kommt und wenn doch dann wird das abenteuer eben ein bisschen größer sagt bernard zeidler und lächelt immerhin gehe es auch darum mit den einheimischen in kontakt zu treten einfach mal klingeln und nach einem glas wasser fragen nach einem schuss motoröl aber auch selber helfen wenn andere teams in schwierigkeiten geraten neben dem guten zweck steht die interaktion im vordergrund sagt michael pietzonka der jetzt einen bekannten in der altstadt entdeckt laut hupt und ein freundliches grinsen zurückbekommt tja fügt er an von dachauern für dachauer eben süddeutsche zeitung d  tatsächlich haben die vier männer nicht wenig auf sich genommen um anderen zu helfen die eigenen kosten könnten sich am ende auf insgesamt rund  euro belaufen auto equipment mautgebühren sprit überfahrten da kommt schon was zusammen sagt bernard zeidler von den spenden wird das aber nicht abgerechnet alles kommt aus dem eigenen geldbeutel alles andere wäre ja auch falsch sagt benjamin markovic der initiator des abenteuers zufällig war er durch einen facebookpost auf die veranstaltung gestofsen sofort habe er sich gedacht da müssen wir dabei sein markovic fragte seine drei kumpels tobias pietzonka und bernard zeidler waren sofort dabei nur michael pietzonka hat ein bisschen gezögert eigentlich bin ich ja lieber mit dem fahrrad unterwegs sagt er während er den vwbus souverän durch den dachauer feierabendverkehr steuert michael pietzonka ist triathlet und müsste sich in dieser zeit eigentlich auf die anstehenden wettbewerbe vorbereiten aber eine lösung war schnell gefunden ich werde während der rallye trainieren sagt michael pietzonka einfach dem bus hinterherrennen oder hinterradeln das geht schon immerhin bietet die anstehende tour neben ihrem höheren zweck auch noch die verlockung der nordischen idylle der weg führt vorbei an weißen stränden einsamen schären rauen kliffen und tiefen fjorden es geht mitten durch robuste nadelwälder abgelegene siedlungen und fremde kulturen ich habe jetzt schon gänsehaut sagt tobias pietzonka in diese länder kommt man so schnell nicht mehr ergänzt sein bruder michael und mit  jahren bereut man s wenn man da nicht dabei war es könnte aber momente geben in denen sie diese tour vielleicht doch ein bisschen bereuen auf der rallye müssen auch diverse aufgaben erfüllt werden im vergangenen jahr mussten die teams etwa etliche kilometer mit der fischspeise surströmming an bord zurücklegen in schweden ist der vergorene hering eine delikatesse woanders ob seines bestialischen gestanks eher gefürchtet und wer nicht im hotel sondern m zelt oder fahrzeug schläft bekommt extrapunkte für die rallyeach sagt bernard zeidler das kann doch auch ne gaudi sein primär um gaudi geht es den jungen männern aber nicht wie sie immer wieder hervorheben wir wollten das von anfang an professionell machen sagt benjamin markovic das auto wird an viel besuchten plätzen in der stadt platziert facebook instagram inzwischen kennt man uns in der stadt sagt bernard zeidler auch der dachauer oberbürgermeister florian hartmann spd hat bereits ein bild der chaoscityriders über die sozialen netzwerke geteilt und zu weiteren spenden aufgerufen im vergangenen jahr sind beim baltic sea circle insgesamt rund  millionen euro eingesammelt worden wir wollen unseren beitrag leisten sagt michael pietzonka tritt dabei gefuhlvoll auf die bremse und parkt den vwwbus nach einigen runden durch die altstadt in der konradadenauerstraße aber jetzt ruft benjamin markovicvon hinten jetzt geht s für uns erst richtig los gespendet werden kann unter der internetadresse wwwbetterplaceorgf die einnahmen gehen an das franziskuswerk schönbrunn die gretafischerschule und den integrationskindergarten himmelreich bild bernard zeidler tobias pietzonka michael pietzonka und benjamin markovic von links sind die chaoscityriders mit einem  jahre alten vwbus wollen sie rund um die ostsee fahren und dabei spenden für dachauer projekte sammeln fotoniels p jorgensen,1
SZ_Facebook_Offline_23,0,Zeitungsartikel Offline,magazin prnt der scharfmacher der afdbundestagsabgeordnete markus frohnmaier lebt vom gleichen erfolgsprinzip wie seine partei der provokation was bleibt wenn hm diese methode zu riskant wird text raphael thelen fotos thomas victor er trittan das rednerpult eine deutschlandfahne schlingt sich darum seit hauptschultagen träumt er davon auf großer bühne zu stehen im oktober  kaum zehn jahre und einige tabubrüche später ist es so weit bjorn höcke hat ihn eingeladen markus frohnmaier blickt über den erfurter domplatz sieht die  menschen die sich bis an die fachwerkhäuser drängen er sieht die deutschlandfahnen und die schilder die angela merkel mit kopftuch zeigen darunter mutti multikulti es sind titelseiten des rechten magazins compact und er sieht die smartphones die ihm entgegengereckt werden ein mann filmt ihn von rechts das video ist auf youtube zu finden frohnmaier hebt das mikrofon an den mund die altparteien ruft er haben den rechtsbruch zum normalfall erhoben er nennt flüchtlinge asylforderer und die grünen eine partei von pädophilen ich frage euch liebe freunde sind das volksvertreter die menge ruft volksverräter er schaut auf sein manuskript und dann wieder hoch ich sage diesen linken gesinnungsterroristen diesem parteienfilz ganz klar wenn wir kommen dann wird aufgeräumt dann wird ausgemistet dann wird wieder politik für das volk und zwar nur für das volk gemacht  denn wir sind das volk liebe freundel die menschen antworten ihm im chor wir sind das volk am nächsten tag wird über hn berichtet von offenen drohungen gegen andersdenkende spricht der deutschlandfunk in sozialen medien wird der auftritt tausendfach geklickt frohnmaier ist nun eine bekanntheit drei jahre später steigt er in berlinwilmersdorf aus einem wagen des fahrdiensts des bundestages er öffnet die tur eines zigarrenladens und betritt den begehbaren humidor frohnmaier sagt einem elegant gekleideten angestellten ich hätte gerne eine zigarre cremig nicht zu stark neunzig minuten rauchdauer und alle blätter aus einem anbaugebiet sein aufstieg ist kometenhaft wie der der afd die innerhalb von fünf jahren n alle länderparlamente und den bundestag einzog keiner anderen partei ist das seit  so schnell gelungen frohnmaier arbeitete als bundesvorsitzender der jugendorganisation junge alternative und als pressesprecher zweier vorsitzender intensiv daran mit der mann ist wie eine dnsprobe hat man ihn eingehend betrachtet kennt man den ganzen organismus afd viel genauer ihre erfolgsmethoden ihre schwachstellen mit der zigarre in der hand geht frohnmaier über den dunkelroten teppich ins hinterzimmer und setzt sich in einen der schweren gepolsterten lehnstuühle er lädt journalisten hierher ein um über sich zu sprechen mit dem szmagazin ist es das erste von rund zwanzig treffen über anderthalb jahre hinweg  eine zeit in der er kämpft siegt und verliert warum er diese begleitung zulässt es sei besser mit journalisten zu reden als sie als gegner zu betrachten sagt er mit einem cutter schneidet er die spitze seiner zigarre ab brennt sie an pafft schweren rauch in den raum und eröffnetdieses erste gespräch mit den worten ich bin auch deshalb politisiert worden weil ich fruh realisiert habe dass multikulti nicht funktioniert er blickt seinen worten hinterher prüft welche wirkung sie auf sein gegenüber haben weil die welt der chauffeure interviews und fraktionssitzungen ihm nicht vorgegeben war hat es einiges an lalent gebraucht um sie zu erreichen das talent ist provokation sein leben erzählt er so er sei  in craiova in rumänien geboren und als kleinkind adoptiert worden seine adoptiveltern sie gelernte blumenbinderin er elektrotechniker bei daimler  hätten ihn ins kleine weil der stadt in schwaben geholt in der grundschule habe er schwierigkeiten gehabt sich zu konzentrieren deshalb sei er mit den kindern einer nahe gelegenen fluchtlingsunterkunft auf die hauptschule gekommen das habe ihn geprägt einmal habe der katholische klassenkamerad auf allen vieren in den klassenraum kriechen müssen weil er kein moslem war am  september  dem tag der terror anschläge in new york sei gefeiert worden mitschüler hätten aus einem geodreieck und einem füller ein süddeutsche zeitung d  flugzeug gebastelt und die angriffe nachgestellt nach der schule habe er auf der couch gesessen und der richterin barbara salesch dabei zugeguckt wie sie auf sat ihre pseudodokumentarischen gerichtsfälle verhandelte in ihm sei der wunsch gewachsen auf der gegenüberliegenden seite platz zunehmen anwalt zu werden ein berufsberater habe seine schulklasse besucht da habe frohnmaier von seinem wunsch erzählt seine mitschüler hätten hn ausgelacht und der berufsberater so etwas gesagt wie da gibt es den daimler und da kann man mechatroniker werden das ist gut genug für einen wie dich er erzählt das wie jemand der sich zu wenig anerkannt fühlt oder wie jemand der daraus kapital schlagen will weil den schwachen oft die sympathien gelten vielleicht ist es beides und vielleicht verbindet dieses ringen um anerkennung ihn die afd und ihre wähler mit  jahren habe er sich die haare seitlich kurzrasiert ein leopardenmuster hineingefärbt und sei auf punkrockkonzerte gegangen er habe rebellieren wollen und das schubsen und springen beim pogotanzen gemocht auch in einer band habe er spielen wollen ich stehe ja auch gern auf der bühne sagt er frohnmaier sagt er habe sich nicht damit abfinden wollen mechatroniker zu werden von der hauptschule schaffte er es auf die realschule und dann aufs wirtschaftsgymnasium irgendwann sei er auf einem konzert in böblingen angepöbelt worden der andere habe ein problem mit der deutschlandfahne gehabt die frohnmaier auf seinem parka trug so etwas sei immer öfter passiert und er habe gemerkt dass er nicht in diese szene gepasst habe ich fand einfach nicht dass deutschland sterben muss dieses gerede fand ich zum kotzen sagt er er habe von der german defence league gehört kurz gdl die gdl ist teil eines europaweiten rechtsextremen netzes das anders breivik anregte der auf der norwegischen insel uteya  teilnehmer eines sozialdemokratischen zeltlagers erschoss frohnmaier sagt er sei zum stammtisch der gdl gegangen mehr aber nicht  das beteuert er immer wieder allerdings auf der brust trägt er die tätowierung eines lorbeerkranzes ähnlich wie die gdl ihn in verbindung mit ihrem logo immer wieder verwendet hat es gebe dinge in denen er mit der gdl übereinstimme ich möchte wie sie dass dieses land nicht arabischislamisch geprägt ist sagt er ins profil seiner abizeitung erzählt frohnmaier habe ihm ein mitschüler geschrieben der wird mal bundestagsabgeordneter sein früherer religionslehrer sal mittlerweile für die fdp m bundestag frohnmaier absolvierte bei ihm nach der schule  ein praktikum die fdp war nichts für mich aber ich war wenigstens schon mal im bundestag gewesen sagt er er habe sich in tübingen für jura eingeschrieben die ersten vier semester aber vor allem die kneipen studiert als  die afd gegründet wurde sei er eingetreten an der gründung der bundesweiten jungen alternative kurz ja habe er teilgenommen und den landesverband n badenwürttemberg aufgebaut ich wollte die gruppe führen sagt er seine gruppe sei gewachsen parteikollegen nannten ihn anerkennend frontmaier als björn höcke  die erfurter resolution entwarf als angriff der parteirechten auf die gemäßigteren gehörte frohnmaier zu den erstunterzeichnern der schärfere kurs drängte viele aus der partei die wegenderen kritik am eurorettungsschirm eingetreten waren auch der parteigrunder bernd lucke wurde aus dem amt gedrängt bald darauf wurde frohnmaier jabundesvorsitzender zur uni sei er kaum noch gegangen stattdessen habe er die bildzeitung studiert um zu sehen wie sie themen zuspitzt politik muss so sein wie die bild schreibt einfach direkt für die menschen sagt er die parteivorsitzende frauke petry engagierte ihn als pressesprecher nannte ihnkampfzwerg er kämpfte um einen sitz im baden württembergischen landtag schaffte es jedoch nicht als petry von ihrer partei als zu gemäßigt abgesägt wurde wechselte frohnmaier zu ihrer nachfolgerin alice weidel an vielen wichtigen entscheidungen sagt er habe er mitgewirkt an welchen dürfe er nicht sagen weil er eine verschwiegenheitsklausel unterzeichnet habe petry und weidel ließen anfragen des szmagazins über ihre sicht auf markus frohnmaier unbeantwortet was sind seine ziele was wir machen ist ein generalangriff auf die werte der achtundsechziger sagt er er ist gegen frauenquoten gegen die aussetzung der wehrpflicht gegen die ehe für alle weil an universitäten gelehrt wirddass geschlechterrollen sozial konstruiert sind hält er die deutsche gesellschaft für degeneriert und immer wieder greift er flüchtlinge und muslime an er sagt für männliche asylbewerber unter fünfzig jahren soll nach zwanzig uhr ausgangssperre gelten alle einreisenden sollen an der deutschen grenze ihre geburtsurkunde vorzeigen muslime sind abzuweisen das tragen von kopftüchern im öffentlichen raum soll verboten werden als die polizei nach einem taschendiebstahl nahe seiner heimatstadt erwähnte die flüchtige tatverdächtige habe einen dunklen teint setzte frohnmaier ein kopfgeld aus  euro für die ergreifung die niederlage bei den landtagswahlen war bald verwunden er kampfte um ein bundestagsmandat und gewann mit  jahren im bundestag das schafft kaum jemand süddeutsche zeitung d  doch obwohl er auf der klaviatur der afd so fest in die tasten haut bekommt markus frohnmaier in seinen ersten wochen als parlamentarier einen dämpfer es ist herbst  die afdfraktion hat sich in einem konferenzraum des bundestags versammelt die posten werden verteilt draußen wütet ein sturm durch die fenster sieht man wie er heftig an den deutschlandfahnen auf dem reichstag zerrt frohnmaier bewirbt sich bei seiner partei um den posten des zweiten parlamentarischen geschäftsführers und fällt durch als er aus dem raum tritt ist er wütend spater bewirbt er sich für den ausschuss für auswärtige angelegenheiten abgelehnt ihm sei erzählt worden es habe da ein treffen seiner fraktionskollegen gegeben einer habe gesagt wie hochgebildet und exzellent vorbereitet sie doch alle seien dann habe ein anderer gerufen aber der markus er schafft es nur inden ausschuss für wirtschaftliche zusammenarbeit und entwicklung die kämpfe innerhalb der afd werden nicht rücksichtsvoller geführt als die mit politischen gegnern kurz vor weihnachten  ist frohnmaier zurück in seiner heimat und auf dem weg zur weihnachtsfeier der jungen alternative badenwürttemberg eigentlich ein heimspiel für ihn frohnmaier tritt in die schick als eventlocation renovierte scheune bekommt eine flasche bier und setzt sich der landesgruppenchef dirk spaniel steht vorn und erzählt gerade eine anekdote aus dem wahlkampf er und andere hätten in der nacht in stuttgart plakate geklebt als mehrere antifaaktivisten sie angegriffen hätten so ein typ hat mich angesprungen ruft spaniel aber einer der unseren hat ihn mit einer stange niedergeschlagen die zuhörer johlen als nächster ist frohnmaier dran mit bierflasche und manuskript geht er zum rednertisch er stellt die bierflasche auf den tisch greift sich einen stuhl und hievt hn ebenfalls darauf er hat sich so schon öfter ein pult für sein manuskript improvisiert zuletzt mit einem babystuhl er hatte damit einen großen lacher erzielt das publikum in der scheune schweigt weihnachten sagt frohnmaier ist für uns deutsche noch immer das wichtigste fest des jahres es ist die zeit in der wir in die warme stube treten den weihnachtsbaum schmücken und in die lächelnden gesichter unserer liebsten blicken als er das rumänische adoptivkind für uns deutsche sagt schallt ihm von hinten ein lachen entgegen da ist wieder das intrigante in der afd das frohnmaier so gut kennt papierdeutscher werde er auch genannt sagt er er redet weiter in der ihm eigenen diktion ohne melodie nur die reizwörter betonend er sagt wie wichtig es sei sich zeitzu nehmen denn wir haben wenigstens familie und freunde nicht wie so manche gestalt die das jahr über als gleichstellungsbeauftragte für unisextoiletten mobil gemacht hat aber heiligabend dann alleine zu hause ist beim wort unisextoiletten kommt ein zögerlicher applaus es vergeht kein tag an dem wir nicht von einem sexuellen übergriff lesen verübt durch die leute die von angela merkel eingeladen worden sind ihren gästen er wird immer drängender und lauter das publikum applaudiert bald nach jeder pointe als er fertig ist umringen ihn mehrere männer wollen bier mit ihm trinken auf facebook operiert frohnmaier ähnlich er greift frauen wie claudia roth an bezeichnet den grünen politiker volker beck als einen homolobbyisten und wünscht ihm einen urlaub in moskau dort werden schwule auf offener straße verprügelt es ist das rezept das für hn und seine partei gut aufgeht es scheint als gebe es in einer gesellschaft die stark nach affektkontrolle verlangt einen hunger danach auch mal emotional auszubrechen frohnmaier und die afd leben davon diesen hunger zu stillen in schwung kommt die sache wenn medien und politische gegner auf die provokationen anspringen dann ist es wie beim windrad ohne wind geht nichts aber je mehr wind desto mehr energie die nachste weihnachtsfeier eine autostunde entfernt in einem restaurant in böblingen am eingang wird frohnmaier von einem mann im knechtruprechtkostüum begrüßt mit bart und rute wie läuft es denn in berlin fragt der mann es ist schön zwei mal im monat merkel einheizen zu können sagt frohnmaier nur zwei mal kommt es zurück das muss noch mehr werden| frohnmaier ringt sich ein lächeln ab und nickt am tisch bestellt er ein radler und zwiebelrostbraten noch während er isst wird er nach vorn gerufen um seine rede zu halten kurz danach ist er wieder draufsen und am steuer seines autos im studium war es immer ziemlich geil da sind wir drei bis viermal die woche ins fitnessstudio gegangen sagt er doch seitdem habe er es kaum noch geschafft immer unterwegs von parteitreffen zu parteitreffen das macht fett man sitzt jeden tag auf irgendwelchen stammtischen bierchen trinken schnitzel essen ich habe locker  kilo zugenommen er habe einen bekannten gehabt führungskraft in einer bank der habe immer nur gepowert mit mitte vierzig süddeutsche zeitung d  sei er gestorben so wolle er nicht enden kurz vor der bundestagswahl hat er mit seiner frau einen sohn bekommen  die ehefrau ist eine russische journalistin die er  auf einem wirtschaftstorum auf der krim kennengelernt hat ich will schon dass der etwas von seinem papa hat sagt er doch wer auf provokation baut darf nicht nachlassen sonst wird er vergessen mitte januar  möchte ihn ein journalist der israelischen tageszeitung haaretz interviewen kurz nachdem donald trump die verlegung der usbotschaft nach jerusalem ankündigt hatte forderte frohnmaier die bundesregierung auf auch die deutsche botschaft nach jerusalem zu verlegen deshalb das interview auf dem weg zum treffpunkt spürt er einen druck in der brust während des gesprächs kann er sich nicht richtig auf die fragen konzentrieren und bricht ab er lässt sich in die charite fahren die ärzte stellen fest dass ein areal am herz keilförmig entzündet ist wahrscheinlich weil die durchblutung durch ein gerinnsel gestört war ein leichter herzinfarkt für das nächste treffen mit dem szmagazin drei wochen nach dem herzinfarkt schlägt er ein restaurant in berlin vor frohnmaier bestellt gnocchi mit salat er ist blass seine stimme klingt dünn blutverdünner und blutdrucksenkende medikamente nehme er jetzt außerdem dürfe er nicht mehr seine geliebten zigarren rauchen aber viel mehr könne man ja nicht machen er betont jetzt dass er mit dem ständigen provozieren aufhören wolle aber nicht wegen des herzinfarkts sondern aus kalkul ich will mich professionalisieren sagt er sonst wird das nichts mit den mehrheiten vor diesem konflikt stehen viele junge parteien es ist der lagerkampf zwischen pragmatikern und fundamentalisten die pragmatiker setzen auf lösungsvorschläge unterstützen kompromisse sie wollen an posten kommen und mitgestalten die fundamentalisten beschwören ihre prinzipien stellen maximalforderungen setzen auf provokation um die öffentliche meinung zu beeinflussen frohnmaier sagt er wolle jetzt pragmatiker werden in der  sitzung des bundestags mitte märz  steht frohnmaiers erster parlamentsauftritt an er sitzt in der zweiten reihe seiner fraktion statt eines pullovers wie bisher sonst meistens trägt er einen dunkelblauen anzug seine frau erzählt er habe ihm gesagt dass er nicht ständig über das jugendliche aussehen des jusovorsitzenden kevin kühnert spotten könne während er sich doch ähnlich kleide es ist nach  uhr ein drittel der sitze ist belegt frohnmaier wird über den letzten tagesordnungspunkt vor dem sitzungsende sprechen er will seinen deutschlandplan vorstellen herr präsident meine sehr verehrten damen und herren werte kollegen sagt er  wenn wir über entwicklungspolitik sprechen hört man in diesem hohen hause von der bundesregierung bis dato nur einen einzigen ansatz brunnen bohren mädchenschulen bauen den co ausstoß in hungergebieten senken und gendermainstreaming im königreich lesotho fördern jetzt ruft die grünenabgeordnete franziska brantner dazwischen dann zeigen sie mal ihre brust mit den tattoos zeigen sie mal ihre tattoos auch brantner stammt aus baden württemberg sie gibt dem szmagazin gegenüber später an sich mal in der antifa engagiert zu haben und von frohnmaiers rechtsextremer jugend zu wissen frohnmaier blickt irritiert auf fängt sich fährt fort china für seine entwicklungspolitik zu preisen denn das ist der zentrale punkt seines deutschlandplans nationale interessen stehen an erster stelle außenpolitik soll nicht wertegeleitet sein von china lernen heißt siegen lernen sagt er brantner ruft wieder zeig deine tattoos ich will deine tattoos sehen frohn maier geht zurück an seinen platz am nächsten tag steht nichts von seinem auftritt in der presse auch thesenpapiere zu den themen rente und steuern schreibt er aber auch da ist die resonanz gering viele redaktionen finden uns blöd sagt er wenn wir nicht provozieren wird nicht über uns berichtet es bleibt uns gar nichts anderes ubrig im anschluss an eine bundestagssitzung sitzt er in seinem büro gerade wurde über die auslandseinsätze der bundeswehr abgestimmt er sagt außenpolitik sei genau sein feld und er habe teilweise mit der regierung gestimmt um zu zeigen dass er nicht nur totalopposition mache sondern sich mit jedem antrag auseinandersetze auf die frage in welchen punkten er zugestimmt habe sagt er das waren fünf oder sechs das kriege ich aus dem kopf nicht mehr zusammen weil die alle so wunderbare englische bezeichnungen haben ob zu dem zeitpunkt deutsche soldaten in der türkei stationiert sind weiß er nicht fur seinen taktischen zug im bundestag mit der regierung zu stimmen muss er das nicht wissen vielleicht ist das seine große schwäche dass er keine große strategie beherrscht sondern nur kleine taktik aber taktik die kann er in den tagen nachdem die grüne brantner ihn aufgefordert hatte seine brust zu zeigen beginnt er in seiner fraktion unterschriften zu sammeln wegen sexismus gegen männer es ist eine praktion in der zeit der metoodebatte ein bildredakteur interviewt ihn dazu frohnmaier sagt ihm ich kann den ausziehwunsch von frau drbrantner verstehen weil unter den männern in ihrer partei ja vor allem süddeutsche zeitung d  die müslifraktion vertreten ist außerdem sagt er habe er seitdem ein mulmiges gefühl wenn er in den unterirdischen gängen des bundestags unterwegs sei die könnte ja hinter dem geldautomat hervorspringen bild bringt die story auf seite eins auch sternde rtlde und die zeit berichten war halt wieder eine steilvorlage von jemandem die wir medial verwertet haben sagt frohnmaier später da bin ich knallhart effektiv nach alice weidel alexander gauland und beatrix von storch sei er der mit der größten medialen wirkmacht n der partei nach pragmatiker klingt das alles nicht schon bald nach seinem herzinfarkt wirkt frohnmaier wieder sehr angriffslustig postet auf facebook ein video mit dem titel ich bin wieder da steht scherzend mit seinem team in seinem büro das er ein start up nennt zu diesem team gehört kevork almassian ein syrischer fluchtling der auf seinem youtubekanal propaganda für den syrischen diktator baschar alassad betreibt bei frohnmaier ist almassan für social media zuständig auf einem beistelltisch in der sofaecke liegt das buch was nun vom sozialstaat zum ordnungsstaat von dimitrios kisoudis darin steht auf seite sechs markus frohnmaier in freundschaft gewidmet frohnmaier sagt es sei sein lieblingsbuch darin wird eine neue staatsform entworfen hauptakteur darin ist die polizei sie kontrolliert die verwaltung und erhält den großteil des staatshaushalts haupt aufgabe sei es den äulseren und inneren feind zu identifizieren und präventiv zu handeln der autor dimitrios kisoudis ist eurasier die sogenannte eurasische bewegung sieht russland und den westen in einem kulturkampf und wünscht sich dass europa sich von den usa abwendet und sich als protektorat unter die herrschaft russlands begibt kisoudis möchte dass der staat gemeinsam von herkunftsdeutschen russen serben und kroaten regiert wird dieser staat soll das heutige deutschland ersetzen ich teile die ansichten des autors sagt frohnmaier seine hinwendung zu russland zeigt sich auch darin dass er auf einladung der russischen regierung auf die besetzte krim reiste und die russisch besetzte stadt donezk in der ukraine besuchte außerdem stellt frohnmaier manuel ochsenreiter ein er und ochsenreiter gründeten zuvor bereits das deutsche zentrum für eurasische studien ochsenreiter fungiert als eine der wichtigsten figuren des eurasischen netzwerks in europa er traf sich mit faschisten in polen die der eurasischen bewegung anhängen posierte auf einer antisemitischen konferenz im iran mit der eurasischen flagge und besuchte zusammen mit frohnmaier prorussische rebellen in der ukraine die frankfurter rundschau berichtet über ochsenreiter dessen hintergrund und darüber dass frohnmaier ihn eingestellt hat er und seine partei eilen monatelang von erfolg zu erfolg mit dem thema flüchtlinge prägen sie die politische debatte in den schwesterparteien cdu und csu entbrannte zwischenzeitlich der schärfste streit seit  jahren die fraktionsgemeinschaft drohte zu zerbrechen merkel rückte von ihrer liberalen flüchtlingspolitik ab bei der bayernwahl im oktober  verliert die csu dann  prozentpunkte die afd gewinnt  hinzu die unionsparteien haben sich zu einer kopiermaschine der afd entwickelt sagt frohnmaier stellt man auf den fluren des reichstags politikern die frage was sie der afd entgegensetzen wollen herrscht in jenen tagen ratlosigkeit claudia roth würgt demonstrativ als sie frohnmaiers namen hört und erzahlt dann dass sie gegen frohnmaiers hetze vor gericht klagte und mehrmals verlor franziska brantner sagt sie bereue ihre zwischenrufe weil frohnmaier sie gegen sie wenden konnte pascal kober der frühere religionslehrer von frohnmaier und heutige fdpabgeordnete sagt er könne nur darüber staunen wie gut frohnmaier das gemacht habe mit seiner rede in erfurt was dagegen zu tun sei wisse er auch nicht die prophezeiung dass der parlamentsbetrieb die afd schon bändigen werde geht bisher nicht in erfüllung und weil es so gut lauft herrscht zwischen den pragmatikern und den fundamentalisten der afd frieden es scheint im sommer  als habe die deutsche demokratie den frohnmaiers nichts entgegenzusetzen am  august  feiert chemnitz sein  stadtjubilaum um drei uhr in der nacht wird in der nähe des bahnhofs ein mann niedergestochen verdächtigt werden ein syrer und ein iraker für den nächsten tag verabreden sich die afd und rechtsextreme fußballfans zu demonstrationen frohnmaier schreibt auf twitter wenn der staat die bürger nicht mehr schützen kann gehen die menschen auf die straße und schützen sich selber ganz einfach heute ist es bürgerpflicht die todbringende messermigration zu stoppen es hätte deinen vater sohn oder bruder treffen können| seit monaten fährt die afd eine kampagne zum thema migranten und messergewalt frohnmaiers tweet wird tausendfach geteilt und kommentiert  menschen ziehen durch chemnitz tragen tshirts mit aufschriften wie skinheads sachsen und skandieren für jeden toten deutschen einen toten ausländer greifen polizisten und afghanen an ein journalist vom deutschlandfunk fragt frohnmaier wegen dessen tweet sie sind für selbstjustiz in deutschland  frohn süddeutsche zeitung d  maier sagt ich bin dafür dass menschen sich selber schützen und verteidigen dürfen und verknüpft mehrfach die themen migration und gewalt die ardtalkshow maischberger blendet seinen tweet ein es ist für ihn mal wieder gut gelaufen doch dann verschiebt sich etwas hansgeorg maafsen wird als präsident des verfassungsschutzes abgesetzt sein nachfolger wird thomas haldenwang der kündigt an eine beobachtung der afd zu prüfen in der partei verhärten sich wieder die linien zwischen pragmatikern und fundamentalisten der niedersächsische afdlandesvorstand möchte die socialmediaaccounts aller mandatsund amtsträger überwachen und schreibt in einer handreichung beobachtet der vs eine partei verlassen in kürzester zeit nahezu alle beschäftigten des öffentlichen dienstes diese partei soldaten polizisten justizvollzugsbeamte richter müssen befürchten dienstrechtlich belangt zu werden ein von der afd bestellter gutachter schreibt unbedingt notwendig ist es folgende äußerungen und verhaltensweisen zu unterlassen pauschale diffamierungen oder herabwürdigungen von ausländernimmigrantenflüchtlingenmuslimen mehreren mitgliedern mit antisemitischen ansichten oder kontakten zu neonazis wird parteischädigendes verhalten vorgeworfen parteiausschlussverfahren gegen sie werden eingeleitet auf der anderen seite baumen sich björn höcke und sein flügel auf höcke nennt die furcht vor der beobachtung politische bettnässerei badenwürttembergische afdlandtagsabgeordnete initiieren den stuttgarter aufruf sie schreiben lähmend aber wirkt das gift jener die sich als mitstreiter ausgeben tatsächlich aber die waffen unseres politischen gegners benutzen und ihm damit in die hände spielen frohnmaier muss sich entscheiden auf welcher seite der partei er weitermacht mitte januar  europawahlversammlung der afd in einer mehrzweckhalle in riesa sachsen frohnmaier lehnt im foyer am stehtisch die parteiführung hat verfügt erst nach  uhr alkohol auszuschenken damit niemand über die stränge schlägt frohnmaier macht sich gedanken wegen des verfassungsschutzes eine mögliche beobachtung sei ein makel der bürgerliche wähler abschrecke sagt frohnmaier die partei müsse sich also von ein paar leuten trennen die nicht zu ihr passen sonst werde es schwierig bei den kommenden wahlen was ihn darüber hinaus nerve seien ältere mitglieder die schon ein häuschen und eine gute rente hätten und meinten die beobachtung kommt eh da lebt es sich doch jetzt gleich viel ungenierter für hn als jungen familienvater stehe viel mehr auf dem spiel um seinen juraabschluss nachzuholen habe er bereits vor einiger zeit angefangen an einer fernuni zu studieren aber insgesamt werde alles gutgehen er habe keine sorge vor dem verfassungsschutz was würden die schon sehen wenn die mich beobachten  fragt er wie ich zu hause im unterhemd mit meinem sohn auf dem boden rumliege und kinderlieder singe am nächsten tag beginnt in krakau polen ein gerichtsprozess michal p mitglied einer faschistischen prorussischen gruppe soll einen molotowcocktail auf ein ungarisches kulturzentrum in der ukraine geworfen haben das ziel spannungen zwischen der ukraine und ungarn zu schuüren von denen russland profitieren kann es klingt wie der plot eines ihrillers vor gericht sagt p aus manuel ochsenreiter frohnmaiers mitarbeiter habe ihn beauftragt ochsenreiter habe außerdem den tag des anschlags bestimmt ihm  euro in einem buch geschickt und später  euro persönlich übergeben der prozess macht schlagzeilen am nächsten morgen geht frohnmaier hektisch ans telefon er stehe im bad und habe noch zahnpasta im mund was da laufe sagt er verärgert nuschelnd sei verdachtsberichterstattung und vorverurteilung ich werde an ochsenreiter festhalten es gibt ja keine ermittlungen in deutschland und was ist das überhaupt für ein terrorist der so etwas für  euro macht da lohnt es sich ja mehr eine schwester ewa auf die straße zu stellen schwester ewa ist eine rapperin die damit kokettiert früher prostituierte gewesen zu sein frohnmaier tut in diesem augenblick das was bis jetzt oft gut für ihn und die partei funktionierte wenn es schwierig wurde er schaltet auf angriff am nachmittag desselben tages  januar  gibt das bundesamt für verfassungsschutz eine pressekonferenz sie wird live übertragen frohn maier verfolgt sie in einemraum der fraktion gemeinsam mit fraktionskollegen auf großer leinwand thomas haldenwang erklärt die gesamte atd zum pruüffall damit ist ein vorstadium einer eventuellen beobachtung gemeint in dem der verfassungsschutz nur öffentliche quellen auswerten darf ohne sich geheimdienstlicher mittel zu bedienen der verfassungsschutz erklärt zudem die junge alternative und höckes flüugel zum verdachtsfall für die ja ist das ein desaster sie darf jetzt observiert und abgehört werden misstrauen zwischen den mitgliedern wer ein spitzel sein könnte scheint unvermeidlich und wer später verbeamtet werden will muss sich jetzt überlegen abstand zu halten süddeutsche zeitung d  als begründung für die entscheidung schreibt der verfassungsschutz in seiner mitteilung kursivschrift wie im original den etablierten parteien diesen linken gesinnungsterroristen diesem parteienfilz wird unverhohlen angedroht wenn wir kommen dann wird aufgeräumt dann wird ausgemistet dann wird wieder politik für das volk und nur für das volk gemacht  denn wir sind das volk frohnmaiers sätze gedonnert  auf dem erfurter domplatz der nachste abend in frohnmaiers buro leere einkaufstüten liegen verstreut auf dem boden frohnmaier murmelt eine entschuldigung räumt sie beiseite und setzt sich das kisoudisbuch ist weg ochsenreiter offiziell von sich aus gegangen das zentrum für eurasische studien sagt frohnmaier existiere nicht mehr seit wochen verliert die junge alternative laufend mitglieder den jalandesverband niedersachsen hat die parteifuhrung bereits aufgelöst auch frohnmaiers landesverband zerfällt die junge alternative sagt frohnmaier war so was wie mein lebenswerk zwei tage später schreibt er auf facebook der verfassungsschutz bewege sich auf indymedianiveau  indymedia ist eine internetplattform der verbindungen zum linksextremismus zugeschrieben werden mitte februar  einen knappen monat nach dem erscheinen des verfassungsschutzgutachtens sechs jahre und drei tage nach der gründung der afd feilt frohnmaier in seinem heimatort weil der stadt im hinterzimmer eines ehemaligen klosters dessen kirchenschiff heute als veranstaltungssaal dient an einer rede heute abend wollen er und zwei andere mitglieder der afdfraktion von ihrer arbeit erzählen am wandschrank neben frohnmaier hängt eine schusssichere weste er bekomme derzeit drohungen von ukrainern wegen ochsenreiter aber auch von polen und linken er habe sagt er beim bundeskriminalamt um schutz gebeten außerdem macht er sich sorgen weil der rapper kurdo kürzlich einen song veröffentlicht hat er ruft darin zum widerstand auf auch gegen angela merkel an einer stelle fadet der bass aus und es kommt ein einspieler wieder sind es frohnmaiers worte aus erfurt aufgeräumt ausgemistet sie verfolgen ihn als sei er der zauberlehrling und sie die geister die er rief er sagt das lied ist mir inhaltlich zu aggressiv zu systemablehnend er wolle kurdo sogar bald fragen ob er sich da nicht mäßigen könne in der afd wird nun noch härter gekämpft der landessprecher der afd nordrhein westfalen helmut seifen hat einen brief an seine bezirkssprecher geschrieben er warnt höcke und seine anhänger bauten eine partei in der partei auf etwa ein drittel der rund   afdmitglieder soll dessen flügel angehören auf der operativen ebene etablierten sie eigene strukturen schreibt seifen er ruft dazu auf widerstand zu leisten anhänger des stuttgarter aufrufs wiederum fordern seifen wegen dieses briefs aus der partei auszuschließen höcke in dem der verfassungsschutz eine zentrale figur des rechten flügels sieht wird von der parteiführung nicht kritisiert unklar st ob sie hn fürchtet oder unterstützt frohnmaier der damals von höcke nach erfurt eingeladen wurde möchte über ihn ebenso wenig sprechen wie über die parteiausschlussverfahren nur so viel er könne diejenigen nicht verstehen die sagen in der partei herrsche keine meinungsfreiheit mehr meinungsfreiheit ist halt auch nicht absolut die hat auch grenzen um kurz nach sieben geht er in weil der stadt auf die bühne und beugt sich zum mikrofon  meine damen und herren ichbin für sie im bundestag für den themenkomplex der wirtschaftlichen zusammenarbeit und entwicklung zuständig und einige von ihnen werden sich womöglich die frage stellen entwicklungspolitik  was ist das überhaupt am selben tag einige stunden zuvor treffen sich die anhänger des stuttgarter aufrufs in der stadthalle des nahe gelegenen städtchens burladingen gegen mehrere von ihnen laufen parteiausschlussverfahren jürgen elsässer ist als redner geladen er ist herausgeber des magazins compact dessen titelseiten bei frohnmaiers rede in erfurt in den nachthimmel gereckt wurden an seinem verkaufsstand stehend sagt elsässer einige in der partei beugen sich dem druck des parteienoligarchismus eine partei die nach oben kommen will wird immer dessen zwängen ausgesetzt und darunter leiden es sei denn sie definiert sich fundamental anders als partei des volkes später auf der bühne ruft elsässer warum bin ich heute hier weil städte wie pforz heim zur islamisch besetzten zone werden das publikum applaudiert el sässer legt nach in anlehnung an donald trump sagt er deutschland zuerst rufe und johlen schallen ihm entgegen wie damals in erfurt bei frohnmaier der blättert sich bei seinem auftritt in weil der stadt seite für seite durch sein manuskript liest zeile für zeile ab spricht von beschäftigungsförderung energieeffizienz kleinstmobilität als er aufschaut sieht er in leere gesichter zwei frauen tuscheln in der zweiten reihe weiter hinten gähnt jemand frohnmaier schliefst mit einem sechzig wörter langen satz als er seine abschiedsworte sagen soll ist noch mal der augenblick gekommen um den menschen einige deftige worte mitzugeben etwas worüber sie sich empören können süddeutsche zeitung d  wind für die windräder frohnmaier tritt an den rand der bühne er lässt den blick durch die reihen schweifen er sagt da hinten gibt es noch butterbrezeln bitte nehmen sie sich was mit nach hause  vielleicht hat der eine oder andere ja noch hunger raphael thelen und markus frohnmaier sind ähnlich alt beide arbeiterkinder beide hiphophörer in den interviews rutschte manchmal ein du heraus doch nach einem jahr sprach frohnmaier unseren autor auf dessen twitter account an thelen hatte sich da für die aufnahme von flüchtlingen aus gesprochen  und die stimmung zwischen den beiden war erst einmal unterkühlt bild gesicht der afd markus cornel frohnmaier den namen cornel gaben ihm seine leiblichen eltern die er nach eigenen angaben nie kennengelernt hat bild frohnmaier als anzugträger das ist für ihn  hier in seinem abgeordnetenbüro in berlin  noch etwas ungewohnt bild oben frohnmalier sagt er habe nach alice weidel alexander gauland und beatrix von storch die größte mediale wirkmacht in der partei  also mehr als der parteichef jörg meuthen hier rechts von frohnmaier bild als markus frohnmaier im februar  im klösterle in weil der stadt auftritt bleibt die stimmung im publikum kühl bild frohnmaier mittig mit der afdfraktion in einer bundestagssitzung im februar  bild wie erlangt man politische macht in deutschland in dieser frage wirkt die afd gespalten mitglieder wie markus frohnmaier scheinen sich entscheiden zu müssen zu welchem lager sie zahlen,-1
SZ_Facebook_Offline_26,1,Zeitungsartikel Offline,poltk deutschland tiere und satire auch kleinparteien könnten den sprung ins euparlament schaffen münchen  bei der europawahl am sonntag kandidieren in deutschland  parteien und politische vereinigungen für den einzug in das europaparlament anders als bei landtags und bundestagswahlen gibt es dafür keine fünfprozenthürde der abgegebenen stimmen für kleinparteien erhöht sich damit die chance einen oder sogar mehrere abgeordnete nach brüssel und straßburg zu schicken dennoch ist die anzahl derer die sich begründete hoffnungen darauf machen können begrenzt jeder eu mitgliedstaat hat ein kontingent an sitzen im euparlament das nicht überschritten werden darf um einen der  deutschen sitze zu gewinnen war bei der wahl  ein wahlergebnis von  prozent der stimmen in deutschland erforderlich das entsprach  stimmen wer darunter lag hatte keine chance auf eine vertretung auf europaebene diese zahlen können auch bei der europawahl  zur orientierung dienen für viele kleinparteien könnte die wahl diesmal die letzte gelegenheit sein in das euparlament einzuziehen im februar diesen jahres haben die eustaaten beschlossen für größere mitgliedsländer eine sperrklausel einzuführen die zwischen zwei und fünf prozent der wählerstimmen beträgt damit soll eine weitere zersplitterung der parteienlandschaft im parlament verhindert werden sie könnte bei den europawahlen  zum einsatz kommen ein überblick über einige der wichtigsten politischen gruppierungen die bei der europawahl  eine chance haben abgeordnete zu stellen volt ist die jüngste der in deutschland antretenden kleinparteien die sich entsprechende hoffnungen machen können die partei wurde  unter anderem als proeuropäische reaktion auf das ergebnis der brexitabstimmung der briten gegründet ihre drei gründer stammen aus deutschland frankreich und italien volt tritt im unterschied zu anderen parteien für das grenzüberschreitende projekt europäische union auch mit einem länderübergreifenden programm zur europawahl an darin setzt die partei sowohl auf eine mindeststeuer für unternehmen als auch auf eine costeuer die in der gesamten eu gelten soll außerdem will volt deren name neue energie für europa ausdrücken soll die eu zum marktführer im bereich der künstlichen intelligenz kl machen und die rechte des euparlaments stärken von seinem rederecht im euparlament macht martin sonneborn bereits seit dem jahr  gebrauch damals zog der vorsitzende der satirepartei die partei zum ersten mal als abgeordneter in die institution ein nun könnte sich die anzahl seiner satirischen mitstreiter im parlament erhöhen im vergleich zum ergebnis bei der letzten wahl  sagen prognosen für die partei ein deutlich besseres abschneiden voraus damit könnte neben sonneborn auch der kabarettist nico semsrott in das euparlament einziehen mit zwei bis drei prozent der stimmen in deutschland wäre die satirepartei dann größer als ödp piratenpartei oder auch die tierschutzpartei ein grund für den erfolg der partei die aktuelle politische themen immer wieder sarkastisch kommentiert ist ihre starke präsenz in den sozialen medien alleine chefsatiriker martin sonneborn hat auf facebook mehr als  fans der zweitplatzierte auf der liste der kabarettist nico semsrott hat dort  anhänger ein vergleichbares ergebnis wie bei der letzten wahl sagen die demoskopen für die piratenpartei voraus mit prognostizierten  bis  prozent könnte die partei dann wieder einen abgeordneten im euparlament stellen nachdem die bisherige deutsche vertreterin der piraten in brüssel julia reda die partei  verlassen hatte auch die piraten treten mit einem gemeinsamen europäischen wahlprogramm an war die partei bei ihrer gründung im jahr  als vorkämpferin für freien datenzugang im internet in erscheinung getreten hat sich das themenangebot inzwischen verbreitert in ihrem programm für die europawahl wirbt die partei neben süddeutsche zeitung d  mehr direkter bürgerbeteiligung auch für eine gemeinsame agrarpolitik in der eu und eine gesetzliche regelung von mitfahrapps um die verkehrsbelastung in großen metropolen zu verringern erste ansätze ihr tnematisches angebot zu verbreitern zeigen sich auch bei der tierschutzpartei in ihrem werbevideo für die europawahl  zeigt die partei zu beginn plakate mit der sozialpolitischen forderung nach sicherung und erhöhung des rentensatzes im weiteren verlauf geht es dann überwiegend um maßnahmen gegen tierquälerei die agrarindustrie und die förderung des artenschutzes aktuelle umfragen sehen die partei bei  prozent thematisch gibt es dabei überschneidungen mit dem wahlprogramm der ökologischdemokratischen partei odp so fordert die odp tierrechte in die euverträge aufzunehmen und will die überfischung und vermüllung der meere stoppen ihre kampagne steht unter dem motto weniger ist mehr und setzt sich für nachhaltiges wirtschaften und eine reduzierung des ökonomischen wachstumsstrebens ein bei dem erfolgreichen volksbegehren rettet die bienen in bayern das von odpvertretern mitinitiiert worden war hat die partei kürzlich gezeigt dass sie mit ihren themen eine große zahl von bürgern für den gang zur wahlurne motivieren kann mit möglichen drei bis vier prozent für die odp in ihrem kerngebiet bayern könnte es laut wahlforschern auch diesmal wieder für einen sitz im euparlament reichen kaum hoffnungen auf eine politische vertretung in brüssel und straßburg können sich dagegen gruppierungen wie das bündnis grundeinkommen oder die partei die humanisten machen die aus der eu eine föderale bundesrepublik machen wollen thomas jordan,0
SZ_Facebook_Offline_34,1,Zeitungsartikel Offline,politik munchen bayern die frau nach stegner serpil midyatli soll künftig die spd in kiel leiten ihr vorgänger bleibt fraktionschef kiel zum machtwechsel der spd im norden gehört auch dies serpil midyatli erwähnt es beim munteren gespräch in der kieler landtagskantine beiläufig twitter ich bin gar nicht auf twitter sagt die frau die am samstag die erste spdvorsitzende in schleswigholstein werden dürfte wozu ihr genügen facebook und instagram ralf stegner der sein amt nach zwölf jahren räumt twittert dagegen sagenhaft er hatte bis zum freitag um  uhr insgesamt  itweets abgesetzt  circa einen pro follower mehr als donald trump als titel ganz oben auf seiner legendären twitterseite steht derzeit spderneuern parteireform überzeugt mich mehr sagt stegner er sitzt zwei tage vor der mutmaßlichen wahl seiner nachfolgerin leicht nostalgisch in seinem büro mit blick auf die kieler förde wie lange dauere es vom ersten gedanken bis zum tweet wurde er in einer sendung gefragt antwort manchmal ist das gleichzeitig siehe twitter sein tag begann live im morgenmagazin sowie wie üblich mit seinem digitalen morgengruß aus bordesholm wo er wohnt samt musiktipp für euch da draußen im digitalen orbit diesmal dont give up von peter gabriel gib nicht auf doch in diesem fall fügt er sich serpil midyatli ist die einzige kandidatin beim landesparteitag am wochenende in norderstedt stegner verzichtet und ob man das erneuerung oder reform nennt  es endet eine ara die jährge midyatli wird den jährgen stegner ablösen das talent den mentor er hatte sie  so auf die wahlliste gesetzt dass sie in den landtag kam sie gab ende august  ihre kandidatur bekannt er meldete erst danach dass er nicht mehr antreten werde er habe es vorher für sich beschlossen gehabt sagt er das einzige was unrund war waren die zeitpunkte wann wir was gesagt haben er unterstützt sie nun fraktionsvorsitzender und vize der bundesspd bleibt der linksaußen stegner bis auf weiteres für den fraktionsvorsitz will er im sommer wieder kandidieren man wird sehen ich gehe nicht in ruhestand ich gebe nur eines meiner amter auf sagt er ich bin  und nicht  die kampfkraft ist noch komplett da aber klar er halt am samstag seine abschiedsrede an der landesparteispitze er hat wochenlang an dem text gefeilt wehmut natürlich ich habe das mit großer leidenschaft und emotion gemacht seine rückschau fällt so zwiespaältig aus dass stegner dafür die doppelte verneinung wählt nicht unzufrieden er hat mit der spd gewonnen sie bundesweit mitgeprägt  und mehrere wahlen verloren  wurde daniel günther von der cdu überraschend ministerpräsident nach einem verkorksten wahlkampf von vorgänger torsten albig und der spd günthers jamaikabündnis folgte der küstenkoalition aus spd grünen und ssw da brodelte etwas in serpil midyatl wenn man so einen reformprozess macht dann braucht es auch einen wechsel an der spitze um außerhalb der partei glaubwürdig wahrgenommen zu werden sagt sie jetzt mein mann sagte nach meiner entscheidung na endlich stegner zog nach politisch sind sich die zwei ähnlich sie vertreten beide die linke spd aber ihre gesichter und geschichten unterscheiden sich doch erheblich stegner ist eine marke die meisten wissen das ist der sozi sagt er rüstungsexportstopp rente brexit  stegner kann man immer fragen seine schärfe könnte auch geholfen haben die afd in schleswigholstein klein zu halten er kann sogar witzig sein sie sind netter als ich dachte würden viele leute zu ihm sagen besser als umgekehrt findet stegner andererseits halten ihn zuschauer häufig für mies gelaunt was er mit dem hinweis entschuldigt dass er sich halt nicht gleichzeitig konzentrieren und nett schauen könne und im vergleich zu serpil midyatl sei er temperamtsmäßig ein kaltblüter sagt stegner sie sei ein politischer vulkan süddeutsche zeitung d  serpil midyatl kommt beschwingt ins landtagscafe holt kaffee an der theke und räumt nachher ab sie lacht viel schleswigholsteins künftige spdchefin wurde  in kiel geboren ihre eltern kamen aus der türkei mit  eröffnete sie das familienrestaurant  wurde sie als unternehmerin von ihrem vorbild heide simonis auf einer bühne zur spd geholt frau migrationshintergrund zweisprachig muslimin mutter das prägt einen natürlich weil man sich immer beweisen musste weil einem wenig zugetraut wurde sagt sie die haare hat sie sich mal aus protest kurz schneiden lassen sie ist spontan selbstbewusst sagt sätze wie ich war  jahre lang selbständig sie gehen nicht mit dem niedrigsten preis in eine verhandlung und ich bin seit zwölf jahren im landesvorstand die genossinnen und genossen kennen mich ihre themen sind kitas migration sozialstaat sie organisiert gerne nun soll sie diese spd führen  mitglieder man wird über fraktionsvorsitz und spitzenkandidatur diskutieren das profil der parte will midyatl schärfen sie personell breiter aufstellen stegner er habe sie gefördert aber ich habe meine chancen selbst genutzt da sei kein machtkampf stegner sagt serpil wird ein gutes ergebnis kriegen bei ihm am samstag auch auf twitter peter burghardt bild se will die parte breiter aufstellen schleswigholsteins designierte spdchefin serpil midyatl fotodpa,0
SZ_Facebook_Offline_39,0,Zeitungsartikel Offline,poltk münchen bayern in der trotzburg jetzt erst recht  diese parole soll der rettungsanker sein für die durch das ibizavideo in die defensive geratene fpo als antreiber im hintergrund ist immer noch heinzchristian strache zu erkennen von peter munch wien  blau ist der himmel blau die bühne und blau sind auch die ballons auf denen steht fpö  mit langem atem für unsere heimat keiner soll denken dass den freiheitlichen die luft ausgeht nach dieser filmreifen woche voller fehl und rücktritte die ganz österreich erschüttert hat hier auf dem viktoradler platz im  wiener gemeindebezirk wird gefeiert zum großen finale des euwahlkampfes und alle na ja fast alle sind gekommen der designierte neue parteichef norbert hofer der geschasste innenminister herbert kickl der euspitzenkandidat harald vilimsky und natürlich die john otti band die seit ewigen zeiten das wahlvolk der fpo beschallt umständehalber fehlt nur heinzchristian strache doch auf den bannern immerhin ist noch sein name zu lesen  und die stimmung prägt er sowieso denn die ist kämpferisch und wird zusammengefasst in einem motto das in großen lettern überall zu sehen ist jetzt erst recht jetzt erst recht  diese parole soll der rettungsanker sein für die durch das ibizavideo und den abgang ihres vorsitzenden strache in die defensive geratene partei auf der fpowebseite ist ein clip zur europawahl zu sehen mit dem aktuellen dreigestirn der freiheitlichen jetzt sagt hofer erst schiebt kickl nach recht vollendet vilimsky drei worte voller trotz und wut und kampfeswillen die so perfekt zum markenkern der fpo passen das copyright auf diesen satz liegt allerdings  zumindest im politischen osterreich  bei der ovp die mit diesem slogan im präsidentschaftswahlkampf anno  ihren kandidaten kurt waldheim stärkte nachdem dessen nsvergangenheit ruchbar geworden war waldheim gewann die wahl und was ihm damals recht war ist der fpo heute nicht zu billig denn in diesem satz lässt sich der ganze verschwörungs und opfermythos bündeln mit dem die freiheitlichen auf den tiefen fall ihres vormaligen frontmannes strache reagieren die demaskierende falle die ihm und seinem gefährten johann gudenus auf ibiza gestellt wurde wird zwar vordergründig aufgearbeitet dass der auftritt peinlich katastrophal und dumm war das hat auch strache selbst bei seinem rücktritt eingeräumt vor allem aber trommelt die partei gegen jene finsteren mächte aus dem ausland die als drahtzieher vermutet werden für ein politisches attentat auf strache einen anschlag auf die regierungsarbeit von ovp und fpo oder gar einen angriff auf freiheit und demokratie als antreiber im hintergrund ist dabei immer noch heinzchristian strache zu erkennen der vor allem über die sozialen medien präsent bleibt dort hatte er auch als erster die jetzt erst rechtlosung ausgegeben  allerdings damit zunächst auch seine eigenen parteifreunde irri tiert weil er es womöglich persönlich meinte der standard jedenfalls zitiert aus einer whatsappnachricht an spitzenfunktionäre in der strache schrieb süddeutsche zeitung d  wiener vorstand besteht einstimmig auf meinem verbleib als obmann das war schnell wieder vom tisch doch auf facebook wo er  follower hat sammelt strache unterstützung am freitag veröffentlichte er ein neues rechtfertigungsvideo in dem er seine ibizaaussagen als unschuldige gedankenspiele darstellt und sich zu dem satz aufschwingt die gedanken sind frei das ruder übernommen haben in der partei nun hofer der bereits zum spitzenkandidaten für die neuwahl im september erkoren wurde und kickl der die fraktion im parlament anführen soll die rollenverteilung ist schon beim ersten gemeinsamen auftritt der beiden zu wochenbeginn deutlich geworden der allzeit freundliche herr hofer umschmeichelt das wahlvolk der weniger freundliche sozius kickl nimmt die konkurrenz aufs korn hofers charmeoffensive konnte in seinen ersten cheftagen kaum einer entkommen bei den alten regierungskollegen bedankte er sich für die gute zusammenarbeit auch die sozialdemokraten bekamen viel anerkennung die grenzen der glaubwürdigkeit testete er aus mit einem lob für die medien im allgemeinen und das linke wiener wochenblatt falter im besonderen er versprach die lückenlose aufklärung aller durch das ibizavideo aufgeworfenen fragen nach einer möglicherweise illegalen auftragsvergabe oder spendenpraxis und er kündigte einen wahlkampf an wie es ihn in österreich schon sehr lange nicht mehr gegeben hat  ohne schmutzkübel nämlich es war mir immer wichtig ein gutes verhältnis zu allen anderen parteien zu pflegen erklärt hofer kurzum die moralisch runderneuerte fpö will sich nach der anstehenden neuwahl breitestmöglich wieder als koalitionspartner in stellung bringen dieser schmeichel und schmusekurs steht allerdings in deutlichem kontrast zu der von herbert kickl gelebten politischen praxis kickl ist ansatzlos zurückgefallen in seine alte rammbockrolle das bevorzugte ziel seiner attacken ist bundeskanzler sebastian kurz von der övp dem er vorhält machtbesoffen die koalition aufgekündigt zu haben vor dem misstrauensantrag gegen den kanzler im parlament am montag lässt er deutlich rachegelüste erkennen und auch gegen den bundespräsidenten feuert er seine breitseiten ab alexander van der bellen habe sich von kurz und seinen beratern quasi übertölpeln lassen schimpfte kickl der präsident mache sich damit zum steigbügelhalter eines schwarzen machtkartells mit solchen sätzen sollen die reihen geschlossen werden für die kämpfe die nun anstehen weit über die eu wahl hinaus jetzt erst recht ruft auch der sänger der john otti band auf dem wiener viktoradlerplatz und weil die stimmung grad so gut ist singen alle mit beim nächsten titel wir sind eine große familie bild der allzeit freundliche herr hofer der neue fpövorsitzende tritt nach einem gespräch bei österreichs präsident alexander van der bellen in der hofburg vor die presse fotolisi niesner  reuters ,-1
SZ_Facebook_Online_36,-1,Zeitungsartikel Online,wahlen  wismar landrätin weist rücktrittsforderung nach wahlpanne zurück direkt aus dem newskanal wismar mv  nordwestmecklenburgs landrätin kerstin weiss spd hat eine rücktrittsforderung der cdu nach einer wahlpanne zurückgewiesen dass es nicht gut ist dass hinter einem namen in drei verschiedenen wahlbereichen die kreise für die kreuze nicht gesetzt wurden steht außer frage erklärte weiss auf facebook der kreiswahlleiter habe den fehler eingeräumt sich dafür entschuldigt und einen weg gefunden um den fehler zu beheben sie könne kein schlechtes krisenmanagement erkennen für die briefwahl waren in nordwestmecklenburg rund  fehlerhafte kreistagswahlstimmzettel versandt worden ehe der fehler auel bei jeweils einem kandidaten in drei wahlbereichen fehlten die kreise für die kreuzchen der schweriner volkszeitung dienstag zufolge sind neue stimmzettel gedruckt worden die alten können demnach benutzt oder gegen neue umgetauscht werden wer wolle könne seinen bereits eingesandten oder abgegebenen wahlschein für ungültig erklären lassen und einen neuen erhalten,0
SZ_Facebook_Online_58,0,Zeitungsartikel Online,agrar  kobrow wolfsfreie weiden viel zustimmung für neues wolfspapier direkt aus dem newskanal neubrandenburgschwerin mv  das neue positionspapier zum umgang mit dem wolf im nordosten das  verbände vorgestellt haben stößt auf viel zustimmung bundes und landespolitiker mehrerer parteien hätten sich mit dem ziel wolfsfreie weiden solidarisiert sagte eine sprecherin des landesbauernverbands der deutschen presseagentur es wird höchste zeit dass wir vom bisher passiven zu einem aktiven wolfsmanagement kommen erklärte die cduagrarexpertin im schweriner landtag beate schlupp ähnlich äußerten sich die fdp die afd und der cdubundestagsabgeordnete philipp amthor zum bündnis gehören bauern schäfer jäger waldbesitzer pferde und rinderzüchter fischer sowie der verein landurlaub sie sehen den wolf nicht mehr als gefährdet an weil die baltischosteuropäische population schon aus rund  tieren bestehe dass sich ein bündnis gebildet hat ndet auch der linkenagrarexperte wolfgang weiß gut es zeigt wie brennig die situation inzwischen ist bisher geht es beim wolf nur um vorbeugenden schutz beobachtung und entschädigungen sagte schlupp mecklenburgvorpommern und deutschland müssten  wie in schweden  sich ein ziel in form einer wissenschaftlich begründeten maximalzahl vorgeben und für wolfsfreie zonen sorgen anderenfalls drohten den landwirten schäfern rinder und pferdezüchtern immer größere lasten wir brauchen eine koalition der landbevölkerung gegen ideologische balkonökologen die den ländlichen raum nur vom wochenendpicknick kennen erläuterte amthor via facebook es sollte spd grünen und einigen aktivisten zu denken geben dass diejenigen die in und mit der natur leben eine völlig andere meinung zum thema wolf biber und kormoran hätten erklärte der fdpbundestagsabgeordnete hagen reinhold die  verbände stünden für zehntausende landbewohner die nicht verstehen könnten warum arten wie der wolf unter strengem schutz stünden obwohl sie nicht bedroht seien die extensive und artgerechte weidetierhaltung leide besonders laut schlupp stellen die behörden in schweden sicher dass der wolfsbestand nicht über  bis  geschlechtsreife tiere steigt wenn dort wölfe in der zone angetroen werden die für rentiere wolfsfrei gehalten werden soll werden diese zuerst in andere gebiete gebracht klappe das nicht würden sie auch geschossen um den bestand zu kontrollieren der linkenagrarexperte weiß bezeichnete das papier als gut allerdings könne es in deutschland keine insellösung geben die bundesregierung habe den weidetierhaltern bisher ihre unterstützung versagt hier müsse sich die gesellschaft schnellstens klar werden wie sie zum wolf stehe kritisch äußerte er sich zu den begrien wolfsfreie weiden das sei überzogen und klinge sehr nach national befreiten zonen wie sie in der rechtsextremen propaganda vorkommen die afdfraktion begrüßte das positionspapier die landesregierung verstecke sich hinter den vorgaben aus brüssel und weiche eigener verantwortung aus meinte deren agrarpolitischer sprecher jürgen strohschein wolfsfreie regionen und die jagd seien die einzige möglichkeit die wolfsrückkehr mit ansprüchen von weidetierhaltern tourismus und generell der menschen auf dem lande vernünftig miteinander zu vereinbaren zuletzt hatten wölfe in borken landkreis vorpommerngreifswald sogar einen  meter hohen zaun samt elektrolitze überwunden und tiere einer damwildherde gerissen,0
SZ_Facebook_Online_61,0,Zeitungsartikel Online,literaturhaus münchen robert habeck und die romantische liebe grünenchef robert habeck verteilt bei einem wahlkampftermin kuchen foto sebastian willnow anze ich bin nicht hergekommen um parteipolitischen krimskrams zu machen der grünenchef liest aus seinem buch über die verrohung der sprache am ende fällt doch die kanzlerfrage von ingrid fuchs nur was wir sagen können können wir denken der satz klingt gewichtig und feedback in den ohren sehr vieler menschen ebenso richtig zumindest nicken viele überzeugt mit dem kopf als robert habeck ihn an diesem abend im münchner literaturhaus ausspricht es geht um die verrohung der sprache es geht darum was passiert wenn populisten die grenzen des sagbaren immer weiter nach rechts verschieben um das buch das der grünenpolitiker zu dieser frage geschrieben hat um habeck selbst ich bin nicht hergekommen um parteipolitischen krimskrams zu machen sagt er gleich zu beginn der lesung der saal ist voll besetzt an der abendkasse haben sich gesetzte damen eben fast noch um die platzierung auf der warteliste gezankt aus sorge keine karte mehr zu bekommen habeck gilt vielen als mann der stunde den will man nicht verpassen vor knapp anderthalb jahren hat er zusammen mit annalena baerbock den bundesvorsitz der partei übernommen seither feiern die grünen immer größere erfolge zweitstärkste kraft bei der landtagswahl in bayern fulminante ergebnisse bei der europawahl münchen die seit jahrzehnten spdregierte landeshauptstadt inmitten des csuregierten freistaats ist inzwischen eine grünenhochburg das schlechteste stadtviertelergebnis bei der europawahl liegt bei  prozent in feldmochinghasenbergl  prozent der menschen in ludwigvorstadt und isarvorstadt haben grün gewählt ein teil dieser wähler sitzt an diesem abend wohl im literaturhaus grünenchef robert habeck auf hass zu setzen ist leicht grünenparteichef robert habeck über die gefahren sprachlicher verrohung die versuchungen des populismus und seinen helmutkohlmoment interview von simon rayß kein parteipolitischer krimskrams ich beantworte zwar alle fragen aber eigentlich geht es ums buch betont habeck wer wir sein könnten ist mit  seiten eher ein büchlein er selbst nennt es interventionsschrift das ziemlich spontan und schnell im sommer  entstanden ist deutsche politiker stritten über asyltourismus verharmlosten gewalt von rechts in münchen trieb das mehr als   menschen auf die straße die sogenannte ausgehetztdemo wandte sich vor allem gegen politik und sprache der csu vorne im protestzug mit dabei die grünen das sehen sie derzeit als ihre kernkompetenz vorne mit dabei sein als diejenigen die noch am ehesten verstehen was viele menschen im land umtreibt der union und vor allem der spd kommen die wähler abhanden den grünen wird es langsam unheimlich so viel zuspruch so viel verantwortung was ist ihr geheimnis oder eine nummer kleiner was ist dieser habeck faktor zeigt uns euer traumhaus wohnträume sind so verschieden wie die menschen selbst wie sieht ihr traumhaus aus zeigen sie es und gewinnen sie mit interhyp ein fotoshooting mit ihrer familie von literaturhauschen tanja graf wird er als autor philosoph und politiker vorgestellt etwa  minuten liest er den  zuhörern aus dem aktuellen und aus einem früheren buch vor andere politiker klingen im direkten gespräch so empathisch als hätten sie einen powerpointvortrag auswendig gelernt habeck plaudert selbst beim vorlesen charisma andere politiker passen ihr auftreten dem anlass an anzug  freizeitkluft  trachtenjanker habeck steht da in jeans und schwarzem pulli das leicht verknitterte sakko hängt nach ein paar minuten überm stuhl authentizität er erklärt die these seiner schrift anhand der romantischen liebe erst als wir worte für sie hatten gab es sie über sieben absätze zieht sich die erläuterung wie sprache wirklichkeit schat ein kleiner philosophieexkurs über shakespeare goethe luhmann das publikum recht gemischt übrigens lauscht gespannt manche vielleicht auch ein bisschen verzückt man tree heutzutage selten auf politiker die themen politisch und intellektuell so aufbrechen könnten schwärmt später ein herr mitte  zwischen zwei vorleseblöcken in denen es neben der romantischen liebe viel um die jamaikaverhandlungen und seinen eigenen werdegang als politiker geht gibt es eine fragerunde dabei ist auch habecks selbstgewählter abschied aus den sozialen netzwerken anfang des jahres ein thema er hatte zuvor zweimal mit überspitzten formulierungen irritationen erregt die falsche sprache gewählt ich habe mich gefragt wie ich den gleichen fehler zweimal machen kann sagte habeck damals er wolle wieder fokussierter sein sagt er heute auf twitter oder facebook sei das kaum möglich die plattformen erzeugten eine notwendige radikalität der sprache der er sich entziehen möchte nur eine frage aus dem publikum hält habeck an diesem abend für unzulässig beantwortet sie dann aber trotzdem ich höre ihnen gerne zu sagt ein älterer mann ist es denkbar dass sie aufgrund ihrer fähigkeit auch zufälligerweise mal bundeskanzler werden er erntet applaus und begeistertes gejohle habeck lehnt ab das sei eine entscheidung die man nicht aus einer laune heraus tree wenn politik im moment gerade etwas richtig macht dann ist es nicht um sich selbst zu kreisen europawahl alle wissen dass wir liefern müssen die grünen wären nicht die grünen kämen sie bei diesem erfolg nicht ins grübeln über robert habeck und eine partei die noch nicht weiß wie sie die vielen erwartungen erfüllen soll von constanze von bullion,0
SZ_Facebook_Online_74,0,Zeitungsartikel Online,europawahl strache hat anspruch auf eumandat ausfahrt europa heinz christian strache könnte wohl ins euparlament einziehen foto reuters anze in österreich ist er als vizekanzler und fpöchef zurückgetreten nun hat er bei der europawahl genug stimmen bekommen um ins europäische parlament einzuziehen exfpöchef heinzchristian strache könnte nach dem skandal um seine aussagen in einem heimlich aufgenommenen video aus ibizia und seinem rücktritt als österreichischer vizekanzler und parteichef laut medienberichten feedback ins euparlament einziehen der jährige erhielt nach angaben der nachrichtenagentur apa und des österreichischen journalisten martin thür bei der wahl am sonntag besonders viele vorzugsstimmen und hat damit trotz eines schlechten listenplatzes anspruch auf ein mandat mit vorzugsstimmen können kandidaten unabhängig von der aufstellung der liste unterstützt werden strache stand auf der fpöliste auf dem  platz die auszählung der direktmandate habe ergeben dass strache mehr als   solcher stimmen erhalten habe berichtet die apa   stimmen seien nötig um ein mandat zu bekommen nach angaben der stadt wien erhielt strache allein im gleichnamigen bundesland mehr als   vorzugsstimmen nicht bekannt ist ob strache ein vorzugsstimmenmandat annehmen wird in den sozialen medien kursieren screenshots wonach er auf seinem facebook account geschrieben habe er werde das mandat annehmen ein entsprechender post ist auf straches prol nicht zu sehen möglicherweise hat er die nachricht kurz nach veröentlichung wieder gelöscht strache war am  mai von all seinen ämtern zurückgetreten nachdem spiegel und süddeutsche zeitung das strachevideo veröentlicht hatten strache spricht darin mit einer vermeintlichen russischen investorin über eine mögliche zusammenarbeit unter anderem werden eine strategische einussnahme verdeckte wahlhilfe und möglicherweise illegale parteienspenden diskutiert mehr aus und zu österreich jede woche im österreichnewsletter alle infos und kostenlose anmeldung szdeoesterreich österreich diese macht die uns fest im gri hat sie ist mächtiger als gier skrupellosigkeit und machtstreben warum dummheit kriege wirtschaftskrisen und das ibizavideo möglich macht ein gastkommentar von josef hader,0
SZ_Facebook_Online_85,-1,Zeitungsartikel Online,mitten in moosburg überall in der stadt rettungskräfte bienen parkplätze wasserspiele und millionen wofür es sich in moosburg lohnt zu kämpfen kolumne von alexander kappen anzeige auf seinem facebookprolbild ist jörg kästl nach wie vor in seinem gelb schwarz gestreiften kostüm als bienenretter zu sehen auch nach dem erfolgrei chen volksbegehren geht für den moosburger ödpstadtrat der kampf für den erhalt der artenvielfalt selbstverständlich weiter und immer weiter rettet die bienen neben dem einsatz für blühende landschaften und gegen unnötigen flächen verbrauch dem sich im stadtrat neulich auch die freien wähler mit einem ent sprechenden antrag verschrieben haben gilt es in moosburg oenbar aber auch noch so einige andere dinge zu retten in der jüngsten stadtratsitzung am mon tagabend verbuchte etwa die initiative rettet die parkplätze einen teilerfolg nach dem umbau des platzes auf dem plan sollen nun nicht wie geplant nur  sondern  fahrzeuge und zu besonderen anlässen gar deren  platz n den was wiederum bei der gruppe rettet die wasserspiele magengrummeln verursacht die für weniger autos und mehr aufenthaltsqualität auf dem plan kämpft manche wasserspielretter stimmten dem kompromiss dann doch zu weil für sie  parkplätze halt immer noch besser sind als die derzeit gut   und weil sie wollen dass mal irgendwas voran geht bevor im duell der retter irgendwann nichts mehr zu retten ist recht aktiv war zuletzt auch wieder der aktionskreis rettet die wachbara cken der will an der schlesierstraße möglichst viel von den denkmalgeschütz ten unterkünften der aufseher des ehemaligen kriegsgefangenenlagers stalag vii a erhalten allerdings kollidieren diese interessen mit denen des aktions bündnisses rettet die schüler das hegt den wunsch dass in der benachbar ten mittelschule die kinder endlich nicht mehr aus platzmangel beim essen gestapelt werden müssen und auf besagtem areal an der schlesierstraße bald eine neue mensa bekommen  was die wachbarackenretter nur so semigut nden ach ja und dann gibt es natürlich noch kritiker die mit blick auf den haushalt meinen dass sich die stadt den geplanten neubau eines hallenbads nicht leis ten kann wir warten gespannt auf das bürgerbegehren rettet die millionen zu r s zstar tsei te feedback,0
SZ_Facebook_Online_88,-1,Zeitungsartikel Online,lootboxen in videospielen taschengeld für pixelmüll virtuelle überraschung für reales geld wie in overwatch können in vielen computerspielen sogenannte lootboxes gekauft werden foto blizzard entertainment  millionen euro gaben deutsche gamer im ersten halbjahr  für in gamekäufe aus ein guter teil davon dürfte für sogenannte lootboxen aus gegeben worden sein die  oft jugendlichen  spieler kaufen sich damit die chance auf einen wert vollen gegenstand können aber auch nur wertlosen kram in der virtuellen kiste nden experten halten den kauf von lootboxen für vergleichbar mit glücksspiel staatliche regeln gibt es dafür aber noch nicht von jan willeken berlin anzeige der junge aus texas hatte eine glückliche kindheit bis er im alter von  jahren einen folgenschweren fehler beging für  dollar kaufte er upgrades in einem handyspiel um beim bau seiner virtuellen stadt mit freunden mithalten zu können es war der beginn eines teufelskreises denn bei dem einen upgrade blieb es nicht und bei dem einen spiel auch nicht er kaufte ein upgrade ums andere später muss der spieler eine bittere bilanz ziehen ich kämpfe mit glücksspielsucht gestand er unter dem pseudonym kensgold auf der plattform reddit gut   dollar umgerechnet   euro gab er innerhalb von nur drei jah ren aus um in videospielen die besten ausrüstungsgegenstände zu bekommen für das viele geld kaufte er sogenannte lootboxen beutekisten deren inhalt er nicht kannte ob sich darin die ersehnte lackierung das beste gewehr befand oder nur wertloser pixelmüll zufall glück  oder eben pech dakstudie zu computerspielsucht eine halbe million jugendliche sollen risikogamer sein welche suchtgefahr geht von computerspielen aus eine studie der krankenkasse dak sieht viele zwölf bis jährige von abhängigkeit gefährdet und will bestimmte elemente in den spielen verbieten lassen von caspar von au kensgolds geschichte ist die extreme form eines problems das immer größer wird allein im ersten halbjahr  haben deutsche gamer  millionen euro für mikrotransaktionen ausgegeben zeigen zahlen des verbands der deut schen gamesbranche das ist ein zuwachs von fast  prozent im vergleich zur vorjahreshälfte und viele der kunden sind noch nicht einmal volljährig mehr als ein viertel der zwölf bis jährigen gamer so ergab eine studie der kran kenkasse dak und des deutschen zentrums für suchtfragen zahlte im vergan genen halbjahr geld für extras in spielen psychologische tricks motivieren jugendliche zum glücksspiel durch die tricks der industrie nden viele jugendliche kein ende und verzo cken zeit und geld sagt dakchef andreas storm durch zwischengeschaltete onlinewährungen und oft niedrige kaufpreise pro transaktion verlören besonders jugendliche spieler leicht den überblick darüber wie viel sie eigent lich ausgeben warnen experten für ilona füchtenschnieder chen des fach verbands glücksspielsucht ist es eine absolute schweinerei dass mit verwundbaren jungen menschen durch lootboxen geld gemacht werde die politik hat sich in deutschland bisher nicht besonders für das thema inter essiert lootboxen seien ein risiko das bislang noch nicht hinreichend vom gesetzlichen kinder und jugendmedienschutz erfasst wird sagt ein sprecher des bundesministeriums für familie und jugend auf anfrage studien zufolge betrit das in deutschland  millionen kinder und jugendliche im alter von bis zu  jahren die videospiele spielen loot boxes ermöglichen interaktion und entfalten anreizwirkungen gerade auch für kinder und jugendliche zu käufen innerhalb eines spiels teilt das ministerium mit diese käufe könnten schnell außer kontrolle geraten viele der käufe geschehen im verborgenen oft erfahren auch die eltern nichts davon sozialpädagogen berichten von fällen in denen etwa eltern ihrem sohn geld für ein auto gegeben hatten  und dann feststellten dass der das meiste einen fünfstelligen betrag innerhalb weniger wochen in ein videospiel gesteckt hatte das erinnert stark an die geschichte von kensgold in belgien und den niederlanden gelten lootboxen als illegales glückspiel aus psychologischer sicht kommen viele fachleute und studien zu dem schluss dass lootboxen mit ihrer sogwirkung zumindest eine starke ähnlichkeit zu glücksspiel aufweisen  so auch die dakstudie eine zentrale glücksspielauf sicht die eine solche einschätzung aus rechtlicher sicht vornehmen könnte gibt es in deutschland nicht markus ruttig ist anwalt und experte für glücksspiel recht er hält es für wahrscheinlich dass lootboxen glücksspiel sind man zahle einen echten einsatz und riskiere einen totalen verlust dieses einsatzes es kann sein dass das völlig für die katz ist weil man das was man bekommt nicht gebrauchen kann sagt ruttig doch die sache ist juristisch dizil anders als andere glücksspiele verwenden viele der spiele virtuelle währungen für die man euro und cent ausgeben muss  die sich aber auf legalem wege nicht in euro und cent zurückverwandeln las sen es ist glück was sie in der box erwartet sagt anwalt wulf hambach der sich auf glücksspielrecht spezialisiert hat aber glücksspiel im rechtlichen sinne ist es nur wenn sie etwas bekommen können was man unmittelbar in geld umwandeln kann belgien und die niederlande haben lootboxen als illegales glücksspiel einge stuft in deutschland könnte bald zumindest für minderjährige schluss sein jugendschutz geht vor protgier schrieb familienministerin franziska giey spd unlängst auf facebook anbieter müssten mehr verantwortung überneh men zum beispiel kennzeichnen dass lootboxen in einem game enthalten sind und die gewinnchancen oenlegen außerdem sollten lootboxen einen einuss auf die altersfreigabe von spielen haben ein generelles verbot werde derzeit jedoch nicht geprüft teilt das ministerium mit man arbeite aber daran das aktuelle jugendmedienschutzgesetz aus der zeit von cdroms und videokassetten zu reformieren besonders für mobilge räte deren nutzung eltern kaum kontrollieren können gebe es bisher keine eektiven gesetzlichen schutzstandards sagt ein sprecher eine einstufung als glücksspiel hätte gravierende konsequenzen denn damit wären die lootboxen illegal  schließlich braucht man für onlinecasinos hier zulande eine lizenz erfahrungsgemäß werden solche generalverbote aber schlicht missachtet umso mehr begrüßt anwalt ruttig eine jugendschutzrege lung die er für weitaus eektiver hält egal ob lootboxen glücksspiel sind oder nicht es ist so nah dran dass man das bei minderjährigen nicht will social media  likes und trotzdem einsam über kein thema wurde bei der techkonferenz sxsw in austin so viel geredet wie über digitale isolation während sich menschen in sozialen medien mehr und mehr vernetzen nimmt das gefühl der einsamkeit zu von johannes kuhn zu r s zstar tsei te feedback,-1
SZ_Twitter_Offline_21,0,Zeitungsartikel Offline,politik bayern deutschland das nächste bitte mehr termine mehr leistungen mehr digitalisierung jens spahns größtes gesetzespaket geht in die abstimmung berlin  jens spahn ist überaus zufrieden mit der tagesordnung des bundestags an diesem donnerstag ich find s ne schöne fügung sagt der cdubundesgesundheitsminister dazu dass sein bislang größtes gesetzesvorhaben ausgerechnet an diesem märz verabschiedet werden soll  exakt ein jahr nachdem er ins amt gekommen ist am jahrestag der grofsen koalition sollen die abgeordneten spahns terminservice und versorgungsgesetz verabschieden im prinzip so hat spahn es im vorfeld noch einmal erklärt besteht sein gesetzespaket aus drei päckchen mehr termine mehr leistungen mehr digitalisierung vor allem drei aufregerthemen will er mit seinem sammelgesetz befrieden der erste aufreger sei warum der privatversicherte nachbar nächste woche einen arzttermin bekomme man selbst als gesetzlich versicherter aber erst in drei monaten nummer zwei die pflege viele haben den eindruck da ist der alltag nicht so wie er sein sollte sagt spahn und schließlich die digitalisierung untrennbar verbunden mit der elektronischen gesundheitskarte an deren einführung diverse gesundheitsminister seit mehr als zehn jahren regelmäfßsig scheitern oder wie spahn es mit blick auf den nicht eröffneten berliner großflughafen nennt der ber der gesundheitswirtschaft auch die koalitionspartner der spd scheinen das gesetz allerdings für sich als erfolg zu verbuchen ein megaschritt richtung bürgerversicherung den die spd durchsetzen konnte twitterte karl lauterbach der die verhandlungen gemeinsam mit sabine dittmar spd geführt hatte bereits am dienstag das ist ein richtiger abbau der zweiklassenmedizin sagte auch die spdvorsitzende andrea nahles spahns dreifelderwirtschaft wird die versicherten jährlich rund milliarden euro kosten in sachen terminvergabe schätzt das ministerium die kosten auf  bis millionen euro weil ärzte mehr geld bekommen für die zusätzlichen leistungen die spahn ihnen abverlangt künftig müssen niedergelassene ärzte nämlich mindestens stunden in der woche als sprechstunden anbieten bestimmte fachärzte etwa frauenärztinnen oder augenärzte davon fünf als offene sprechstunden für patienten ohne termin die behandlung von patienten in diesen offenen sprechstunden aber auch von neuen patienten und solchen die durch die terminservicestelle oder einen hausarzt vermittelt wurden können ärzte künftig zusätzlich abrechnen das ist der einstieg in den ausstieg aus der budgetierung sagt gesundheitsminister jens spahn ein hausarzt wiederum der seinem patienten erfolgreich einen facharzttermin vermittelt bekommt dafur zehn euro ausgeweitet werden sollen zudem die leistungen der terminservicestellen selbst von  an sollen sie auch termine bei haus und kinderärzten vermitteln und rund um die uhr unter der einheitlichen nummer erreichbar sein die wartezeit auf eine psychotherapeutische akutbehandlung darf in zukunft zwei wochen nicht überschreiten mittelfristig soll es auch apps geben durch die versicherte termine ergattern können zuschläge sieht spahns gesetz darüber hinaus für ärzte auf dem land vor in gebieten mit ärztemangel müssen die kassenärztlichen vereinigungen zudem künftig selbst praxen eröffnen oder alternativen anbieten telemedizin zum beispiel oder mobile praxen verbesserungen in der pflege verspricht spahn sich davon dass in zukunft ambulante pflegedienste auch reine betreuungsdienste anbieten dürfen  von hilfe im haushalt über spaziergänge bis zu gedächtnistraining das ziel eine bessere pflege zu hause profitieren sollen auch zahnpatienten die festen zuschüsse der krankenkassen zum zahnersatz werden von derzeit  auf prozent erhöhen  allerdings erst von oktober an kosten wird das etwa millionen euro im jahr süddeutsche zeitung d  weitere millionen euro fließen in höhere honorare für physio ergo oder sprachtherapeuten unter anderem werden die preise für deren leistungen angeglichen  und zwar indem sie auf das bundesweit höchste derzeit geltende niveau gehoben werden gegen den hebammenmangel dagegen finden sich in dem sammelgesetz in dem noch zig weitere regelungen im gesundheitswesen geändert werden keine wirklich weitreichenden vorschläge geplant ist lediglich ein onlineverzeichnis um die suche zu erleichtern  und geld für kliniken die ihren hebammen bei der vereinbarung von beruf und familie helfen etwa mit betreuungsangeboten das langzeitdesaster der digitalisierung im deutschen gesundheitswesen will der minister durch mehr druck in den griff kriegen bis  müssen die krankenkassen spätestens elektronische patientenakten anbieten versicherte sollen dann auch vom handy oder tablet aus auf ihre gesundheitsdaten zugreifen können ebenfalls  soll der gelbe schein verschwinden krank geschrieben wird dann nur noch digital die mit der elektronischen gesundheitskarte beauftragte gesellschaft für telematik wird zudem künftig zu prozent in der hand des gesundheitsministeriums sein hrossbach jlang bild gesundheitsminister in aktion jens spahn vorne bei der besichtigung der martiniklinik in hamburg im sommer  fotochristian charisius  dpa,1
SZ_Twitter_Offline_36,-1,Zeitungsartikel Offline,politik deutschland genug gescheitert hessens spdchef thorsten schäfergümbel zieht sich zurück wiesbaden  thorsten schäfergümbel wirkt bewegt an diesem dienstag kein wunder für hn wird alsbald ein ebenso wichtiges wie wechselhaftes kapitel seines beruflichen lebens zu ende gehen alles hat seine zeit sagt der hessische spdvorsitzende seine botschaft fünf monate nach der schmerzhaften niederlage der hessischen sozialdemokraten bei der landtagswahl lautet nach drei misslungenen versuchen ministerpräsident zu werden zieht er sich im herbst aus der politik zurück und wird arbeitsdirektor bei der gesellschaft für internationale zusammenarbeit giz mithin vorgesetzter von rund  leuten für ihn so sagt der in den vergangenen zehn jahren eher glücklose jährige schliefse sich ein kreis zum beginn seines studiums der agrarwissenschaften wollte er entwicklungshelfer werden am  oktober wird er nun deren personalchef ende september gibt er sein amt als fraktionschef auf und legt sein mandat nieder für den landesvorsitz kandidiert er nicht mehr auch nicht für den posten des vizes der bundesspd der gebürtige bayer der als kind nach hessen kam und in gießen aufwuchs macht keinen hehl daraus dass ihn die niederlagen der spd unter seiner führung bedrückt haben er wurde  chef als nachfolger von andrea ypsilanti die die partei mit ihren plänen für eine rotrotgrüne landeskoalition ins chaos gestürzt hatte schäfergümbel gelang es die hessenspd zu stabilisieren ein großer politischer erfolg blieb ihm aber verwehrt bei der jüngsten wahl ende oktober  hatten sich die sozialdemokraten gute chancen ausgerechnet mussten aber mit prozent hr schlechtestes ergebnis der nachkriegszeit einstecken die verantwortung dafür gaben schäfergümbel und die partei hauptsächlich dem damals schlechten erscheinungsbild der bundesspd und der großen koalition nun sagt er er habe sich schon vor jahresfrist für einen rückzug entschieden für den fall dass er nicht regierungschef werden sollte offentlich hatte er seine zukunftspläne jedoch verschwiegen bislang stets nur eine entscheidung bis zum herbst angekündigt dass er ein viertes mal als spitzenkandidat antreten würde galt aber als unwahrscheinlich die aussichtsreichste nachfolgerin für beide ämter ist landesgeneralsekretärin nancy faeser sie wollte sich zunächst nicht zu ihren ambitionen äußern die juristin galt zwischenzeitlich auch als eine kandidatin für die nachfolge von bundesjustizministerin katarina barley ist nach angaben aus parteikreisen aber inzwischen aus dem rennen der aus nordhessen stammende bundestagsabgeordnete tmon gremmels brachte unlängst öffentlich den staatsminister im auswärtigen amt und früheren hessischen landesgeneralsekretär michael roth als bewerber für das parteivorsitzendenamt ins gespräch schäfergümbel äußert sich bei seinem auftritt nicht zu den personalspekulationen dass er den landespartei und fraktionsvorsitz gern in einer hand sähe sagt er aber schon und auf eine feststellung legt er ganz besonderen wert es gehe hier um einen abschied von amtern nicht von der politik und schon gar nicht von der deutschen sozialdemokratie ich werde mich weiter leidenschaftlich für die spd engagieren beschlieft er seine erklärung susanne höll aseite  bild thorsten schäfergümbel  gab am dienstagnachmittag den rückzug von seinen ämtern bekannt am morgen noch twitterte er die sonne scheint das wird ein guter tag foto dpa,-1
SZ_Twitter_Online_117,-1,Zeitungsartikel Online,europawahl die cdu kämpft mit dem trend krampkarrenbauer hat eigene fehler im europawahlkampf eingestanden foto ap nach dem schlechten abschneiden bei der europawahl übt cduchen krampkarrenbauer selbstkritik man habe in den debatten um uploadfilter um den youtuber rezo sowie um fridays for future und den klimaschutz fehler gemacht eine wahlanalyse aus der cduzentrale über einen vermeintlichen rechts ruck sorgt aber für neuen ärger von robert roßmann berlin cduchen annegret krampkarrenbauer hat nach den schweren verlusten ihrer partei bei der europawahl am montag fehler eingestanden personelle,-1
SZ_Twitter_Online_120,-1,Zeitungsartikel Online,zeitumstellung nur noch fünf minuten schüler müssen zu früh aufstehen nden schlaorscher foto  der euverkehrsausschuss hat in der vergangenen woche beschlossen die zeitumstellung bis  abzuschaen unklar ist welche zeit dann gelten soll  die bundesregierung ist für die ewige sommerzeit der präsident des deutschen lehrerverbands heinzpeter meidinger sieht das kritisch die schüler würden darunter leiden von paul munzinger nur noch sommerzeit ganz konkret hieße das dass es im winter abends eine stunde länger hell ist nicht mehr nicht weniger heinzpeter meidinger präsi,-1
SZ_Twitter_Online_29,-1,Zeitungsartikel Online,eu maas nennt londoner brexitvotum zeichen der vernunft direkt aus dem newskanal berlin   bundesaußenminister heiko maas hat das votum des britischen unterhauses gegen einen ungeregelten brexit als zeichen der vernunft begrüßt ein euaustritt ohne vertrag liege in niemandes interesse erklärte der spdpolitiker auf twitter das unterhaus hatte gestern den mit der eu ausgehandelten brexitvertrag abgelehnt am abend stimmte eine mehrheit der abgeordneten dann aber dafür einen brexit ohne abkommen auf jeden fall zu verhindern,1
SZ_Twitter_Online_30,0,Zeitungsartikel Online,unfälle maas müssen mit vielen deutschen opfern auf madeira rechnen direkt aus dem newskanal berlin   unter den opfern des busunglücks auf madeira dürften nach erkenntnissen von bundesaußenminister heiko maas etliche menschen aus deutschland sein wir müssen davon ausgehen dass unter den opfern viele deutsche sind schrieb er auf twitter unser mitgefühl gilt den angehörigen der toten wir hoen mit den verletzten nach oziellen informationen aus portugal starben bei dem busunglück  menschen das auswärtige amt in berlin machte noch keine näheren angaben dazu,-1
SZ_Twitter_Online_71,-1,Zeitungsartikel Online,wahlen cdu lädt youtuber rezo nach scharfer kritik ein die undatierte aufnahme zeigt den youtuber rezo foto direkt aus dem newskanal berlin   die cdu hat den youtuber rezo zum meinungsaustausch eingeladen und teile seiner kritik als berechtigt bezeichnet  nach heftigem gegenwind auf erste abweisende reaktionen lass uns über deine kritik an der cdu sprechen aber bitte höre auch uns zu wie wir die dinge sehen schrieb generalsekretär paul ziemiak auf twitter nicht als show sondern so wie die meisten menschen bei uns aus sorge über unsere zukunft und über wege unseren planeten zukunftsfest zu machen über ideen für bessere lösungen eine anfrage der deutschen presseagentur bei rezo ob er auf das angebot eingeht blieb bis zum abend unbeantwortet drei tage vor der europawahl und der für die cdu wichtigen bürgerschaftswahl in bremen am  mai versucht die parteispitze oenbar dem sturm der entrüstung in teilen der öentlichkeit und den sozialen medien über den umgang mit der kritik des youtubers die spitze zu nehmen ziemiak hatte am mittwoch mit blick auf rezos video noch von falschbehauptungen gesprochen am donnerstag schloss er seine einladung mit den worten dein paul in dem video rezos heißt es die cdu zerstöre unser leben und unsere zukunft es wurde bis donnerstagabend mehr als  millionen mal aufgerufen rezo wirft der partei unter anderem vor beim klimawandel untätig zu sein politik für reiche zu machen und krasse inkompetenz beim thema urheberrecht und drogenpolitik ziemiak räumte ein wir machen nicht alles richtig du hast kritikpunkte benannt die berechtigt sind wir können beim klimaschutz noch mehr tun mit besseren technologien und guten ideen in der diskussion um uploadlter im internet an der sich scharfe kritik gerade junger menschen und von youtubern und bloggern entzündet hatte haben wir nicht den richtigen ton angeschlagen das können wir besser gab der cdu generalsekretär zu doch auch in dem video von rezo sind vereinzelt fehler zu nden ein ursprünglich als reaktion auf die kritischen äußerungen des youtubers geplantes internetvideo des jungen bundestagsabgeordneten philipp amthor wollte die cdu nicht veröentlichen amthor sagte am rande einer veranstaltung in rostock die cdu wolle nicht über videos mit dem youtuber kommunizieren sondern das persönliche gespräch suchen wenn in dem rezovideo von zerstörung der cdu die rede sei könne man sagen uns geht es nicht darum jemanden zu zerstören sondern gute argumente auszutauschen spott im netz erzeugte am donnerstag ein zitat von cduchen annegret krampkarrenbauer sie hatte das rezovideo am abend zuvor mit den worten kommentiert ich habe mich gefragt warum wir nicht eigentlich auch noch verantwortlich sind für die sieben plagen die es damals in ägypten gab allerdings im alten testament ist nicht von sieben sondern von zehn biblischen plagen die rede politikwissenschaftler stefan heumann sagte der deutschen presse agentur die cdu tut sich mit digitaler kommunikation immer noch sehr schwer im umgang mit jungen wählern falle die hohe geschwindigkeit der netzkommunikation und eine direkte ansprache vielen politikern noch schwer wie andere experten sieht er in dem video und dessen mittel und langfristigen auswirkungen ein risiko für die partei es könne sich sogar auf das wahlergebnis am sonntag auswirken sagte heumann der politikberater und blogger martin fuchs sagte der  junge menschen beklagten vor allem respektlose reaktionen und fühlten sich nicht ernst genommen ich komme gerade aus einer neunten und zehnten klasse  deren vertrauen in die politik ist zerstört fuchs sagte auch für die kleineren parteien wie fdp grüne oder linke sei es einfacher ihre klientel im netz anzusprechen weil sie eine kleinere denierte zielgruppe hätten rezo warf der cdu in der frankfurter allgemeinen woche freitag ein verhalten vor das an uspräsident donald trump erinnere selbst wenn ein unterdreißigjähriger sich auf wissenschaftler und experten beruft antwortet die cdu mit lügen und geht inhaltlich gar nicht auf argumente ein sagte er dies sehe man auch bei trump der mit dieser masche ins amt gekommen sei er hat so viel scheiße gelabert vielleicht haben da auch andere politiker gemerkt ey wir können einfach lügen und bullshit reden wir kommen damit durch wohl als reaktion auf den vorwurf zu langsam angemessen auf die kritik des youtubers reagiert zu haben veröentlichte die cdu in einem antwortschreiben an rezo auch eine ausführliche stellungnahme zu ihrem internen entscheidungsprozess rezos video spitze kritikpunkte zu und verkürze um zu provozieren man habe in der cdu gemeinsam überlegt wie wir mit deiner kritik und der form in der du sie packst umgehen schrieb die partei man habe immer wieder abgewogen ob eine antwort auf derselben ebene  video gegen video  für die cdu die richtige und angemessene antwort sei und ob es der notwendigen politischen auseinandersetzung hilft oder politik zum spektakel macht gerade von der cdu werde in aufgewühlten zeiten erwartet dass sie überlegt reektiert und mit kühlem kopf antwortet schrieb die partei verkürzen verzerren verdrehen  das ist populismus überzeichnen übertreiben überspitzen wir distanzieren uns zu recht von dieser art politik zu machen auf eine steile these folge bei der cdu nicht die hastige antwort über den tag hinaus tragende antworten erforderten zeit maß und mitte die währung von youtubern sind klickraten die währung einer volkspartei wie der cdu ist vertrauen betonte die partei,-1
SZ_Twitter_Online_82,0,Zeitungsartikel Online,wahlen  berlin briefwahlrekord bei europawahl in berlin direkt aus dem newskanal berlin bb  bei der europawahl an diesem sonntag könnten mehr berliner ihre stimme abgeben als zuvor darauf deutet jedenfalls das interesse an der briefwahl hin das größer ist als jemals zuvor bei einer europawahl bis dienstag wurden   wahlscheine ausgestellt und damit rund   mehr als zur gleichen zeit vor fünf jahren wie die landeswahlleiterin petra michaelis am mittwoch bekanntgab das ist ein neuer rekord für berlin sagte sie mit blick auf die bisherigen europawahlen  millionen berliner sind am sonntag  mai wahlberechtigt  rund   weniger als bei der europawahl  damit beantragte bislang annähernd jeder fünfte wahlberechtigte briefwahlunterlagen  lag die wahlbeteiligung bei  prozent damals stimmte unterm strich gut ein viertel der wähler  prozent per briefwahl ab zuletzt stieg die zahl der briefwähler in berlin auch bei den abstimmungen zum bundestag oder zum abgeordnetenhaus bei der bundestagswahl  beantragten sogar  prozent der wahlberechtigten entsprechende unterlagen am ende wurde jede dritte berliner stimme für den bundestag per brief abgegeben michaelis sieht den trend  bei aller freude über des womöglich wachsende interesse an der europawahl  mit skepsis sie betonte dass sie eine verfechterin der urnenwahl im wahllokal sei bei der briefwahl seien grundsätze wie das wahlgeheimnis gefährdet in berlin stehen am sonntag zwischen  und  uhr etwa  wahllokale oen von denen laut michaelis  prozent für menschen mit gehbehinderung barrierefrei zugänglich sind hinzu kommen  briefwahlbezirke wo die briefwahlstimmen ausgezählt werden rund   wahlhelfer sorgen dort für einen ordnungsgemäßen ablauf die technischen drähte laufen bei der landeswahlleitung und dem statistikamt zusammen die am abend die auszählungsergebnisse online stellen und permanent aktualisieren das vorläuge endergebnis für berlin soll laut wahlleitung bis etwa mitternacht vorliegen berlin ist gut vorbereitet auf den wahlsonntag sagte michaelis die organisatorischen und technischen vorbereitungen sind abgeschlossen wir erwarten einen ordnungsgemäßen und rechtssicheren ablauf der wahl bei der bundestagswahl  hatte es technische probleme bei der übermittlung von ergebnissen aus den wahllokalen an die zentrale gegeben das soll sich nicht wiederholen der regierende bürgermeister michael müller spd appellierte an die berliner am sonntag abzustimmen das wahlrecht sei keine selbstverständlichkeit es ist ein kostbares gut für das viele menschen gestritten und gelitten haben ähnlich äußerte sich der präsident des abgeordnetenhauses ralf wieland mit der zusammenarbeit in europa sei die längste phase eines friedliche miteinanders auf dem kontinent verbunden erklärte er auf twitter auch der wohlstand in europa sei ergebnis dieser zusammenarbeit deshalb überlassen wir nicht denjenigen europa die gegen eine europäische zusammenarbeit arbeiten so wieland die wähler haben bei der europawahl mehr optionen denn je  parteien und sonstige politische vereinigungen treten an fast doppelt so viele wie vor fünf jahren der stimmzettel ist  zentimeter lang wahlberechtigt sind nicht nur deutsche sondern auch euausländer allerdings ließen sich in berlin nur  prozent in die wählerverzeichnisse eintragen also lediglich rund   der   eubürger über  in berlin wollen von ihrem wahlrecht hier gebrauch machen,0
SZ_Twitter_Online_85,-1,Zeitungsartikel Online,kriminalität  düsseldorf schulze föcking berichtet polizei von neuem cyberangri direkt aus dem newskanal düsseldorf lnw  fast genau ein jahr nach der vermuteten hacker attacke auf ihren fernseher hat exagrarministerin christina schulze föcking wieder die polizei alarmiert den beamten berichtete die nordrheinwestfälische cduabgeordnete dabei auch von einem neuen cyberangri auf ihr heimnetzwerk das geht aus einer internen polizeimitteilung wichtiges ereigniswe hervor die der deutschen presseagentur vorliegt der wdr hatte zuerst berichtet laut der internen mitteilung meldete sich schulze föcking am  februar also weiberfastnacht telefonisch bei der kriminalpolizei weil sie eine beleidigende email erhalten habe sie erstattete anzeige laut we meldung sagte die abgeordnete dann aber auch sie wolle die örtliche polizeibehörde über den stand ihrer verfahren informieren den ermittlern berichtete sie demnach von juristischem ärger mit tierrechtlern und schließlich von einer zweiten cyberattacke auf ihr heimnetzwerk zwei tage vor ihrer anhörung im parlamentarischen untersuchungsausschuss dabei sei erneut ein film auf den fernseher eingespielt worden heißt es in dem internen polizeiprotokoll die beamten gaben den gesamten vorgang an den staatsschutz weiter und informierten das landeskriminalamt schulze föcking sagte der am sonntag dass sie der polizei im sinne einer vollständigen auskunft auch von einer einmaligen und nicht erklärlichen funktionsweise eines fernsehgeräts berichtet habe im polizeiprotokoll schrieben die polizisten auf sie habe von einem cyber angri gesprochen als agrarministerin hatte schulze föcking im märz  eine attacke auf ihr heimisches netzwerk gemeldet die in wahrheit ein bedienungsfehler innerhalb der familie war dazu tagt zurzeit ein parlamentarischer untersuchungsausschuss in dem am kommenden freitag unter anderem der lkachef und der chef der staatskanzlei befragt werden sollen die spdabgeordnete sarah philipp reagierte beim internetdienst twitter auf die neue entwicklung schrieb dort alles sehr konfus und merkwürdig de facto bleibt die frage warum die exministerin den weiteren angeblichen cyberangri bei ihrer befragung im untersuchungsausschuss unerwähnt lässt und erst   monate später der polizei meldet,-1
SZ_Twitter_Online_95,-1,Zeitungsartikel Online,demonstrationen  mainz tausende schüler für klimaschutz auf den straßen direkt aus dem newskanal mainz lrs  demo statt schulunterricht tausende von schülern haben am freitag auch in rheinlandpfalz für mehr tempo beim klimaschutz demonstriert in der landeshauptstadt mainz sammelten sich trotz regen und kälte mehr als  demonstranten die an vier schulen vorbei durch die stadt zogen den demonstration schlossen sich auch eltern sowie wissenschaftler des maxplanckinstituts für chemie an in nahezu allen weiteren großen städten von der pfalz bis zu mosel und mittelrhein beteiligten sich ebenfalls zahlreiche schülerinnen und schüler an dem schulstreik unter dem motto fridays for future nach einer umfrage bei den polizeidienststellen gingen landesweit mindestens  junge menschen auf die straße die große beteiligung bei schlechtem wetter zeige doch dass es beim schulstreik nicht um schwänzen gehe wie manche politiker meinten sagte der mainzer mitinitiator maurice conrad auf einer auftaktkundgebung sagte der kabarettist lars reichow es sei richtig dass die schülerinnen und schüler während der schulzeit demonstrierten schließlich nde ein streik für höhere löhne auch nicht nach feierabend statt mit blick auf kritik des fdpvorsitzenden christian lindner an der bewegung fridays for furture sagte reichow hier auf diesem platz ist mehr kompetenz versammelt als die fdp jemals im parlament auf die beine gestellt hat mit blick auf die stockholmer schülerin die den schulstreik gestartet hat sagte reichow greta thunberg muss den friedensnobelpreis bekommen an der demonstration in mainz nahm auch oberbürgermeister michael ebling spd teil mehrere eltern zogen unter dem motto parents for future mit meine tochter hat sich nicht getraut zu streiken sagte monika sneladeschermaier deren tochter die dritte klasse einer grundschule besucht aber sie ist um  uhr aufgestanden um mir ein schild zu malen wir sehen uns dazu gezwungen uns gegen eine politik aufzulehnen die den klimawandel und seine folgen nicht annähernd ernst genug nimmt erklärte die landesschülervertretung lsv rheinlandpfalz die protestbewegung zeige dass unsere generation keineswegs unpolitisch ist und dem klimawandel längst den kampf angesagt hat sagte aylin gümü vom lsvvorstand die vertretung der schülerinnen und schüler appellierte an alle lehrer die fehlstunden aufgrund der teilnahme an den demonstrationen zu entschuldigen bildungsministerin stefanie hubig spd erklärte am freitag über twitter sie nde das engagement der jugendlichen sehr gut  noch lieber wäre es mir allerdings wenn die demos außerhalb der schulzeit stattnden in koblenz demonstrierten nach polizeiangaben rund  menschen unter ihnen die landesvorsitzende der grünen jutta paulus die sich bei parents for future und bei scientists for future engagiert die streikenden jugendlichen haben ja recht es muss endlich viel mehr passieren und der klimaschutz muss zur obersten priorität werden sagte die politikerin kritisiert werden die aktionen von cdu und afd in frankenthal zählte die polizei etwa  demonstranten in trier  und in neustadt an der weinstraße  in bingen demonstrierte auch eine gruppe von jägern unter dem namen forresters for future für den klimaschutz,0
SZ_Twitter_Online_96,0,Zeitungsartikel Online,reaktionen ein angri auf die freiheit neuseeland erlebte eines der schrecklichsten hassverbrechen seiner geschichte foto afp anzeige die welt reagiert entsetzt auf die angrie die bundesregierung der amerikanische präsident die eu und viele weitere bekunden ihr beileid die reaktionen im überblick mindestens  tote und dutzende verletzte die welt reagiert entsetzt auf die anschläge auf zwei moscheen in christchurch neuseeland die angreifer eröneten während der freitagsgebete feedback das feuer drei männer und eine frau wurden festgenommen regierungssprecher steen seibert twitterte eine nachricht von kanzlerin merkel tief erschüttert verfolge ich die nachrichten aus christchurch ich trauere mit den neuseeländern um ihre mitbürger die friedlich betend in ihren moscheen überfallen aus rassistischem hass ermordet wurden wir stehen seite an seite gegen solchen terror außenminister heiko maas schrieb auf twitter wir sind tief erschüttert von dem brutalen verbrechen in christchurch in diesen schweren stunden stehen wir fest an der seite unserer neuseeländischen freunde unser ganzes mitgefühl gilt den familien und freunden der opfer uspräsident donald trump verspricht beistand mein herzliches mitgefühl und meine besten wünsche gelten nach dem schrecklichen massaker in den moscheen den menschen in neuseeland  unschuldige menschen sind so sinnlos gestorben so viele weitere wurden schwer verletzt die usa stehen neuseeland mit allem was wir tun können bei möge gott alle segnen auch queen elizabeth ii wendet sich an die menschen der ehemaligen englischen kolonie ich bin tief betroen von den schrecklichen ereignissen in christchurch heute prinz philip und ich möchten den familien und freunden derer die ihr leben verloren haben unser beileid aussprechen ich möchte auch den rettungskräften und freiwilligen helfern die sich um die verletzten gekümmert haben meine anerkennung zollen in dieser tragischen zeit sind meine gedanken und gebete bei allen neuseeländern auch die britische premierministerin theresa may kondolierte meine gedanken sind bei allen die von diesem abscheulichen gewaltakt betroen sind schrieb sie im kurznachrichtendienst twitter das parlament in london legte eine schweigeminute für die opfer ein may sagte später noch das vereinigte königreich sei bereit neuseeland zu helfen wie immer wir können jeanclaude juncker präsident der europäischen union versicherte neuseeland an dessen seite zu stehen im kampf gegen terrorismus mit entsetzen und tiefer trauer habe ich von dem terroranschlag auf die moschee in christchurch erfahren die europäische union wird immer an der seite neuseelands stehen und sich gegen diejenigen stellen die auf abscheuliche weise unsere gesellschaften und unsere art zu leben zerstören wollen auch euratspräsident donald tusk schrieb im namen der eu erschütternde nachrichten aus neuseeland heute nacht der brutale anschlag in christchurch wird niemals die toleranz und den anstand schmälern für den neuseeland berühmt ist unsere gedanken in europa sind bei den opfern und ihren familien pm jacinda ardern kann auf unsere solidarität zählen anzeige so gehts forderungsverkauf bei auslandsgeschäften immer mehr unternehmen verkaufen ihre forderungen gegen kunden im ausland an einen factoringanbieter sie können so ihren kunden großzügige zahlungsziele bieten und erhalten dennoch schnell ihr geld mehr der türkische präsident recep tayyip erdoan sieht in den angrien das jüngste beispiel für den wachsenden hass auf muslime im namen der menschen meines landes möchte ich der islamischen welt und den menschen neuseelands mein beileid aussprechen die opfer dieses verabscheuungswürdigen aktes wurden dieser ist das jüngste beispiel für wachsenden rassismus und islamophobie die cduvorsitzende annegret krampkarrenbauer bekundete ebenfalls ihr entsetzen egal gegen wen sich hass gewalt und terror richten am ende sterben menschen verlieren kinder ihre eltern und eltern ihre kinder dafür kann es keine erklärung und darf es nie entschuldigung geben im gedenken an opfer in christchurch nie einen zweifel daran aufkommen lassen andrea nahles vorsitzende der spd schrieb ich bin tief erschüttert über den abscheulichen terroranschlag von christchurch wer muslime angreift greift uns alle an dieser hass darf niemals einen platz bei uns haben  weder in neuseeland noch woanders mein mitgefühl gilt allen angehörigen stay strong new zealand der spitzenkandidat der europäischen volkspartei evp für die europawahl manfred weber rief auf geschlossen gegen den terrorismus vorzugehen unsere gedanken sind bei den menschen in neuseeland und den opfern des schrecklichen anschlags in zwei moscheen in der stadt christchurch wir müssen alle geschlossen gegen den terrorismus vorgehen und gemeinsam gegen den hass kämpfen fußballstar cristiano ronaldo zeigte sich ebenfalls erschüttert unsere gedanken sind bei den opfern deren familien und jedem der von dieser tragödie betroen ist auch der englische fußballverein manchester united bekundete mitgefühl die gedanken aller bei manchester united sind bei denen die von den heutigen anschlägen in neuseeland betroen sind terror in neuseeland was über den anschlag bekannt ist der hauptverdächtige ist ein jähriger australier er ist wegen mordes angeklagt die fakten im überblick,-1
Strache_Facebook_114,0,Facebook-Post,spitzenleistung von unserem harald vilimsky am   x  fp  austehen für ein starkes sterreich  eu wahl ,1
Strache_Facebook_171,-1,Facebook-Post,hassattacke gegen fpminister unfassbar wenn du fette unfähige sau mein kind bedrohst dann ziehe ich die lebendig die fette haut vom körper bevor ich dich mit der axt in  teile hacke ende  jeder fpöler und jeder vpler sollen verrecken so wird im standardforum gehetzt,-1
Strache_Facebook_188,0,Facebook-Post,die serie der roten pleiten affären und skandale reißt nicht ab nach der ungustiösen vermischung von partei und stadtinteressen bei der vergabe von förderungen an vereine wurde nun bekannt dass die spstadtregierung  euro steuergeld allein für ein einfallsloses wienlogo verschwendet hat unfassbar wie ludwig und co agieren,-1
Strache_Facebook_21,1,Facebook-Post,wer sind die auftraggeber und wer die nutznießer dahinter ich werde hier nicht locker lassen die wahrheit ist eine tochter der zeit und die gerechtigkeit setzt sich auf dauer durch ich danke euch von ganzem herzen für eure unzähligen unterstützungsnachrichten und euren großen zuspruch in dieser schwierigen zeit danke für eure kraft und euren rückhalt ich bin beeindruckt von eurem mut eurem investigativen engagement eurer hilfe und eurem kampfgeist danke fp ,1
Strache_Facebook_224,1,Facebook-Post,wertschätzender empfang der svathleten medaillengewinner und weltcupsieger im bundeskanzleramt herzliche gratulation zu den erbrachten spitzenleistungen in der letzten saison ich wünsche allen athleten und betreuern einen erholsamen sommer und verletzungsfreie vorbereitung ,1
Strache_Facebook_254,0,Facebook-Post,die pressestatements nach dem ministerrat mit bundeskanzler sebastian kurz vizekanzler hc strache bundesministerin elisabeth köstinger und bundesminister norbert hofer,0
Strache_Facebook_257,0,Facebook-Post,fptierschutzsprecherin philippa strache wie eiskalt kann man sein lächelnd antwortet spsima auf die frage ob listenhunde aus wien weg sollen mit ja traurige realität  das ist die tierschutz stadträtin der sp ich freue mich auf die nächste wien wahl da bekommen dann ihre ach so verhassten listenhunde eine starke stimme von frauchen oder herrchen beitrag hundekontrollen auf der donauinsel ,-1
Strache_Facebook_265,0,Facebook-Post,hier wird einmal mehr die falschheit und scheinheiligkeit der sp deutlich wer hier wirklich sozial kalt agiert und regiert zeigt dieser rotgrüne skandal sehr deutlich ich bin tief betroffen wie die sp in wien mit betagten und pflegebedürftigen wienerinnen und wienern umgeht wenn diese menschen aus ihrer betreuungseinrichtung geschmissen werden dann ist das eine sozialpolitische schande verantwortlich dafür spbürgermeister ludwig und spsozialstadtrat hacker ein weiteres beispiel dass es auch in wien bei der nächsten wahl veränderung braucht und die rote misswirtschaft endlich gestoppt werden muss,-1
Strache_Facebook_303,0,Facebook-Post,mit der mindestsicherung neu wird die zuwanderung in unser sozialsystem gestoppt es kann doch nicht sein dass  prozent der mindestsicherungsbezieher die beim ams gemeldet sind migrationshintergrund haben dank dieser bundesregierung wird sich das nun endlich ändern wir handeln eben im sinne der sozialen fairness und gerechtigkeit,0
Strache_Facebook_46,-1,Facebook-Post,und wieder empören sich alle politischen mitbewerber über verhaltensregeln welche selbstverständlich sein sollten traurig,-1
Strache_Facebook_48,0,Facebook-Post,damit es am  mai kein böses erwachen gibt steh auf für sterreich  am  mai bei der euwahl fp  jetzt erst recht,0
Strache_Facebook_5,0,Facebook-Post,die wahrheit kommt ans licht,0
Strache_Facebook_56,1,Facebook-Post,es ist immer wieder eine große freude das gauderfest im zillertal besuchen zu dürfen schön zu sehen wie hier tradition und brauchtum gelebt werden da ein teil der familie meiner frau aus dem zillertal stammt fühlen wir uns mit dieser wunderschönen gegend besonders verbunden und kommen immer wieder gerne hier her noch dazu wenn die positiven rückmeldungen für unseren harald vilimsky hier besonders zahlreich ausgefallen sind ,1
Strache_Facebook_57,0,Facebook-Post,unglaublich aber eine islamisierung bzw ein bevölkerungswechsel findet ja angeblich nicht statt gott sei dank haben wir in sterreich die fp in der regierung wir wollen kein merkeleinbürgerungs und vielehegesetz so etwas hat bei uns nichts verloren,-1
Strache_Facebook_60,-1,Facebook-Post,aber eine islamisierung findet nicht statt  es gibt auch keinen bevölkerungswechsel nicht in europa nicht in sterreich und schon gar nicht im rotgrün regierten wien bestimmt sind im bislang noch christlich geprägten sterreich auch schon vor jahren vielfrauenehen aufgrund liberaler bzw christlicher grundwerte gefordert worden und der wiener spbürgermeister ludwig sieht natürlich tatenlos zu nein solche entwicklungen haben bei uns nichts verloren und wir freiheitlichen treten konsequent gegen eine islamisierung unserer gesellschaft auf,-1
Strache_Facebook_68,0,Facebook-Post,gemeinsam mit verteidigungsminister mario kunasek verabschiedete ich am mittwoch die hälfte der insgesamt rund  soldaten des bundesheeres nach mali das sterreichische bundesheer wird in afrika einen wertvollen beitrag zu entwicklungshilfe training und ausbildung der dortigen sicherheitskräfte vor ort leisten es geht vor allem aber auch um ausbildung der malisicherheitskräfte im kampf gegen die organisierte kriminalität drogenmafia die bekämpfung der migrationsursachen und der schleppetmafia vor ort  dafür braucht man ein stabiles umfeld um bleibeperspektiven für die lokale bevölkerung zu schaffen,0
Strache_Facebook_81,1,Facebook-Post,es war ein sehr herzlicher und wertschätzender empfang beim ungarischen ministerpräsidenten viktor orbn in budapest europa braucht eine starke allianz gegen eine islamisierung  ein interessantes und konstruktives treffen mit ungarns premier viktor orbn in budapest wir haben in unseren gesprächen sehr viel inhaltliche bereinstimmung gefunden insbesondere in bezug auf die zukünftige entwicklung europas ich freue mich über die freundschaftlichen beziehungen zwischen sterreich und ungarn und bedanke mich sehr herzlich für die gastfreundschaft  ,1
Strache_Facebook_86,-1,Facebook-Post,er strache werde sich auch künftig seine wortwahl nicht vorschreiben lassen es gibt eine schleichende islamisierung einen bevölkerungswechsel bzw eine bevölkerungsverdrängung ich werde mir hier den mund nicht verbieten lassen,-1
Strache_Facebook_89,-1,Facebook-Post,anneliese rohrer in der presse heinzchristian strache hat recht journalisten müssen kritik aushalten es ist doch lachhaft dass jemand wie harald vilimsky fp die pressefreiheit in diesem land bedrohen soll die bedrohung kann nur von innen kommen  von wehleidigkeit mangelnder selbstreflexion und mangelndem selbstwertgefühl,-1
Strache_Tweet_10,-1,Tweet,ich bin tief betroffen wie die spö in wien mit betagten und pflegebedürftigen wienerinnen und wienern umgeht wenn diese menschen aus ihrer betreuungseinrichtung geschmissen werden dann ist das eine sozialpolitische schande,-1
Strache_Tweet_11,0,Tweet,die freiheitliche forderung nach abschaffung der orfgiszwangsgebühren in dieser regierungsperiode wird von der mehrheit der österreichischen bevölkerung unterstützt,0
Strache_Tweet_15,0,Tweet,eine emotional geführte debatte doch asylwerber erhalten in österreich eine vollversorgung durch die österreichischen steuerzahler mit den  pro stunde können sie sich zusätzlich ehrenamtlich einbringen und damit der gesellschaft etwas zurückgeben,0
Strache_Tweet_8,0,Tweet,wir ziehen die mindestsicherung neu auch gegen den widerstand des rotgrünen wiens durch,-1
