sentiment,reasoning,id,textart,text,sentiment_gs
neutral,"Der Text beschreibt eine Situation, in der die CDU den Youtuber Rezo zum Meinungsaustausch eingeladen hat, nachdem er die Partei scharf kritisiert hat. Die CDU reagiert auf die Kritik, indem sie einige Punkte von Rezo als berechtigt anerkennt und sich bemüht, eine sachliche und überlegte Antwort zu geben. Der Text enthält auch Kritik an der CDU von verschiedenen Seiten, darunter Politikwissenschaftler und Blogger, die die Partei für ihre Reaktionen und Umgang mit jungen Wählern kritisiert haben. Der Ton des Textes ist neutral, da er die verschiedenen Perspektiven und Reaktionen auf die Situation darstellt, ohne eine klare Meinung oder Bewertung zu geben.",SZ_Twitter_Online_71,Zeitungsartikel Online,"Wahlen CDU lädt Youtuber Rezo nach scharfer Kritik ein Die undatierte Aufnahme zeigt den YouTuber Rezo. Foto: Direkt aus dem -Newskanal Berlin () - Die CDU hat den Youtuber Rezo zum Meinungsaustausch eingeladen und Teile seiner Kritik als berechtigt bezeichnet - nach heftigem Gegenwind auf erste abweisende Reaktionen. ""Lass uns über Deine Kritik an der CDU sprechen, aber bitte höre auch uns zu, wie wir die Dinge sehen"", schrieb Generalsekretär Paul Ziemiak auf Twitter. ""Nicht als Show, sondern so, wie die meisten Menschen bei uns: aus Sorge über unsere Zukunft und über Wege, unseren Planeten zukunftsfest zu machen, über Ideen für bessere Lösungen."" Eine Anfrage der Deutschen Presse-Agentur bei Rezo, ob er auf das Angebot eingeht, blieb bis zum Abend unbeantwortet. Drei Tage vor der Europawahl und der für die CDU wichtigen Bürgerschaftswahl in Bremen am 26. Mai versucht die Parteispitze oenbar, dem Sturm der Entrüstung in Teilen der Öentlichkeit und den sozialen Medien über den Umgang mit der Kritik des Youtubers die Spitze zu nehmen. Ziemiak hatte am Mittwoch mit Blick auf Rezos Video noch von Falschbehauptungen gesprochen. Am Donnerstag schloss er seine Einladung mit den Worten: ""Dein Paul."" In dem Video Rezos heißt es, die CDU zerstöre ""unser Leben und unsere Zukunft"". Es wurde bis Donnerstagabend mehr als 5,4 Millionen Mal aufgerufen. Rezo wirft der Partei unter anderem vor, beim Klimawandel untätig zu sein, Politik für Reiche zu machen und ""krasse Inkompetenz"" beim Thema Urheberrecht und Drogenpolitik. Ziemiak räumte ein: ""Wir machen nicht alles richtig. Du hast Kritikpunkte benannt, die berechtigt sind. Wir können beim Klimaschutz noch mehr tun, mit besseren Technologien und guten Ideen."" In der Diskussion um Uploadlter im Internet, an der sich scharfe Kritik gerade junger Menschen und von Youtubern und Bloggern entzündet hatte, ""haben wir nicht den richtigen Ton angeschlagen, das können wir besser"", gab der CDU- Generalsekretär zu. Doch auch in dem Video von Rezo sind vereinzelt Fehler zu nden. Ein ursprünglich als Reaktion auf die kritischen Äußerungen des Youtubers geplantes Internet-Video des jungen Bundestagsabgeordneten Philipp Amthor wollte die CDU nicht veröentlichen. Amthor sagte am Rande einer Veranstaltung in Rostock, die CDU wolle nicht über Videos mit dem Youtuber kommunizieren, sondern das persönliche Gespräch suchen. Wenn in dem Rezo-Video von ""Zerstörung der CDU"" die Rede sei, könne man sagen: ""Uns geht es nicht darum, jemanden zu zerstören, sondern gute Argumente auszutauschen."" Spott im Netz erzeugte am Donnerstag ein Zitat von CDU-Chen Annegret Kramp-Karrenbauer. Sie hatte das Rezo-Video am Abend zuvor mit den Worten kommentiert: ""Ich habe mich gefragt, warum wir nicht eigentlich auch noch verantwortlich sind für die sieben Plagen, die es damals in Ägypten gab."" Allerdings: Im Alten Testament ist nicht von sieben, sondern von zehn biblischen Plagen die Rede. Politikwissenschaftler Stefan Heumann sagte der Deutschen Presse- Agentur: ""Die CDU tut sich mit digitaler Kommunikation immer noch sehr schwer."" Im Umgang mit jungen Wählern falle die hohe Geschwindigkeit der Netzkommunikation und eine direkte Ansprache vielen Politikern noch schwer. Wie andere Experten sieht er in dem Video und dessen mittel- und langfristigen Auswirkungen ein Risiko für die Partei. Es könne sich sogar auf das Wahlergebnis am Sonntag auswirken, sagte Heumann. Der Politikberater und Blogger Martin Fuchs sagte der , junge Menschen beklagten vor allem respektlose Reaktionen und fühlten sich nicht ernst genommen. ""Ich komme gerade aus einer neunten und zehnten Klasse - deren Vertrauen in die Politik ist zerstört."" Fuchs sagte auch, für die kleineren Parteien wie FDP, Grüne oder Linke sei es einfacher, ihre Klientel im Netz anzusprechen, weil sie eine kleinere denierte Zielgruppe hätten. Rezo warf der CDU in der ""Frankfurter Allgemeinen Woche"" (Freitag) ein Verhalten vor, das an US-Präsident Donald Trump erinnere. ""Selbst wenn ein Unterdreißigjähriger sich auf Wissenschaftler und Experten beruft, antwortet die CDU mit Lügen und geht inhaltlich gar nicht auf Argumente ein"", sagte er. Dies sehe man auch bei Trump, der mit dieser Masche ins Amt gekommen sei. ""Er hat so viel Scheiße gelabert. Vielleicht haben da auch andere Politiker gemerkt: Ey, wir können einfach lügen und Bullshit reden, wir kommen damit durch."" Wohl als Reaktion auf den Vorwurf, zu langsam angemessen auf die Kritik des Youtubers reagiert zu haben, veröentlichte die CDU in einem Antwortschreiben an Rezo auch eine ausführliche Stellungnahme zu ihrem internen Entscheidungsprozess. Rezos Video spitze Kritikpunkte zu und verkürze, um zu provozieren. Man habe in der CDU gemeinsam überlegt, wie ""wir mit Deiner Kritik und der Form, in der Du sie packst, umgehen"", schrieb die Partei. Man habe immer wieder abgewogen, ob eine Antwort auf derselben Ebene - Video gegen Video - für die CDU die richtige und angemessene Antwort sei und ""ob es der notwendigen politischen Auseinandersetzung hilft oder Politik zum Spektakel macht"". Gerade von der CDU werde ""in aufgewühlten Zeiten erwartet, dass sie überlegt, reektiert und mit kühlem Kopf antwortet"", schrieb die Partei. ""Verkürzen, verzerren, verdrehen - das ist Populismus. Überzeichnen, übertreiben, überspitzen: Wir distanzieren uns zu Recht von dieser Art, Politik zu machen."" Auf eine steile These folge bei der CDU nicht die hastige Antwort. Über den Tag hinaus tragende Antworten erforderten Zeit, Maß und Mitte. ""Die Währung von Youtubern sind Klickraten. Die Währung einer Volkspartei wie der CDU ist Vertrauen"", betonte die Partei.",-1
negativ,"Der Text beschreibt die Entlassung von Herbert Kickl als Innenminister und die mögliche Rückgängigmachung seiner Amtshandlungen, wie die Senkung des Stundenlohns für Asylwerber auf 1,50 Euro. Dies deutet auf eine negative Stimmung hin. Zudem wird erwähnt, dass Kickls letzte Amtshandlungen keinen Bestand haben werden, was auch auf eine negative Stimmung hinweist.",Heute_Facebook_Online_53,Zeitungsartikel Online,"So verabschiedet sich Kickl aus dem Amt In einer Stellungnahme zum Abschied aus dem Innenministerium bedankt sich Herbert Kickl bei seinem Kabinett und seiner Familie. ein aus i im Fehler gesehen? Herbert Kickl (FPÖ) ist schon bald nicht mehr Innenminister. Bundeskanzler Sebastian Kurz (ÖVP) hat Bundespräsident Alexander Van der Bellen die Entlassung des FPÖ-Manns vorgeschlagen. Er wird dem Wunsch entsprechen. Kickls letzte Amtshandlungen werden wohl keinen Bestand haben. Er versuchte noch, seinen Generalsekretär Peter Goldgruber zum Generaldirektor für öffentliche Sicherheit zu machen, Van der Bellen wird diese Berufung aber nicht unterschreiben. Goldgruber geht somit zusammen mit Ex-Minister Kickl. 1,50 Euro für Asylwerber inRead invented by Teads Außerdem hat er am Dienstag eine Verordnung zum umstrittenen Stundenlohn für gemeinnützige Tätigkeiten von Asylwerbern erlassen. Er soll auf 1,50 Euro gesenkt werden. Die Maßnahme dürfte von seinem Ersatz, der schon am Mittwoch bestellt werden könnte, wieder rückgängig gemacht werden. Auf Facebook postete Kickl schließlich eine Verabschiedung von seinem Posten: ""Ich danke meinem großartigen Team im Kabinett und Generalsekretariat und den Mitarbeiterinnen und Mitarbeitern auf allen Ebenen, die mit mir gemeinsam diesen steinigen Weg gegangen sind, von ganzem Herzen."" Löse das Tresorcode-Rätsel Fort Knox erobern und Goldbarren gewinnen!",0
positiv,"Die Textpassagen beschreiben die Geburt eines Kindes und die Freude der Eltern, Beate Meinl-Reisinger und ihrem Mann. Die Verwendung von Wörtern wie 'glücklich', 'überglücklich', 'freuen' und'stolz' weist auf eine positive Stimmung hin. Auch die Ankündigung des Bundeskanzlers, der sich gratuliert, unterstreicht die positive Tonalität des Textes.",Heute_Facebook_Online_5,Zeitungsartikel Online,"Beate Meinl-Reisinger freut sich über Nachwuchs Beate Meinl-Reisinger ist jetzt Dreifach-Mama: Die Neos-Chefin hat am 31. März ihr drittes Kind zur Welt gebracht. ein aus i Das dritte Kind von Neos-Chefin Beate Meinl-Reisinger erblickte am Sonntag (31.3.) um 19.21 Uhr das Licht der Welt. Das gab dieim Fehler gesehen? 40-Jährige am Montag auf ihrer Facebook-Seite bekannt. Das Mädchen ist demnach 52 Zentimeter groß und wiegt 3.500 Gramm, wie die glückliche Mama stolz verkündet. Beate Meinl-Reisinger hat mit ihrem Mann bereits zwei kleine Töchter. Die Klubchefin hatte die Nachfolge von Matthias Strolz angetreten, als dieser im Mai 2018 völlig überraschend seinen Rückzug aus der Politik angekündigt hatte. Schon bei Bekanntgabe der Schwangerschaft im Herbst hat die Parteichefin angekündigt, sich im April eine einmonatige Baby-Auszeit nehmen zu wollen. Ihr Ehemann geht anschließend in Karenz. ""Mein Mann und ich sind überglücklich und freuen uns sehr über unser drittes Mädchen!"", schreibt Meinl-Reisinger auch auf Twitter. Auch der Bundeskanzler gratuliert:",1
positiv,"Der Artikel beschreibt die Grüne Senatorin Anja Stahmann als fröhlich und kreativ, die in ihrer Freizeit Comic-Kunst für ihre Wähler erstellt. Die Idee wird als'süße Wahlkampf-Idee' bezeichnet und die Senatorin teilt ihre Werke auf Facebook, um Wähler zu überzeugen. Die Reaktionen sind positiv, da 87 Bestellungen bereits eingegangen sind und die Senatorin noch 20 weitere abarbeiten muss.",Bild_Facebook_Online_6,Zeitungsartikel Online,"GRÜNE SENATORIN ZEICHNET FÜR WÄHLER Comic-Kunst für Unentschlossene Anja Stahmann entspannt beim Zeichnen vom stressigen Politikerinnen-Alltag Foto: Verena Hornung Artikel Von: A. MERTENS veröffentlicht am 08.05.2019 - 15:40 Uhr Bremen – Süße Wahlkampf-Idee von Bremens Sozialsenatorin Anja Stahmann (51). Die Grünen-Politikerin greift in ihrer knappen Freizeit zum Buntstift und zeichnet (/regional/bremen/bremen-aktuell/anja-stahmann-senatorin-eroeffnet-ihre-comic-ausstellung- 58988202.bildMobile.html), was die Minen hergeben. Mit fröhlichen Figuren wirbt die Senatorin um Wählerstimmen Foto: A.Stahmann Bei Facebook-Profil fragt sie: „Welcher und welche unentschlossene Wähler*in möchte sich noch zwanglos überzeugen lassen von mir und meinem persönlichen Buntstiftartistik-Wahlbrief? Die Privatadresse per Messenger an mich bringt ein Original, ein so genanntes ,Anjakat' in den heimischen Briefkasten.“ Nicht vergessen: Am 26. Mai wird gewählt Foto: A.Stahmann 87 Bestellungen hat sie bislang schon bekommen. „20 muss ich noch abarbeiten“, so Stahmann. Auch dieses Motiv hat schon einen Abnehmer Foto: A.Stahmann Wahlkampf der kreativen Art...",1
negativ,"Der Text beschreibt Hasspostings gegenüber der Wiener SPÖ-Stadträtin Ulli Sima, die als beleidigend und diffamierend beschrieben werden. Der Text erwähnt auch, dass der Angeklagte zu einer teilbedingten Strafe von 320 Euro verurteilt wurde, was auf eine negative Stimmung hinweist. Zudem wird erwähnt, dass Sima künftig gegen alle Hassposter vorgehen wird, was auf eine negative Einstellung gegenüber Hasspostings hinweist.",STD_Facebook_Online_84,Zeitungsartikel Online,"› Debatten im Netz Hassposter verurteilt: Hundebesitzer verglich Ulli Sima mit Hitler 15. Mai 2019, 18:29 134 Der Listenhund-Besitzer beschimpfte die Wiener SPÖ-Stadträtin auf Facebook. Das Urteil: 320 Euro teilbedingt Die Wiener Umweltstadträtin Ulli Sima (SPÖ) geht rechtlich gegen Hasspostings vor. Der erste von mehreren anhängigen Fällen wurde am Dienstag am Landesgericht verhandelt. Medienberichten zufolge ist dabei ein Listenhund-Besitzer, der die Politikerin auf deren Facebook-Seite wiederholt beschimpft hatte, zu einer teilbedingten Strafe von 320 Euro verurteilt worden. Laut dem Büro von Sima wurde der Angeklagte zu 80 foto: standard/matthias cremer Tagsätzen verurteilt, hieß es zum STANDARD. Eine Tagsatzung Ulli Sima geht gegen Hasspostings vor. bei einem Mindestsicherungsbezieher liege bei vier Euro, daher Facebook die Summe von 320 Euro. Der Listenhund-Besitzer müsse USD 186,99 0,38% zudem die Prozesskosten von mehreren tausend Euro tragen und sei vorbestraft. Unbelehrbar Anlass für die gegen Sima gerichteten – und mittlerweile gelöschten – Hasspostings war das neue Wiener Tierhaltegesetz, das strengere Regeln für Kampfhunde vorsieht und scheinbar manche Hundebesitzer in Rage versetzte – so wie den Angeklagten. Der Mann hatte Sima unter seinem Klarnamen wiederholt auf das Derbste beschimpft und kam auch der Aufforderung von Simas Rechtsvertretern, dies zu unterlassen, nicht nach. Unter anderem verglich der Hundebesitzer Sima mit Adolf Hitler und unterstellte ihr, ihre Position durch sexuelle Gefälligkeiten erlangt zu haben. Die Stadträtin klagte ihn schließlich wegen Beleidigung und übler Nachrede. Nicht rechtskräftig Der Mann erhielt schließlich eine Strafe von 320 Euro, wobei der Richter die Hälfte mit einer zweijährigen Probezeit nachgesehen habe, sagte Simas Anwältin Maria Windhager dem ""Kurier"". Das Urteil ist nicht rechtskräftig. Gegenüber ""Heute"" kündigte Sima an, auch künftig gegen alle Hassposter vorgehen zu wollen.",-1
neutral,"Der Text beschreibt eine Veranstaltung, die von verschiedenen Persönlichkeiten besucht wurde, und berichtet über die Preisträger und ihre Dankesreden. Die Reden enthalten jedoch auch politische Anspielungen und Kritik an der Regierung. Die allgemeine Stimmung ist neutral, da die Berichterstattung objektiv und ohne eine klare Parteinahme ist. Die politischen Anspielungen und Kritik werden jedoch erwähnt, was eine leicht negative Tendenz verleiht.",STD_Facebook_Online_27,Zeitungsartikel Online,"› Etat › ORF Romy 2019: Starparade mit politischen Zwischentönen 14. April 2019, 09:08 18 Pluhar kritisiert Regierung, Wolf warnt vor Abschaffung der ORF-Gebühren, Mojto und Madani sprechen Migrationspolitik an Wien – Routiniert glanzvoll ist am Samstagabend die Verleihung der ""Kurier Romy""-Fernsehpreise über die Bühne gegangen. Die Trophäe wurde bereits zum 30. Mal vergeben, und auch zum Jubiläum gab es eine Star-Parade mit politischen Zwischentönen. Flüchtlings- und ORF-Politik wurden heuer in den Dankesreden angesprochen. Deutliche Regierungskritik übte Schauspielerin Erika Pluhar. Sie wurde mit der Platin-Romy für ihr Lebenswerk ausgezeichnet. Und sie konstatierte: ""Nirgendwo ging und geht foto: apa/hans punz Gegen das ""Angstmachen"": Erika Pluhar. es Menschen so gut wie bei uns."" Trotzdem ""gelingt es unserer derzeitigen Regierung"" und anderen Akteuren, ""mit Werten, die ständig zitiert und gleichzeitig verraten werden"", sich einer ""menschenverachtenden Gesinnung wieder zuzuneigen und damit Erfolg zu haben. Weil man den Menschen Angst macht. Sie glauben lässt, es ginge ihnen immer schlechter."" Der Akademie-Preis in Platin für das Lebenswerk ging an den TV-Produzenten Jan Mojto. Er erinnerte in seiner Rede an seine Flüchtlingsbiografie, Mojto war aus der Tschechoslowakei emigriert. ""Heimatlos, mittellos, sprachlos"" sei er damals gewesen. ""Ähnliche Menschen klopfen heute an die Tore Europas. Und wer weiß, vielleicht sind da zukünftige Romy- foto: apa/hans punz Preisträger."" Proschat Madani, vom Publikum zur beliebtesten Publikumsliebling Madani: ""Menschen haben an mein Serienschauspielerin (""Walking on Sunshine"") gekürt, erklärte: Potenzial geglaubt."" Ein Erfolg wie ihrer sei nur möglich, ""weil es mehr Leute gegeben hat, die an mein Potenzial geglaubt haben, als jene, die Vorurteile haben, weil ich fremd bin. Ich würde mir sehr wünschen, dass das heute auch so wäre."" Strache als ""Wahlhelfer"" Für pointierte medienpolitische Ansagen garantierte die Wahl von Armin Wolf zum Publikumsliebling in der Kategorie Information: Der ""Zeit im Bild 2""-Moderator sagte, FPÖ-Obmann und Vizekanzler Heinz-Christian Strache habe ""letztes Jahr auf Facebook sehr viel Werbung für mich gemacht"" und sei daher sein ""Wahlhelfer"". Beliebteste Schauspielerin in der Kategorie Kino/TV-Film wurde Marie Bäumer, die in ""Drei Tage in Quiberon"" die Namensgeberin des Preises, Romy Schneider, verkörperte. Als beliebtester Serienschauspieler machte Philipp Hochmair das Rennen, in der Kategorie Show und Unterhaltung Horst Lichter (""Bares für Rares""). Die Romy in der Kategorie Film nahm Thomas Stipsits entgegen. In der Kategorie Sport siegte Alina Zellhofer, erste Moderatorin von ""Sport am Sonntag"". Zu weiteren am Samstagabend verliehenen Akademiepreisen zählte die Sky-Produktion ""Das Boot"" (Regie: Andreas Prochaska) mit dem Preis der Jury, der ""Kurier des Kaisers"" als beste Programmidee und der ""TV-Moment des Jahres"", für den Ausnahmesportler Marcel Hirscher beim Schladminger Nachtslalom sorgte. Die Romy-Preisträger 2019 Platin-Romy Erika Pluhar Akademie-Platin-Romy Jan Mojto Beliebteste Schauspielerin Kino/TV-Film Marie Bäumer Beliebtester Schauspieler Kino/TV-Film Thomas Stipsits Beliebteste Schauspielerin Serie/Reihe Proschat Madani Beliebtester Schauspieler Serie/Reihe Philipp Hochmair Information Armin Wolf Show/Unterhaltung Horst Lichter Sport Alina Zellhofer TV-Moment des Jahres Nachtslalom Schladming / Marcel Hirscher Bester TV-Film ""Unterwerfung"" (Clemens Schaeffer, Titus Selge) Bester TV-Film ""Das Wunder von Wörgl"" (Dieter Pochlatko, Jakob Pochlato) Bester Produzent TV-Fiction Quirin Berg, Dieter Pochlatko, Jakob Pochlatko (""Der Pass"") Beste Regie TV-Fiction Barbara Eder (Tatort – Her mit der Marie) Bestes Buch TV-Fiction Oliver Kienle (Bad Banks) Beste TV-Doku ""Mount Everest – Der letzte Schritt"" (Reinhold Messner) Beste Bildgestaltung TV-Fiction:Martin Gschlacht (""M – Eine Stadt sucht einen Mörder"") Bester Kino-Film (Akademie) ""Love Machine"" (Helmut Grasser, Andreas Schmied) Beste Produktion Kino-Film ""Womit haben wir das verdient"" (Thomas Hroch) Beste Produktion Kino-Film ""Zerschlag mein Herz"" (Konstantin Seitz) Beste Regie Kino-Film ""Der Junge muss an die frische Luft"" (Caroline Link) Bestes Buch Kino-Film ""100 Dinge"" (Florian David Fitz) Beste Bildgestaltung Kino-Film ""Der Junge muss an die frische Luft"" (Judith Kaufmann) Beste Kino-Doku ""#Femalepleasure"" (Philip Delaquis, Arek Gielnik) Bestes Kurzformat Digital ""Der Lack ist ab"" Beste Programmidee ""Kurier des Kaisers"" Bester Nachwuchs weiblich Sophie Stockinger (""Grenzland"", ""L’Animale"") Bester Nachwuchs männlich Julius Weckauf (""Der Junge muss an die frische Luft"") Preis der Akademie Stefan Meining, Astrid Harms (""Missbrauch in der katholischen Kirche – eine Frau kämpft um Aufklärung"") Preis der Jury ""Das Boot"" Beste TV-Serie ""Der Pass"" (Cyrill Boss, Philipp Stennert, Christine Scheil, Frank Jastfelder, Quirin Schmidt) Jubiläums-Romy 15 Jahre ""Cafe Puls"" (Bianca Schwarzjirg, Johanna Setzer, Florian Danner, Andi Seidl) Beste Programmidee ""Kurier des Kaisers"" Beste Programmidee (Akademie) ""Prism is a Dancer"" (Philipp Käßbohrer, Jan Böhmermann )",0
neutral,"Der Text beschreibt eine Lesung von Robert Habeck im Literaturhaus München, bei der er über die Verrohung der Sprache und die Gefahren des Populismus spricht. Die Stimmung ist neutral, da der Text weder eine positive noch eine negative Haltung gegenüber Habeck oder den Grünen einnimmt. Der Fokus liegt auf der Beschreibung des Ereignisses und der Darstellung von Habecks Argumenten, ohne eine Bewertung oder Empfehlung zu geben.",SZ_Facebook_Online_61,Zeitungsartikel Online,"Literaturhaus München Robert Habeck und die romantische Liebe Grünen-Chef Robert Habeck verteilt bei einem Wahlkampftermin Kuchen. (Foto: Sebastian Willnow/) ANZE ""Ich bin nicht hergekommen, um parteipolitischen Krimskrams zu machen"": Der Grünen-Chef liest aus seinem Buch über die Verrohung der Sprache. Am Ende fällt doch die Kanzlerfrage. Von Ingrid Fuchs ""Nur was wir sagen können, können wir denken."" Der Satz klingt gewichtig und Feedback in den Ohren sehr vieler Menschen ebenso richtig. Zumindest nicken viele überzeugt mit dem Kopf, als Robert Habeck ihn an diesem Abend im Münchner Literaturhaus ausspricht. Es geht um die Verrohung der Sprache, es geht darum, was passiert, wenn Populisten die Grenzen des Sagbaren immer weiter nach rechts verschieben, um das Buch, das der Grünen-Politiker zu dieser Frage geschrieben hat, um Habeck selbst. ""Ich bin nicht hergekommen, um parteipolitischen Krimskrams zu machen"", sagt er gleich zu Beginn der Lesung. Der Saal ist voll besetzt, an der Abendkasse haben sich gesetzte Damen eben fast noch um die Platzierung auf der Warteliste gezankt, aus Sorge, keine Karte mehr zu bekommen. Habeck gilt vielen als Mann der Stunde, den will man nicht verpassen. Vor knapp anderthalb Jahren hat er zusammen mit Annalena Baerbock den Bundesvorsitz der Partei übernommen, seither feiern die Grünen immer größere Erfolge. Zweitstärkste Kraft bei der Landtagswahl in Bayern, fulminante Ergebnisse bei der Europawahl. München, die seit Jahrzehnten SPD-regierte Landeshauptstadt inmitten des CSU-regierten Freistaats ist inzwischen eine Grünen-Hochburg. Das schlechteste Stadtviertel-Ergebnis bei der Europawahl liegt bei 21,5 Prozent in Feldmoching-Hasenbergl, 42,9 Prozent der Menschen in Ludwigvorstadt und Isarvorstadt haben grün gewählt. Ein Teil dieser Wähler sitzt an diesem Abend wohl im Literaturhaus. Grünen-Chef Robert Habeck ""Auf Hass zu setzen ist leicht"" Grünen-Parteichef Robert Habeck über die Gefahren sprachlicher Verrohung, die Versuchungen des Populismus und seinen Helmut-Kohl-Moment. Interview von Simon Rayß Kein parteipolitischer Krimskrams. ""Ich beantworte zwar alle Fragen, aber eigentlich geht es ums Buch"", betont Habeck. ""Wer wir sein könnten"" ist mit 130 Seiten eher ein Büchlein, er selbst nennt es ""Interventionsschrift"", das ziemlich spontan und schnell im Sommer 2018 entstanden ist. Deutsche Politiker stritten über ""Asyltourismus"", verharmlosten Gewalt von Rechts, in München trieb das mehr als 25 000 Menschen auf die Straße, die sogenannte #ausgehetzt-Demo wandte sich vor allem gegen Politik und Sprache der CSU. Vorne im Protestzug mit dabei: die Grünen. Das sehen sie derzeit als ihre Kernkompetenz: vorne mit dabei sein. Als diejenigen, die noch am ehesten verstehen, was viele Menschen im Land umtreibt. Der Union und vor allem der SPD kommen die Wähler abhanden, den Grünen wird es langsam unheimlich. So viel Zuspruch, so viel Verantwortung. Was ist ihr Geheimnis, oder eine Nummer kleiner: Was ist dieser Habeck- Faktor? Zeigt uns Euer Traumhaus! Wohnträume sind so verschieden wie die Menschen selbst. Wie sieht Ihr Traumhaus aus? Zeigen Sie es und gewinnen Sie mit Interhyp ein Fotoshooting mit Ihrer Familie! Von Literaturhaus-Chen Tanja Graf wird er als Autor, Philosoph und Politiker vorgestellt. Etwa 45 Minuten liest er den 330 Zuhörern aus dem aktuellen und aus einem früheren Buch vor. Andere Politiker klingen im direkten Gespräch so empathisch, als hätten sie einen Powerpoint-Vortrag auswendig gelernt. Habeck plaudert selbst beim Vorlesen. Charisma. Andere Politiker passen ihr Auftreten dem Anlass an, Anzug - Freizeitkluft - Trachtenjanker. Habeck steht da in Jeans und schwarzem Pulli, das leicht verknitterte Sakko hängt nach ein paar Minuten überm Stuhl. Authentizität. Er erklärt die These seiner Schrift anhand der romantischen Liebe: ""Erst als wir Worte für sie hatten, gab es sie."" Über sieben Absätze zieht sich die Erläuterung, wie Sprache Wirklichkeit schat, ein kleiner Philosophie-Exkurs über Shakespeare, Goethe, Luhmann. Das Publikum, recht gemischt übrigens, lauscht gespannt, manche vielleicht auch ein bisschen verzückt. Man tree heutzutage selten auf Politiker, die Themen politisch und intellektuell so aufbrechen könnten, schwärmt später ein Herr Mitte 60. Zwischen zwei Vorlese-Blöcken, in denen es neben der romantischen Liebe viel um die Jamaika-Verhandlungen und seinen eigenen Werdegang als Politiker geht, gibt es eine Fragerunde. Dabei ist auch Habecks selbstgewählter Abschied aus den sozialen Netzwerken Anfang des Jahres ein Thema. Er hatte zuvor zweimal mit überspitzten Formulierungen Irritationen erregt, die falsche Sprache gewählt. ""Ich habe mich gefragt, wie ich den gleichen Fehler zweimal machen kann"", sagte Habeck damals. Er wolle wieder fokussierter sein, sagt er heute, auf Twitter oder Facebook sei das kaum möglich, die Plattformen erzeugten eine notwendige Radikalität der Sprache, der er sich entziehen möchte. Nur eine Frage aus dem Publikum hält Habeck an diesem Abend ""für unzulässig"", beantwortet sie dann aber trotzdem. ""Ich höre Ihnen gerne zu"", sagt ein älterer Mann, ""ist es denkbar, dass Sie aufgrund Ihrer Fähigkeit auch zufälligerweise mal Bundeskanzler werden?"" Er erntet Applaus und begeistertes Gejohle. Habeck lehnt ab, das sei eine Entscheidung, die man nicht aus einer Laune heraus tree. ""Wenn Politik im Moment gerade etwas richtig macht, dann ist es, nicht um sich selbst zu kreisen."" Europawahl ""Alle wissen, dass wir liefern müssen"" Die Grünen wären nicht die Grünen, kämen sie bei diesem Erfolg nicht ins Grübeln. Über Robert Habeck und eine Partei, die noch nicht weiß, wie sie die vielen Erwartungen erfüllen soll. Von Constanze von Bullion",0
positiv,"Der Text ist überwiegend positiv, da der Bayerns Ministerpräsident Markus Söder dem jüngsten Spross der britischen Königsfamilie eine Lederhose schenkt und Glückwünsche ausspricht. Die Begriffe ""Herzliche Glückwünsche"", ""typisch bayrisch"" und ""Unser Geschenk"" unterstreichen die positive Stimmung.",Bild_Twitter_Online_29,Zeitungsartikel Online,"GLÜCKWÜNSCHE ZUR GEBURT Söder schenkt „Baby Sussex“ eine Lederhose Markus Söder zeigt die Tracht für das royale Baby Foto: @Markus_Soeder/Twitter 08.05.2019 - 11:29 Uhr München – Eine Lederhose für „Baby Sussex“: Bayerns Ministerpräsident Markus Söder (52, CSU) schenkt dem jüngsten Spross der britischen Königsfamilie eine bayerische Tracht. „Herzliche Glückwünsche zur Geburt des jüngsten Enkels v Prinz Charles u Herzogin Camilla“, schrieb Söder am Dienstag auf Twitter. „Eine echte Lederhose, damit das bayerische Lebensgefühl den Kleinen v Beginn an begleitet.“ Charles und Camilla werden nach ihrem Besuch in Berlin an diesem Donnerstag in München erwartet. Sie kommen als stolze Großeltern. Am Montag kam Charles' vierter Enkel zur Welt. Das erste Kind von Prinz Harry und seiner Frau Herzogin Meghan wird bislang noch „Baby Sussex“ genannt und steht auf Platz sieben der britischen Thronfolge. „Unser Geschenk: typisch bayrisch u steht sicherlich auch einem britischen Thronfolger“, twitterte Söder.",1
negativ,"Die Textanalyse zeigt, dass die allgemeine Stimmung des Artikels negativ ist. Die Kritik an Präsident Erdogan und seiner Partei AKP ist überwältigend. Die Wiederholung der Bürgermeisterwahl in Istanbul wird als 'Verrat' bezeichnet und als diktatorisches System abgelehnt. Die EU, der Europarat und deutsche Politiker wie Claudia Roth und Nicola Beer äußern sich ebenfalls kritisch über die Entscheidung der türkischen Wahlbehörde. Die Texte enthalten Wörter wie 'Verrat', 'diktatorisches System','massivsten Druck','verheerend' und 'unglaublich', die eine negative Stimmung vermitteln.",Bild_Twitter_Online_35,Zeitungsartikel Online,"ERDOGAN SETZT WIEDERHOLUNG DURCH Bürgermeister: Neuwahlen in Istanbul sind „Verrat“ Massive Kritik aus Europa Der türkische Präsident Recep Tayyip Erdogan Foto: / AP Photo / dpa Artikel Von: SINAN SENYURT veröffentlicht am 07.05.2019 - 08:09 Uhr Wahl-Hammer in der Türkei! Die Abstimmung über das Bürgermeisteramt in Istanbul muss wiederholt werden. Das entschied die türkische Wahlkommission nach Angaben der staatlichen Nachrichtenagentur Anadolu. Die Wahl vom 31. März ist damit annulliert. Grund: Die AKP von Türkei-Präsident Recep Tayyip Erdogan (65) hatte den Urnengang angefochten und die Wiederholung gefordert – wegen angeblichen Wahlbetrugs. Ständig hatte der Präsident diesen Vorwurf wiederholt und massiv Stimmung gemacht. Nun wurde diesem Antrag stattgegeben. Erdogan und seine Partei haben damit den Wunsch nach Neuwahlen in der Millionen-Stadt durchgesetzt. Nach dem offiziellen Ergebnis hatte die Erdogan-Partei in der Metropole knapp verloren. Demnach gewann AKP-Kontrahent Ekrem Imamoglu (48) die Wahl mit einem Vorsprung von 13 729 Stimmen. Am 17. April war er zum Bürgermeister der Stadt gekürt worden. Seine Partei, die CHP, zeigte sich am Montagabend alarmiert – berief eine Krisensitzung ein! Imamoglu bezeichnet die Entscheidung der türkischen Wahlbehörde für eine Wiederholung der Bürgermeisterwahl in der Millionenmetropole als „Verrat“. „Sie versuchen die Wahl, die wir gewonnen haben, zurückzunehmen“, sagte Imamoglu am Montag vor tausenden Anhängern in Istanbul. „Vielleicht seid ihr aufgebracht, aber verliert nie eure Hoffnung.“ Ekrem Imamoglu feiert am 21. April mit Anhängern den Sieg über die Erdogan-Partei Foto: MURAD SEZER / Reuters In mehreren Bezirken Istanbuls standen die Menschen an den Fenstern und schlugen auf Töpfe und Pfannen – eine Protestform, die sich während der regierungskritischen Gezi-Proteste von 2013 etabliert hatte. Wellenartig sei das blecherne Klopfen zu hören gewesen, zog von Straße zu Straße, berichten Augenzeugen. CHP-Vizechef Onursal Adigüzel erklärte nach der Entscheidung: „Das hat mit Demokratie nichts zu tun. Die Entscheidung der Wähler mit den Füßen zu treten und die Justiz nicht anzuerkennen – das ist ein diktatorisches System“. Hintergrund: Mehrere Versuche der Erdogan-Partei, die Stimmen in ganz Istanbul neu auszählen zu lassen, waren gescheitert. Massive Kritik auch aus Europa Die EU hat die zuständige Wahlkommission dazu aufgerufen, unverzüglich Einblick in die Gründe ihrer Entscheidung zu gewähren. „Die Begründung für diese weitreichende Entscheidung, getroffen in einem höchst politisierten Kontext, sollte unverzüglich einer öffentlichen Untersuchung zugänglich gemacht werden“, erklärten die EU-Chefdiplomatin Federica Mogherini (45) und Nachbarschaftskommissar Johannes Hahn (61). Auch der Europarat kritisiert die türkische Wahlbehörde für ihre Entscheidung. Generalsekretär Thorbjorn Jagland (68) erklärte: „Die Entscheidung des Hohen Wahlrates hat das Potenzial, das Vertrauen der türkischen Wähler in die Wahlbehörden schwer zu beschädigen.“ Die notwendigen Voraussetzungen für freie und faire Wahlen müssten vor dem Wahltag überprüft werden und nicht danach. Bundestags-Vizepräsidentin Claudia Roth (63): „Das Signal ist verheerend“ Foto: REUTERS Die Bundestags-Vizepräsidentin, Claudia Roth (63), äußerte sich empört: „Die Entscheidung der Wahlkommission ist auch Ergebnis massivsten Drucks von ganz oben. Das Signal ist verheerend: Gezielt scheinen Präsident Erdogan und seine AKP all jene eines Schlechteren belehren zu wollen, die nach der Kommunalwahl auf einen demokratischen Wandel gehofft hatten“. Offenbar solle nicht einmal mehr der Anschein demokratischer Verhältnisse aufrecht erhalten, sondern Vertrauen bewusst erschüttert werden. FDP-Spitzenkandidatin Nicola Beer: „Erdogan akzeptiert die Niederlage nicht“ Foto: Britta Pedersen / dpa Kritik kam auch von der Linken und der FDP-Spitzenkandidatin für die Europawahl, Nicola Beer (49). Sie schrieb auf Twitter: „Erdogan akzeptiert die Niederlage nicht. So ist die Türkei kein Partner mehr für die EU!“ Die Linken-Chefin Katja Kipping (41) schrieb auf Twitter: „Unglaublich, Erdogan lässt in Istanbul neu wählen, weil ihm das Ergebnis nicht passt. Die Bundesregierung sollte dem gewählten neuen Bürgermeister Imamoglu jetzt den Rücken stärken! Istanbul hat große Bedeutung für Erdogan Bei den Kommunalwahlen am 31. März hatte die AKP neben der Hauptstadt Ankara Touristenhochburg Antalya und die fünftgrößte Stadt Adana verloren. Doch besonders die Niederlage in Istanbul ärgerte Erdogan. Erdogan selbst hatte 1994 als Chef der Stadtregierung am Bosporus seinen Aufstieg an die Staatsspitze begonnen. Hier gab die Partei lange den Ton an. Wer Istanbul beherrscht, beherrscht die Türkei, ist Erdogans Motto, mit dem er auch Wahlkampf machte. In den vergangenen Tagen hatte Erdogan immer wieder Neuwahlen gefordert. „Meine Bevölkerung sagt mir, dass wir neu wählen müssen in Istanbul. Es sind krumme Sachen passiert“, sagte er auf einer Veranstaltung. Angeblich habe seine AKP drei Koffer mit Beweisen für die behauptete Wahlfälschung übergeben. Worin genau die Manipulation bestanden haben soll, wurde bislang nicht im Detail bekannt.",-1
negativ,"Der Text beschreibt ein tragisches Ereignis, ein Busunglück auf Madeira, bei dem viele Menschen ums Leben gekommen sind. Der Bundesaußenminister Heiko Maas spricht von 'vielen Deutschen' unter den Opfern, was eine negative Stimmung aufrechterhält. Die Worte 'Unfälle', 'Opfer', 'Tote', 'Verletzte' und 'Mitgefühl' tragen zu einer melancholischen und traurigen Atmosphäre bei.",SZ_Twitter_Online_30,Zeitungsartikel Online,"Unfälle Maas: Müssen mit vielen deutschen Opfern auf Madeira rechnen Direkt aus dem -Newskanal Berlin () - Unter den Opfern des Busunglücks auf Madeira dürften nach Erkenntnissen von Bundesaußenminister Heiko Maas etliche Menschen aus Deutschland sein. ""Wir müssen davon ausgehen, dass unter den Opfern viele Deutsche sind"", schrieb er auf Twitter. ""Unser Mitgefühl gilt den Angehörigen der Toten, wir hoen mit den Verletzten."" Nach oziellen Informationen aus Portugal starben bei dem Busunglück 29 Menschen. Das Auswärtige Amt in Berlin machte noch keine näheren Angaben dazu.",-1
negativ,"Der Text beschreibt eine politische Krise in Österreich, die durch ein Video-Skandal um den Ex-Vizekanzler Heinz-Christian Strache entstanden ist. Die FPÖ, die Partei von Strache, wird als rechtsextrem dargestellt und ihre Umfragewerte sinken. Der russische Milliardär Igor Makarow, der als Oligarch dargestellt wird, will die Hintermänner der Video-Falle ausfindig machen und bestrafen lassen. Der Text beschreibt auch die Reaktionen von Politikern wie Kanzler Sebastian Kurz und Bundestagspräsident Wolfgang Schäuble, die sich über die Entstehungsgeschichte des Videos spekulieren. Die allgemeine Stimmung des Textes ist negativ, da er die politische Krise und die möglichen Konsequenzen für die Politiker beschreibt.",Bild_Facebook_Online_52,Zeitungsartikel Online,"NACH FPÖ-SKANDAL-VIDEO Russen-Oligarch jagt falsche Nichte Igor Makarow wurde eine Nichte untergejubelt, die er gar nicht hat Foto: picture alliance/dpa 22.05.2019 - 10:57 Uhr Aus der „bsoffnen Gschicht“, wie Ex-Vizekanzler Heinz-Christian Strache (49, FPÖ) den Video-Skandal herunterzuspielen versuchte, ist ein bedrohlicher Polit-Tsunami geworden. Die rechtsextreme FPÖ säuft in den Umfragen ab, die Ösi-Regierung ist gekentert, Kanzler Sebastian Kurz (32, ÖVP) steht das Wasser bis zum Hals. BILD erklärt die wichtigsten Entwicklungen in der Ibiza-Affäre! Echter Oligarch jagt falsche Nichte aus Skandal-Video! Jetzt spricht der Oligarch – und zwar der echte! Igor Makarow (57), russischer Milliardär und angeblicher Onkel der Lockvogel-Russin aus dem Skandal-Video, will die Frau auf dem Ibiza-Video nicht kennen. Die mysteriöse Blondine hatte sich als Oligarchen-Nichte namens Aljona Makarowa ausgegeben – und so die FPÖ-Oberen in die Falle gelockt. „Es ist allgemein bekannt, dass ich ein Einzelkind in meiner Familie war und dementsprechend auch keine Nichten habe“, sagte Makarow russischsprachigen Medien. Er – Platz 48 der reichsten Russen – will die Hintermänner der Video- Falle nun ausfindig machen und bestrafen lassen. „Wir nutzen alle juristischen Mittel, um herauszufinden, wer hinter der unrechtmäßigen Verwendung meines Namens steht“, sagt der Milliardär. Es wäre also misslich für die Video-Filmer, wenn sie nicht zu einem Geheimdienst gehören. Russische Oligarchen haben oft nicht nur unbegrenzte Mittel, sondern sind auch unbegrenzt entschlossen, ihre Interessen zu verfolgen … Strache will seine „Unschuld beweisen“ Er ist weg. Und halb Österreich zittert vor der Strache-Rache! Ex-Vize-Kanzler und Ex-FPÖ-Chef Heinz-Christian „HC“ Strache (49) hat sich zurückgezogen in seine Luxus-Villa im noblen Klosterneuburg vor Wien. Selbst für engste Mitarbeiter nicht erreichbar. Heinz-Christian Strache mit seiner Ehefrau Philippa Foto: picture alliance/AP Photo Doch für innere Einkehr ist Strache nicht bekannt. Ein enger Vertrauter zu BILD: „HC hatte mehrere Rechtsanwälte da.“ Er werde wohl wegen des „Ibiza-Videos“ Anzeige erstatten. Und: Strache und die FPÖ sinnen für den Bruch auf Rache an Kanzler Sebastian Kurz. Offen ist nur: wie brutal? Auf Facebook meldete Strache: „Wir werden die Hintermänner des kriminell erstellten Videos (...) ausfindig machen und ich werde meine Unschuld beweisen! Dafür kämpfe ich!“ Kämpfen muss Steil-Aufsteiger Strache (mit 20 Stadtrat, mit 27 Landtag, FPÖ-Chef mit 36) auch daheim: Ehefrau Nummer zwei, Philippa (31, Foto), zog mit Sohn Hendrik (4 Monate) vorerst zu ihren Eltern. Comeback – in jeder Hinsicht offen ... Strache-Vertrauter Gudenus spricht von K.-o.-Tropfen und fürchtet neue Enthüllung Ex-FPÖ-Fraktionschef Johann Gudenus (42) will an dem Villa-Abend nicht nur „bsoffen“, sondern womöglich auch „mit K.-o.-Tropfen oder ähnlichen Substanzen und Drogen“ gefügig gemacht worden sein. Ihm fehlten „Erinnerungen über Stunden hinweg“, so Gudenus. Zudem befürchtet er weiteres Material, das ihn „in kompromittierenden Situationen“ zeige. Zu seinem Zustand während des heimlich mitgeschnittenen Treffens sagte Gudenus: „Ich war in dieser längeren Zeitspanne sichtlich in einer Ausnahmesituation. Erschöpft, überarbeitet, nahe einem Burn-out und in einer persönlichen Krise. Zu wenig Schlaf, zu viel Alkohol, gemixt mit Energydrinks, und psychotrope Substanzen, um die innere Anspannung und Unruhe zu bekämpfen.“ FPÖ und SPÖ wollen Kurz’ Kopf! Wenn es darum geht, Ösi-Kanzler Sebastian Kurz zu stürzen, sind sich die Ösi-Sozialdemokraten (SPÖ) sogar mit der rechten FPÖ einig... Am Montag soll es einen Misstrauens-Antrag im Parlament geben. Dann hätte der österreichische Präsident das Sagen. Van der Bellen könnte Kurz entweder trotz des Votums erneut „angeloben“ – oder einen möglichen Übergangskanzler akzeptieren. FPÖ und SPÖ wollen Kurz im Wahlkampf den Kanzler-Bonus nehmen, ihn vor der Wahl aus dem Kanzleramt schmeißen. Unterstützung bekam Kurz von den österreichischen Liberalen, den „Neos“, die einen Misstrauensantrag nicht unterstützen wollen. Die „Neos“ gelten nach der Wahl als ein möglicher Koalitionspartner. Schäuble vermutet Geheimdienst als Drahtzieher Selbst Bundestagspräsident Wolfgang Schäuble (76, CDU) – bei Fachfremdem sonst eher auf Zurückhaltung bedacht – spekuliert jetzt über die Entstehungsgeschichte des Strache-Skandal- Videos. Laut „Stern“ sagte Schäuble bei einer Veranstaltung an einem Freiburger Gymnasium: „Irgendwie riecht‘s nach irgendwas wie einem Geheimdienst.“ Schäuble hält es offenbar auch für möglich, dass Strache mit dem Video unter Druck gesetzt worden ist. „Man fragt sich: Warum jetzt? Und wer hat es gemacht? Und zu welchem Zweck? Hat man gedacht, man kann den erpressen? Hat man ihn vielleicht die letzten zwei Jahre schon erpresst?“",-1
negativ,"Der Text beschäftigt sich mit dem Ibiza-Gate-Skandal und den möglichen Drahtziehern hinter der Videofalle. Die Atmosphäre ist angespannt und kritisch, da die Autoren derartige Vorwürfe gegen prominente Politiker wie Heinz-Christian Strache und Johann Gudenus aufstellen. Die Tatsache, dass der Wiener Anwalt M. aufgrund von Verschwiegenheitsverpflichtungen nicht Stellung nehmen kann, verstärkt die negative Stimmung. Zudem werden weitere Vorwürfe gegen den Anwalt aufgeführt, wie z.B. seine Erscheinung auf der Enthüllungsplattform Offshoreleaks und sein angebliches Angebot von belastendem Material an Parteivertreter im Wahlkampf 2015.",STD_Facebook_Online_94,Zeitungsartikel Online,"Startseite › Panorama › Österreich IBIZA-GATE Mutmaßlicher Drahtzieher des Ibiza-Videos war in Münchner Anwaltskanzlei Untermieter Wer lockte Strache und Gudenus in die Falle? Laut Gerüchten führt die Spur nach Wien und München. Ein Detektiv soll die Oligarchennichte vermittelt haben. DER STANDARD erreichte unter der Nummer des Detektivs einen Anwalt David Krutzler, Fabian Schmid, Maria Sterkl 22. Mai 2019, 17:48 2.517 Postings Vor kurzem waren sie noch Führungsfiguren der FPÖ. Jetzt ist Johann Gudenus nicht einmal mehr Parteimitglied, und Heinz-Christian Strache ist von allen Funktionen zurückgetreten. Foto: APA / Helmut Fohringer Wien/München – ""Wer sind die Auftraggeber und wer die Nutznießer dahinter? Ich werde hier nicht lockerlassen. Die Wahrheit ist eine Tochter der Zeit ... Und die Gerechtigkeit setzt sich auf Dauer durch."" Das schrieb das mittlerweile einfache FPÖ-Mitglied Heinz-Christian Strache zur Causa prima Ibiza-Gate am Mittwoch auf seinen beiden Facebook-Seiten mit insgesamt knapp 850.000 Followern. Antworten oder Verdächtigungen, wer die professionelle Videofalle ausgelegt haben könnte, lieferte er nicht. Strache verwies aber auf eine Wortspende des deutschen Bundestagspräsidenten Wolfgang Schäuble, der ein Geheimdienstwerk dahinter vermutet. Johann Gudenus, Straches Ibiza-Reisegefährte, erklärte ausgewählten Medien am Dienstag seine Sicht der Dinge. Demnach habe eine ihm bekannte Immobilienmaklerin den Kontakt zu einem Wiener Immobilienanwalt mit Büro in der Innenstadt hergestellt, weil Gudenus ein geerbtes Grundstück im Kremstal veräußern wollte. Dieser Anwalt, Herr M., habe Gudenus erzählt, dass einer seiner Bekannten eine reiche Oligarchennichte kenne, die an dem Grundstück interessiert sei. Und so sei der Erstkontakt im März 2017 entstanden: zwischen Gudenus, dem Anwalt, der Oligarchennichte und ebenjenem Bekannten des Anwalts, der sich als Vertrauter der Oligarchennichte ausgab – und mit ihr an jenem verhängnisvollen Abend mit Strache und Gudenus in Ibiza bei Champagner, Wodka und versteckter Videoaufzeichnung zusammensaß. Dieselbe Adresse wie Münchner Anwaltskanzlei Dieser Vertraute sei ein Münchner Detektiv mit Wiener Wurzeln, Julian H. – der sich laut STANDARD-Recherchen vor einiger Zeit auf seiner Firmenwebseite noch damit brüstete, eine professionelle Spürnase im Auftrag von Kriminalpolizei, Innenministerium ""und ausländischen Regierungen"" zu sein. Die Homepage wurde mittlerweile offline genommen. Die Firmenadresse ist übrigens ident mit der Münchner Anwaltskanzlei Giese. H. hat das Firmentelefon auf Anwalt Christian Giese weitergeleitet. ""Ich weiß nicht, wo er sich befindet"", sagte dieser am Mittwoch dem STANDARD – und gab an, aus Verschwiegenheitsgründen nicht sagen zu dürfen, ob er H. vertritt oder nicht. Mit H. bestehe aber ein ""Untermietverhältnis"", sagt Giese. ""Er hat einen Raum bei uns angemietet."" Im Gespräch mit oe24.tv bestätigt der ehemalige Chef von H., Sascha Wandl, dass er seinen Kollegen H. auf den Video-Aufnahmen ""sofort erkannt"" habe. ""Das Ibiza-Video trägt genau meine Handschrift"", so Wandl. H. und der Wiener Anwalt M. seien eng befreundet. Wiener Anwalt verweist auf Verschwiegenheitsverpflichtung Beim verhängnisvollen Treffen auf Ibiza war der Wiener Innenstadt-Anwalt M. übrigens nicht anwesend. Auch er will zu den Vorwürfen von Gudenus nicht Stellung nehmen, lässt über seinen Anwalt Richard Soyer nur ausrichten, dass er aufgrund von Verschwiegenheitsverpflichtungen für eine Stellungnahme nicht zur Verfügung stehen kann. Soyers Mandant erteile zudem ""keine Zustimmung zu identifizierender Berichterstattung"". Seinen Twitter-Account hat der Anwalt jedenfalls gelöscht. Johann Gudenus war trotz mehrfacher Anfragen für den STANDARD nicht zu sprechen. Laut Wirtschafts- und Korruptionsstaatsanwaltschaft erfolgt im Zusammenhang mit der Erstellung des Videos ""eine Prüfung des Anfangsverdachts und der Zuständigkeit"". Immerhin wurde auf Ibiza gedreht. Demnach dürfte es eine Abstimmung mit den spanischen Behörden geben. Weitere Vorwürfe Es gibt aber auch weitere Vorwürfe gegen den Wiener Rechtsanwalt: Einerseits taucht dieser auf der Enthüllungsplattform Offshoreleaks mit einer Firma in Malta auf. Andererseits soll er im Wahlkampf vor der Wiener Gemeinderatswahl 2015 Parteivertretern belastendes Material über Strache angeboten haben. Ein Mandant des Anwalts soll demnach Material über eine mutmaßliche Geldübergabe an Strache gehabt haben. Manfred Juraczka, damals ÖVP-Chef in Wien, sagte dem STANDARD: ""Uns wurde nichts angeboten – ob mit oder ohne Geldforderungen. Für die Landespartei kann ich das ausschließen."" Auch ein Sprecher der Neos sagte, dass man bisher den Anwalt nicht gekannt habe. Ein Sprecher von Ex-Bürgermeister Michael Häupl verneint die Frage, ob es 2015 Angebote des Anwalts mit belastendem Material an die SPÖ gegeben habe.",-1
positiv,"Die Textpassagen beschreiben eine positive und engagierte Stimmung bei den Demonstrationen von Schülern für den Klimaschutz. Die Teilnehmer sind motiviert und engagiert, und es wird betont, dass es nicht um Schwänzen geht, sondern um die Notwendigkeit, mehr Tempo beim Klimaschutz zu machen. Die Reden von Maurice Conrad und Lars Reichow zeigen, dass die Teilnehmer überzeugt sind, dass ihre Aktionen notwendig sind, um die Politik zum Handeln zu bewegen. Die Teilnahme von Politikern und Wissenschaftlern unterstreicht die Bedeutung der Demonstrationen.",SZ_Twitter_Online_95,Zeitungsartikel Online,"Demonstrationen - Mainz Tausende Schüler für Klimaschutz auf den Straßen Direkt aus dem -Newskanal Mainz (/lrs) - Demo statt Schulunterricht: Tausende von Schülern haben am Freitag auch in Rheinland-Pfalz für mehr Tempo beim Klimaschutz demonstriert. In der Landeshauptstadt Mainz sammelten sich trotz Regen und Kälte mehr als 1000 Demonstranten, die an vier Schulen vorbei durch die Stadt zogen. Den Demonstration schlossen sich auch Eltern sowie Wissenschaftler des Max-Planck-Instituts für Chemie an. In nahezu allen weiteren großen Städten von der Pfalz bis zu Mosel und Mittelrhein beteiligten sich ebenfalls zahlreiche Schülerinnen und Schüler an dem Schulstreik unter dem Motto ""Fridays for Future"". Nach einer -Umfrage bei den Polizeidienststellen gingen landesweit mindestens 5000 junge Menschen auf die Straße. Die große Beteiligung bei schlechtem Wetter zeige doch, dass es beim Schulstreik nicht um Schwänzen gehe, wie manche Politiker meinten, sagte der Mainzer Mitinitiator Maurice Conrad. Auf einer Auftaktkundgebung sagte der Kabarettist Lars Reichow, es sei richtig, dass die Schülerinnen und Schüler während der Schulzeit demonstrierten. Schließlich nde ein Streik für höhere Löhne auch nicht nach Feierabend statt. Mit Blick auf Kritik des FDP-Vorsitzenden Christian Lindner an der Bewegung ""Fridays for Furture"" sagte Reichow: ""Hier auf diesem Platz ist mehr Kompetenz versammelt, als die FDP jemals im Parlament auf die Beine gestellt hat."" Mit Blick auf die Stockholmer Schülerin, die den Schulstreik gestartet hat, sagte Reichow: ""Greta Thunberg muss den Friedensnobelpreis bekommen."" An der Demonstration in Mainz nahm auch Oberbürgermeister Michael Ebling (SPD) teil. Mehrere Eltern zogen unter dem Motto ""Parents for Future"" mit. ""Meine Tochter hat sich nicht getraut zu streiken"", sagte Monika Snela-Deschermaier, deren Tochter die dritte Klasse einer Grundschule besucht. ""Aber sie ist um 6 Uhr aufgestanden, um mir ein Schild zu malen."" ""Wir sehen uns dazu gezwungen, uns gegen eine Politik aufzulehnen, die den Klimawandel und seine Folgen nicht annähernd ernst genug nimmt"", erklärte die Landesschülervertretung (LSV) Rheinland-Pfalz. Die Protestbewegung zeige, ""dass unsere Generation keineswegs unpolitisch ist und dem Klimawandel längst den Kampf angesagt hat"", sagte Aylin Gümü vom LSV-Vorstand. Die Vertretung der Schülerinnen und Schüler appellierte an alle Lehrer, die Fehlstunden aufgrund der Teilnahme an den Demonstrationen zu entschuldigen. Bildungsministerin Stefanie Hubig (SPD) erklärte am Freitag über Twitter, sie nde das Engagement der Jugendlichen sehr gut - ""noch lieber wäre es mir allerdings, wenn die Demos außerhalb der Schulzeit stattnden"". In Koblenz demonstrierten nach Polizeiangaben rund 500 Menschen, unter ihnen die Landesvorsitzende der Grünen, Jutta Paulus, die sich bei ""Parents for Future"" und bei ""Scientists for Future"" engagiert. ""Die streikenden Jugendlichen haben ja recht, es muss endlich viel mehr passieren und der Klimaschutz muss zur obersten Priorität werden"", sagte die Politikerin. Kritisiert werden die Aktionen von CDU und AfD. In Frankenthal zählte die Polizei etwa 800 Demonstranten, in Trier 600 und in Neustadt an der Weinstraße 400. In Bingen demonstrierte auch eine Gruppe von Jägern unter dem Namen ""Forresters for Future"" für den Klimaschutz.",0
neutral,"Der Text beschreibt die Situation um Heinz-Christian Strache und seine Entscheidung, ob er sein EU-Mandat annehmen wird. Es gibt keine klare Meinung oder Emotion, sondern eher eine neutraler Bericht über die Situation. Strache bedankt sich bei seinen Wählern, aber lässt offen, ob er das Mandat annimmt. Die Reaktionen der anderen Politiker sind ebenfalls neutral beschrieben.",Heute_Facebook_Online_43,Zeitungsartikel Online,"Strache lässt weiter oen, ob er EU-Mandat antritt In einem Posting auf Facebook äußert sich Strache zu den vielen Vorzugsstimmen, die er bei der EU-Wahl erhalten hat. Ob er das Mandat annimmt, lässt er weiterhin im Unklaren. Ex-FPÖ-Chef Heinz-Christian Strache () ein aus i Der durch das Ibiza-Video schwer beschädigte Ex-FPÖ-Vizekanzler Heinz-Christian Strache will sich weiterhin nicht festlegen, ob er Fehler gesehen? sein EU-Mandat annimmt. In einem Facebook-Posting nahm er am Donnerstagabend dazu Stellung, äußerte aber nicht, ob er sein EU- Mandat annehmen werde. Strache war trotz seines Rücktritts weiterhin auf Platz 42 der FPÖ-Wahlliste fürs EU-Parlament gestanden. Durch eine sensationelle Anzahl von 44.500 Vorzugsstimmen hätte er Anspruch auf ein EU-Mandat. Er bedankte sich bei seinen Wählern für das Vertrauen, das auch nicht durch ""politische Attentate"" (gemeint ist der Ibiza-Skandal) erschüttert worden sei. Strache lässt offen, ob er das Mandat annimmt. ""Ich werde mir nun auch die Zeit nehmen, mit meiner Frau, meiner Familie und meinen engsten Begleitern über meine politische Zukunft nachzudenken"", schrieb er. Bereits einmal Annahme erklärt Bereits einmal hatte er auf Facebook verkündet, er werde ins EU-Parlament einziehen, das entsprechende Posting nachher aber gelöscht. Für die FPÖ wäre Strache im EU-Parlament eher eine politische Belastung. Die andere sehr erfolgreichen Rechtspopulisten Matteo Salvini (Lega) und Marine Le Pen (RN) haben sich nach dem Ibiza-Video von Strache distanziert. Der bisherige FPÖ-Klubchef Walter Rosenkranz hatte in einem Interview mit ZIB- Moderator Armin Wolf gesagt, ob Strache das Mandat annehme, sei ""seine persönliche Entscheidung"". Er verlasse sich aber darauf, dass Strache ""der Partei nicht schaden"" werde.",0
neutral,"Die Landrätin Kerstin Weiss weist die Rücktrittsforderung der CDU zurück und betont, dass der Kreiswahlleiter den Fehler eingeräumt und sich entschuldigt hat. Sie sieht kein schlechtes Krisenmanagement und betont, dass der Fehler behoben wurde. Die Aussage ist neutral, da sie sich auf die Fakten und die Handlungen der Beteiligten konzentriert, ohne eine emotionale oder parteipolitische Haltung einzunehmen.",SZ_Facebook_Online_36,Zeitungsartikel Online,"Wahlen - Wismar Landrätin weist Rücktrittsforderung nach Wahlpanne zurück Direkt aus dem -Newskanal Wismar (/mv) - Nordwestmecklenburgs Landrätin Kerstin Weiss (SPD) hat eine Rücktrittsforderung der CDU nach einer Wahlpanne zurückgewiesen. ""Dass es nicht gut ist, dass hinter einem Namen in drei verschiedenen Wahlbereichen die Kreise für die Kreuze nicht gesetzt wurden, steht außer Frage"", erklärte Weiss auf Facebook. Der Kreiswahlleiter habe den Fehler eingeräumt, sich dafür entschuldigt und einen Weg gefunden, um den Fehler zu beheben. Sie könne kein schlechtes Krisenmanagement erkennen. Für die Briefwahl waren in Nordwestmecklenburg rund 2000 fehlerhafte Kreistagswahl-Stimmzettel versandt worden, ehe der Fehler auel. Bei jeweils einem Kandidaten in drei Wahlbereichen fehlten die Kreise für die Kreuzchen. Der ""Schweriner Volkszeitung"" (Dienstag) zufolge sind neue Stimmzettel gedruckt worden. Die alten können demnach benutzt oder gegen neue umgetauscht werden. Wer wolle, könne seinen bereits eingesandten oder abgegebenen Wahlschein für ungültig erklären lassen und einen neuen erhalten.",0
neutral,"Der Text beschreibt die Vorbereitungen und die Situation zur Europawahl in Berlin, ohne eine klare positive oder negative Tendenz. Die Landeswahlleiterin Petra Michaelis spricht von einem neuen Rekord bei der Briefwahl, aber auch von Skepsis gegenüber der Briefwahl. Der Regierende Bürgermeister Michael Müller und der Präsident des Abgeordnetenhauses Ralf Wieland appellieren an die Berliner, abzustimmen und betonen die Bedeutung der europäischen Zusammenarbeit. Der Text beschreibt die Situation objektiv und ohne eine klare emotionale Tendenz.",SZ_Twitter_Online_82,Zeitungsartikel Online,"Wahlen - Berlin Briefwahl-Rekord bei Europawahl in Berlin Direkt aus dem -Newskanal Berlin (/bb) - Bei der Europawahl an diesem Sonntag könnten mehr Berliner ihre Stimme abgeben als zuvor. Darauf deutet jedenfalls das Interesse an der Briefwahl hin, das größer ist als jemals zuvor bei einer Europawahl. Bis Dienstag wurden 482 159 Wahlscheine ausgestellt und damit rund 131 000 mehr als zur gleichen Zeit vor fünf Jahren, wie die Landeswahlleiterin Petra Michaelis am Mittwoch bekanntgab. ""Das ist ein neuer Rekord für Berlin"", sagte sie mit Blick auf die bisherigen Europawahlen. 2,51 Millionen Berliner sind am Sonntag (26. Mai) wahlberechtigt - rund 11 000 weniger als bei der Europawahl 2014. Damit beantragte bislang annähernd jeder fünfte Wahlberechtigte Briefwahlunterlagen. 2014 lag die Wahlbeteiligung bei 46,7 Prozent. Damals stimmte unterm Strich gut ein Viertel der Wähler (28,5 Prozent) per Briefwahl ab. Zuletzt stieg die Zahl der Briefwähler in Berlin auch bei den Abstimmungen zum Bundestag oder zum Abgeordnetenhaus. Bei der Bundestagswahl 2017 beantragten sogar 27,4 Prozent der Wahlberechtigten entsprechende Unterlagen. Am Ende wurde jede dritte Berliner Stimme für den Bundestag per Brief abgegeben. Michaelis sieht den Trend - bei aller Freude über des womöglich wachsende Interesse an der Europawahl - mit Skepsis. Sie betonte, dass sie eine Verfechterin der Urnen-Wahl im Wahllokal sei. Bei der Briefwahl seien Grundsätze wie das Wahlgeheimnis gefährdet. In Berlin stehen am Sonntag zwischen 08.00 und 18.00 Uhr etwa 1800 Wahllokale oen, von denen laut Michaelis 79 Prozent für Menschen mit Gehbehinderung barrierefrei zugänglich sind. Hinzu kommen 718 Briefwahlbezirke, wo die Briefwahlstimmen ausgezählt werden. Rund 21 000 Wahlhelfer sorgen dort für einen ordnungsgemäßen Ablauf. Die technischen Drähte laufen bei der Landeswahlleitung und dem Statistikamt zusammen, die am Abend die Auszählungsergebnisse online stellen und permanent aktualisieren. Das vorläuge Endergebnis für Berlin soll laut Wahlleitung bis etwa Mitternacht vorliegen. ""Berlin ist gut vorbereitet auf den Wahlsonntag"", sagte Michaelis. ""Die organisatorischen und technischen Vorbereitungen sind abgeschlossen. Wir erwarten einen ordnungsgemäßen und rechtssicheren Ablauf der Wahl."" Bei der Bundestagswahl 2017 hatte es technische Probleme bei der Übermittlung von Ergebnissen aus den Wahllokalen an die Zentrale gegeben. Das soll sich nicht wiederholen. Der Regierende Bürgermeister Michael Müller (SPD) appellierte an die Berliner, am Sonntag abzustimmen. Das Wahlrecht sei keine Selbstverständlichkeit. ""Es ist ein kostbares Gut, für das viele Menschen gestritten und gelitten haben."" Ähnlich äußerte sich der Präsident des Abgeordnetenhauses, Ralf Wieland. Mit der Zusammenarbeit in Europa sei die längste Phase eines friedliche Miteinanders auf dem Kontinent verbunden, erklärte er auf Twitter. Auch der Wohlstand in Europa sei Ergebnis dieser Zusammenarbeit. ""Deshalb überlassen wir nicht denjenigen Europa, die gegen eine europäische Zusammenarbeit arbeiten"", so Wieland. Die Wähler haben bei der Europawahl mehr Optionen denn je: 40 Parteien und sonstige politische Vereinigungen treten an, fast doppelt so viele wie vor fünf Jahren. Der Stimmzettel ist 94 Zentimeter lang. Wahlberechtigt sind nicht nur Deutsche, sondern auch EU-Ausländer. Allerdings ließen sich in Berlin nur 7,1 Prozent in die Wählerverzeichnisse eintragen: Also lediglich rund 18 000 der 256 000 EU-Bürger über 18 in Berlin wollen von ihrem Wahlrecht hier Gebrauch machen.",0
positiv,"Der Bundesaußenminister Heiko Maas begrüßt das Votum des britischen Unterhauses als Zeichen der Vernunft, was eine positive Einstellung gegenüber dem Ereignis widerspiegelt. Er betont, dass ein EU-Austritt ohne Vertrag in niemandes Interesse liege, was ebenfalls eine positive Tonalität aufweist.",SZ_Twitter_Online_29,Zeitungsartikel Online,"EU Maas nennt Londoner Brexit-Votum Zeichen der Vernunft Direkt aus dem -Newskanal Berlin () - Bundesaußenminister Heiko Maas hat das Votum des britischen Unterhauses gegen einen ungeregelten Brexit als Zeichen der Vernunft begrüßt. Ein EU-Austritt ohne Vertrag liege in niemandes Interesse, erklärte der SPD-Politiker auf Twitter. Das Unterhaus hatte gestern den mit der EU ausgehandelten Brexit-Vertrag abgelehnt. Am Abend stimmte eine Mehrheit der Abgeordneten dann aber dafür, einen Brexit ohne Abkommen auf jeden Fall zu verhindern.",1
negativ,"Der Text beschreibt eine Serie von Terroranschlägen auf Kirchen und Hotels in Sri Lanka, bei denen über 200 Menschen getötet und mehr als 500 verletzt wurden. Die Atmosphäre ist von Trauer, Entsetzen und Fassungslosigkeit geprägt. Die Regierung und internationale Führer verurteilen die Angriffe und rufen zur Einigkeit und Stärke auf. Der Text enthält auch Berichte über Übergriffe gegen Christen in Sri Lanka und die zunehmende Diskriminierung und Gewalt gegen christliche Einrichtungen.",Bild_Twitter_Online_17,Zeitungsartikel Online,"MEHR ALS 207 TOTE! DIE ZIELE DER OSTER-ANSCHLÄGE VON SRI LANKA Minister: „Habe überall Leichenteile gesehen“ Kirchen und Luxus-Hotels angegriffen Attentäter schlugen an sechs Orten gleichzeitig zu Zwei weitere Explosionen nach erster Angriffs-Serie Sieben Verdächtige festgenommen (/video/clip/terroranschlag/terror-gegen-kirchen-und-luxushotels-in-sri-lanka-reuters-61380736.bildMobile.html) Quelle: BILD/Reuters/AP 2:28 Min. 21.04.2019 - 14:58 Uhr Die Bomben detonierten in überfüllten Kirchen während der Ostermesse und in Luxushotels während der Hochsaison. Colombo (Sri Lanka) – Bomben-Terror am Ostersonntag auf Sri Lanka! Mehr als 207 Menschen starben bei Anschlägen auf mehrere Hotels und Kirchen auf der Insel im Indischen Ozean. Mindestens 500 Menschen wurden zudem zum Teil schwer verletzt. Die meisten Anschläge wurden in der Hauptstadt ausgeführt. Alleine im größtem Krankenhaus der Stadt, dem National Hospital, werden laut Sprecher Dr. Samindi Samarakoon mehr als 200 Menschen behandelt. Unter den Toten seien bisher 35 Ausländer identifiziert worden, erklärten die Behörden. Es handele sich um nach Krankenhausangaben um US-Bürger, Briten und Niederländer. Völlig zerstört: Die zerstörte St.-Sebastians-Kirche nördlich von Colombo Foto: Chamila Karunarathne / AP Photo / dpa Die portugiesische Nachrichtenagentur Lusa meldete ein portugiesisches Opfer, der englische „Mirror“ berichtet auch von japanischen Opfern. Chinesische Staatsmedien berichten von einem Staatsbürger, der bei den Anschlägen starb. Nach Angaben der türkischen Nachrichtenagentur Anadolou sollen unter den Toten auch zwei Türken sein. Unter Schock: Verwandte eines Anschlagsopfers trauern vor einer Leichenhalle in Colombo Foto: Eranga Jayawardena / dpa An den Tatorten boten sich grausame Bilder. Nach einem Besuch an drei Anschlagsorten erklärte Wirtschaftsminister Harsha de Silva: „Ich habe überall Leichenteile verstreut gesehen.“ Die Attentate, zu denen sich zunächst niemand bekannte, sind mit die schwersten seit dem Ende des Bürgerkrieges vor zehn Jahren. Sieben Verdächtige festgenommen Die Verantwortlichen für die Anschlagsserie auf Kirchen und Hotels in Sri Lanka sind nach Angaben des stellvertretenden Verteidigungsministers Ruwan Wijewardene identifiziert worden. Er sprach bei einer Pressekonferenz am Sonntag von einem „terroristischen Vorfall“ und von „feigen Angriffen extremistischer Gruppen“. Sieben Verdächtige wurden inzwischen festgenommen. Schwerbewaffnete Einsatzkräfte verschaffen sich Zugang zu einem Haus Foto: ISHARA S. KODIKARA / AFP Als Reaktion auf die Anschläge verhängte die Polizei eine sofortige Ausgangssperre. Sie solle bis auf weiteres gelten. Die Nutzung von Online-Netzwerken wurde einstweilen untersagt. Explosionen in Luxus-Hotels Die Angreifer schlugen unter anderem in Luxus-Hotels zu, hier gab es Explosionen in mindestens drei Gebäuden in der Hauptstadt. Die Decke zerstört, Kabel hängen in den Raum: Das Restaurant des Luxus-Hotels Shangri-La Foto: ISHARA S. KODIKARA / AFP Im Restaurant des Shangri-La Colombo detonierte laut „Colombo Telegraph“ zufolge ein Sprengsatz: Fenster zersplitterten, die Decke wurde zum Teil auf die Straße gesprengt, überall hängen Kabel von den Decken. Laut Augenzeugen waren Einsatzkräfte kurz nach der Explosion vor Ort, brachten in weiße Tücher gehüllte Menschen aus dem Gebäude. Auch im Kingsbury Hotel (hier vor den Anschlägen) gab es Explosionen Foto: Universal Images Group/Getty Images Auch im Kingsbury Hotel und dem Cinnamon Grand Colombo kam es zu Angriffen, Aufnahmen lokaler Fernsehsender zeigen deutliche Schäden an den Gebäuden. Nach der ersten Anschlagsserie gab es zwei weitere Explosion: Die erste in einem Hotel nahe dem Zoo der Stadt. Die Nachrichtenagentur AFP berichtete von mindestens zwei Toten dort. Die Polizei meldete außerdem eine achte Explosion. Sie traf eine Wohngegend in einem Vorort von Colombo. Bei einem Selbstmordanschlag sollen drei Polizisten ums Leben gekommen sein. Angreifer attackieren Kirchen 50 Menschen starben in einer Kirche in Katuwapitiya, knapp 40 Kilometer nördlich der Hauptstadt. Dies teilte die Polizei mit. Die Leitung der St. Sebastian Kirche veröffentlichte auf Facebook Bilder vom Inneren des Gotteshauses und bat die Öffentlichkeit um Hilfe. Die Aufnahmen zeigten Blut am Boden und auf den Kirchenbänken sowie das zerstörte Kirchendach. Auch in der Ostprovinz habe es einen Angriff auf eine Kirche gegeben, berichteten Medien. Bei dem Anschlag in Batticaloa seien 25 Menschen ums Leben gekommen. Einsatzkräfte in der zerstörten St. Antonius Kirche in Colombo Foto: Getty Images In Colombo war im Stadtteil Kochcikade die St. Antonius Kirche Ziel eines Attentats. Nach Polizeiangaben waren Bombenräumkommandos im Einsatz. Man sei dabei, die Opfer in Sicherheit zu bringen. Die Hilfsbereitschaft in der Bevölkerung ist groß, berichtete Einwohner Usman Ali gegenüber der BBC. Er war wie viele andere zum Blutspenden in ein Medizinzentrum gekommen: „Alle hatten nur ein Ziel: den Opfern zu helfen, ganz egal, welcher Glaubensrichtung sie angehören.“ Overwhelming response at National Blood Centre. Its so overcrowded they cannot control the crowd. Currently they are sending back people who have come after taking down name, contact and blood group. Dont rush there now go leisurely as the crowd subsides #LKA pic.twitter.com/EAvYyr73kH — Usman Ali (@usmanali_la) April 21, 2019 Reaktionen der Politik Frank-Walter Steinmeier zeigte sich tief betroffen: „Fassungslos und voller Entsetzen verfolge ich die schrecklichen Nachrichten über die feigen Terroranschläge in Sri Lanka, bei denen so viele unschuldige Menschen den Tod fanden und viele mehr verletzt wurden“, erklärte er am Ostersonntag in Berlin. „Besonders niederträchtig ist, dass zahlreiche friedlich Betende in Gotteshäusern am Ostersonntag Ziel dieser hinterhältigen Angriffe wurden.“ Auch Bundesaußenminister Heiko Maas hat sich bestürzt über die Serie von Angriffen geäußert und sie aufs Schärfste verurteilt. „Die Nachrichten aus Sri Lanka machen fassungslos. Wir sind in Gedanken bei den Angehörigen der Opfer und hoffen mit den Verletzten“, teilte er am Sonntag mit. Die Nachrichten aus #SriLanka machen fassungslos. Wir sind in Gedanken bei den Angeh¶rigen der Opfer und hoffen mit den Verletzten. Am #Osterfest so viel Hass zu erleben schmerzt. Ostern ist ein Fest der Liebe, das uns lehrt: Hass unsererseits kann nie die L¶sung sein. — Heiko Maas (@HeikoMaas) April 21, 2019 „Ich verurteile die feigen Attentate heute auf unsere Bevölkerung“, schrieb Sri Lankas Ministerpräsident Wickremesinghe auf Twitter. Er rief alle Einwohner seines Landes auf, angesichts der Tragödie einig und stark zu bleiben. I strongly condemn the cowardly attacks on our people today. I call upon all Sri Lankans during this tragic time to remain united and strong. Please avoid propagating unverified reports and speculation. The government is taking immediate steps to contain this situation. — Ranil Wickremesinghe (@RW_UNP) April 21, 2019 Die Verbreitung von Spekulationen und unbestätigten Berichten müsse vermieden werden, appellierte der Regierungschef an die Bevölkerung. Die Regierung unternehme alle nötigen Schritte, fügte er hinzu und berief das nationale Sicherheitskabinett zu einer Sitzung ein. Gewalt gegen Christen auf Sri Lanka Die Kirchenverwaltung NCEASL, die mehr als 200 Kirchen und andere christliche Organisationen in Sri Lanka vertritt, hatte sich jüngst besorgt über vermehrte Übergriffe geäußert. Im vergangenen Jahr habe es 86 bekannte Vorfälle von Diskriminierung, Drohungen und Gewalt gegen Christen und ihre Einrichtungen gegeben. In diesem Jahr seien es bislang 26 gewesen. So hätten buddhistische Mönche wiederholt versucht, christliche Gottesdienste zu stören. Nach statistischen Daten von 2012 sind unter den rund 22 Millionen Einwohnern Sri Lankas 70 Prozent Buddhisten, gut zwölf Prozent Hindus, knapp zehn Prozent Muslime und gut sieben Prozent Christen.",-1
negativ,"Der Text beschreibt eine Spuckattacke auf eine junge Muslimin in Wien, die von Umstehenden als Hasshandlung verurteilt wird. Der Bundeskanzler Sebastian Kurz verurteilt den Vorfall ebenfalls und betont die Wichtigkeit eines respektvollen und friedlichen Miteinanders aller Religionen. Die Beschreibung der Situation ist emotional und beschreibt die Angst und Verletzung der jungen Frau.",STD_Facebook_Online_68,Zeitungsartikel Online,"› Inland › ÖVP Kanzler Kurz verurteilt Spuckattacke auf Muslimin in Wien 1. April 2019, 10:24 860 Österreich steht laut dem ÖVP-Chef für ""ein respektvolles und friedliches Miteinander aller Religionen"" Wien – Bundeskanzler Sebastian Kurz (ÖVP) hat eine Spuckattacke auf eine junge Muslimin in Wien-Neubau scharf verurteilt. ""Eine widerliche Attacke, die ich auf das Schärfste verurteile. In Österreich stehen wir für ein respektvolles und friedliches Miteinander aller Religionen!"", postete der Regierungschef auf Facebook. Nach dem Vorfall, der sich Samstagnachmittag ereignet hatte, verbreitete sich in sozialen Netzen ein Video, das zeigt, wie eine ältere Frau bei einer Straßenbahnstation eine junge Muslimin foto: apa wüst beschimpft. DER STANDARD hat berichtet. Die junge Frau, die heimlich mitfilmte, wehrte sich heftig und sagte, dass Österreich auch ihr Land sei und sie hier geboren worden sei. Posted by Asma Aiad 324,657 Views HEUTE IN WIEN: JUNGE MUSLIMIN ANGESPUCKT! Erst letzte Woche habe ich bei der Donnerstagsdemo von einer Freundin erzählt, die in der U-Bahn von einem Mann bedroht wurde. Eben erhielt ich eine Nachricht von meiner Freundin mit diesem Video und der Nachricht „Asma, das ist mir gerade eben passiert. Ich zittere so sehr vor Angst.“ Ich rufe sie sofort an. Sie schildert mir, was ihr passiert ist. Ich bin sprachlos. Sie wurde beschimpft, angespuckt, beleidigt, bedroht: „Du Hure, du ... See More 367 25 2.3K Eine ältere Dame überschüttete eine junge Muslimin bei einer Straßenbahnhaltestelle am Samstag verbal mit Hass. Zuvor hatte die ältere Frau sie beleidigt und gesagt: ""Die FPÖ haut euch alle raus."" Umstehende Personen versuchten der jungen Frau zu helfen, was die Situation zum Eskalieren brachte. Die ältere Frau bespuckte die Muslimin und lief schreiend davon: ""Eine kriminelle Gewalttäterin, Hilfe!""",-1
negativ,"Die Textpassage beschreibt das schlechte Abschneiden der CDU bei der Europawahl und die Selbstkritik von Annegret Kramp-Karrenbauer, die Fehler im Wahlkampf eingestanden hat. Die Verwendung von Begriffen wie'schwere Verluste' und 'Fehler' weist auf eine negative Stimmung hin.",SZ_Twitter_Online_117,Zeitungsartikel Online,"Europawahl Die CDU kämpft mit dem Trend Kramp-Karrenbauer hat eigene Fehler im Europa-Wahlkampf eingestanden. (Foto: AP) Nach dem schlechten Abschneiden bei der Europawahl übt CDU-Chen Kramp-Karrenbauer Selbstkritik. Man habe in den Debatten um Upload-Filter, um den Youtuber Rezo sowie um ""Fridays for Future"" und den Klimaschutz Fehler gemacht. Eine Wahlanalyse aus der CDU-Zentrale über einen ""vermeintlichen Rechts- ruck"" sorgt aber für neuen Ärger. Von Robert Roßmann, Berlin CDU-Chen Annegret Kramp-Karrenbauer hat nach den schweren Verlusten ihrer Partei bei der Europawahl am Montag Fehler eingestanden. Personelle",-1
negativ,"Der Text beschreibt Lootboxen in Videospielen als ein Problem, das immer größer wird, und weist darauf hin, dass viele Jugendliche durch diese virtuellen Beutekisten Geld ausgeben, ohne zu wissen, was sie erhalten werden. Die Studien und Experten warnen vor den psychologischen Tricks, die die Industrie einsetzt, um Jugendliche zum Glücksspiel zu motivieren. Der Text beschreibt auch die Geschichte von Kensgold, der 13.500 Dollar für Lootboxen ausgegeben hat, und die Fälle, in denen Eltern nichts davon erfahren haben, dass ihr Kind Geld für Lootboxen ausgegeben hat. Die Politik wird kritisiert, dass sie sich bisher nicht für das Thema interessiert hat, und dass Lootboxen als illegales Glücksspiel in Belgien und den Niederlanden eingestuft sind, aber nicht in Deutschland. Der Text beschreibt auch die soziale Isolation, die durch digitale Medien entsteht, und dass Menschen trotz 1000 Likes und Followern einsam sein können.",SZ_Facebook_Online_88,Zeitungsartikel Online,"Lootboxen in Videospielen Taschengeld für Pixelmüll Virtuelle Überraschung für reales Geld: Wie in „Overwatch“ können in vielen Computerspielen sogenannte Lootboxes gekauft werden. (Foto: Blizzard Entertainment) 866 Millionen Euro gaben deutsche Gamer im ersten Halbjahr 2018 für In- Game-Käufe aus. Ein guter Teil davon dürfte für sogenannte Lootboxen aus- gegeben worden sein. Die - oft jugendlichen - Spieler kaufen sich damit die Chance auf einen wert- vollen Gegenstand, können aber auch nur wertlosen Kram in der virtuellen Kiste nden. Experten halten den Kauf von Lootboxen für vergleichbar mit Glücksspiel, staatliche Regeln gibt es dafür aber noch nicht. Von Jan Willeken, Berlin ANZEIGE Der Junge aus Texas hatte eine glückliche Kindheit, bis er im Alter von 13 Jahren einen folgenschweren Fehler beging. Für 30 Dollar kaufte er Upgrades in einem Handy-Spiel, um beim Bau seiner virtuellen Stadt mit Freunden mithalten zu können. Es war der Beginn eines Teufelskreises, denn bei dem einen Upgrade blieb es nicht, und bei dem einen Spiel auch nicht. Er kaufte ein Upgrade ums andere. Später muss der Spieler eine bittere Bilanz ziehen: ""Ich kämpfe mit Glücksspielsucht"", gestand er unter dem Pseudonym Kensgold auf der Plattform Reddit. Gut 13 500 Dollar, umgerechnet 11 900 Euro, gab er innerhalb von nur drei Jah- ren aus, um in Videospielen die besten Ausrüstungsgegenstände zu bekommen. Für das viele Geld kaufte er sogenannte Lootboxen, ""Beutekisten"", deren Inhalt er nicht kannte. Ob sich darin die ersehnte Lackierung, das beste Gewehr befand, oder nur wertloser Pixelmüll: Zufall, Glück - oder eben Pech. DAK-Studie zu Computerspielsucht Eine halbe Million Jugendliche sollen ""Risiko-Gamer"" sein Welche Suchtgefahr geht von Computerspielen aus? Eine Studie der Krankenkasse DAK sieht viele Zwölf- bis 17-Jährige von Abhängigkeit gefährdet und will bestimmte Elemente in den Spielen verbieten lassen. Von Caspar von Au Kensgolds Geschichte ist die extreme Form eines Problems, das immer größer wird. Allein im ersten Halbjahr 2018 haben deutsche Gamer 866 Millionen Euro für ""Mikrotransaktionen"" ausgegeben, zeigen Zahlen des Verbands der deut- schen Games-Branche. Das ist ein Zuwachs von fast 40 Prozent im Vergleich zur Vorjahreshälfte. Und viele der Kunden sind noch nicht einmal volljährig: Mehr als ein Viertel der zwölf- bis 17-jährigen Gamer, so ergab eine Studie der Kran- kenkasse DAK und des Deutschen Zentrums für Suchtfragen, zahlte im vergan- genen Halbjahr Geld für Extras in Spielen. Psychologische Tricks motivieren Jugendliche zum Glücksspiel ""Durch die Tricks der Industrie nden viele Jugendliche kein Ende und verzo- cken Zeit und Geld"", sagt DAK-Chef Andreas Storm. Durch zwischengeschaltete Online-Währungen und oft niedrige Kaufpreise pro Transaktion verlören besonders jugendliche Spieler leicht den Überblick darüber, wie viel sie eigent- lich ausgeben, warnen Experten. Für Ilona Füchtenschnieder, Chen des Fach- verbands Glücksspielsucht ist es eine ""absolute Schweinerei"", dass mit verwundbaren jungen Menschen durch Lootboxen Geld gemacht werde. Die Politik hat sich in Deutschland bisher nicht besonders für das Thema inter- essiert. Lootboxen seien ein Risiko, das ""bislang noch nicht hinreichend vom gesetzlichen Kinder- und Jugendmedienschutz erfasst wird"", sagt ein Sprecher des Bundesministeriums für Familie und Jugend auf Anfrage. Studien zufolge betrit das in Deutschland 8,5 Millionen Kinder und Jugendliche im Alter von bis zu 19 Jahren, die Videospiele spielen. ""Loot Boxes ermöglichen Interaktion und entfalten Anreizwirkungen gerade auch für Kinder und Jugendliche zu Käufen innerhalb eines Spiels"", teilt das Ministerium mit. Diese Käufe könnten ""schnell außer Kontrolle geraten"". Viele der Käufe geschehen im Verborgenen, oft erfahren auch die Eltern nichts davon. Sozialpädagogen berichten von Fällen, in denen etwa Eltern ihrem Sohn Geld für ein Auto gegeben hatten - und dann feststellten, dass der das meiste, einen fünfstelligen Betrag, innerhalb weniger Wochen in ein Videospiel gesteckt hatte. Das erinnert stark an die Geschichte von Kensgold. In Belgien und den Niederlanden gelten Lootboxen als illegales Glückspiel Aus psychologischer Sicht kommen viele Fachleute und Studien zu dem Schluss, dass Lootboxen mit ihrer Sogwirkung zumindest eine starke Ähnlichkeit zu Glücksspiel aufweisen - so auch die DAK-Studie. Eine zentrale Glücksspielauf- sicht, die eine solche Einschätzung aus rechtlicher Sicht vornehmen könnte, gibt es in Deutschland nicht. Markus Ruttig ist Anwalt und Experte für Glücksspiel- recht. Er hält es für wahrscheinlich, dass Lootboxen Glücksspiel sind. Man zahle einen echten Einsatz und riskiere einen totalen Verlust dieses Einsatzes: ""Es kann sein, dass das völlig für die Katz ist, weil man das, was man bekommt, nicht gebrauchen kann"", sagt Ruttig. Doch die Sache ist juristisch dizil. Anders als andere Glücksspiele verwenden viele der Spiele virtuelle Währungen, für die man Euro und Cent ausgeben muss - die sich aber auf legalem Wege nicht in Euro und Cent zurückverwandeln las- sen. ""Es ist Glück, was Sie in der Box erwartet"", sagt Anwalt Wulf Hambach, der sich auf Glücksspielrecht spezialisiert hat. ""Aber Glücksspiel im rechtlichen Sinne ist es nur, wenn Sie etwas bekommen können, was man unmittelbar in Geld umwandeln kann."" Belgien und die Niederlande haben Lootboxen als illegales Glücksspiel einge- stuft, in Deutschland könnte bald zumindest für Minderjährige Schluss sein. ""Jugendschutz geht vor Protgier"", schrieb Familienministerin Franziska Giey (SPD) unlängst auf Facebook. Anbieter müssten ""mehr Verantwortung überneh- men"", zum Beispiel kennzeichnen, dass Lootboxen in einem Game enthalten sind, und die Gewinnchancen oenlegen. Außerdem sollten Lootboxen einen Einuss auf die Altersfreigabe von Spielen haben. Ein generelles Verbot werde derzeit jedoch nicht geprüft, teilt das Ministerium mit. Man arbeite aber daran, das aktuelle Jugendmedienschutzgesetz ""aus der Zeit von CD-ROMs und Videokassetten"" zu reformieren. Besonders für Mobilge- räte, deren Nutzung Eltern kaum kontrollieren können, gebe es ""bisher keine eektiven gesetzlichen Schutzstandards"", sagt ein Sprecher. Eine Einstufung als Glücksspiel hätte gravierende Konsequenzen, denn damit wären die Lootboxen illegal - schließlich braucht man für Online-Casinos hier- zulande eine Lizenz. Erfahrungsgemäß werden solche Generalverbote aber schlicht missachtet. Umso mehr begrüßt Anwalt Ruttig eine Jugendschutzrege- lung, die er für weitaus eektiver hält: ""Egal, ob Lootboxen Glücksspiel sind oder nicht: Es ist so nah dran, dass man das bei Minderjährigen nicht will."" Social Media 1000 Likes und trotzdem einsam Über kein Thema wurde bei der Tech-Konferenz SXSW in Austin so viel geredet wie über digitale Isolation. Während sich Menschen in sozialen Medien mehr und mehr vernetzen, nimmt das Gefühl der Einsamkeit zu. Von Johannes Kuhn Zu r S Z-Star tsei te Feedback",-1
negativ,"Der Text beschreibt die Zeitumstellung als negativ, da Schüler darunter leiden würden. Der Präsident des Deutschen Lehrerverbands kritisiert die ewige Sommerzeit und sieht negative Auswirkungen auf die Schüler.",SZ_Twitter_Online_120,Zeitungsartikel Online,"Zeitumstellung Nur noch fünf Minuten Schüler müssen zu früh aufstehen, nden Schlaorscher. (Foto: ) Der EU-Verkehrsausschuss hat in der vergangenen Woche beschlossen, die Zeitumstellung bis 2021 abzuschaen. Unklar ist, welche Zeit dann gelten soll - die Bundesregierung ist für die ewige Sommerzeit. Der Präsident des Deutschen Lehrerverbands, Heinz-Peter Meidinger, sieht das kritisch. Die Schüler würden darunter leiden. Von Paul Munzinger Nur noch Sommerzeit: Ganz konkret hieße das, dass es im Winter abends eine Stunde länger hell ist. Nicht mehr, nicht weniger. Heinz-Peter Meidinger, Präsi-",-1
negativ,"Der Artikel beschreibt eine Situation, in der die Bayernpartei versucht, dem Grünen-Chef Robert Habeck ein Einreiseverbot zu erteilen, weil sie ihn als 'bayernfeindlich' betrachtet. Die Gründe für diese Entscheidung sind jedoch umstritten und basieren auf Aussagen, die Habeck gemacht hat, aber die Kontexte und die Wahrheit dieser Aussagen werden in Frage gestellt. Die Bayernpartei wird als Partei dargestellt, die nur 1,7 Prozent der Stimmen bei der letzten Landtagswahl erhielt und nicht im Landtag vertreten ist, was ihre Motivation für den Antrag in Frage stellt. Der Artikel hat eine kritische und skeptische Haltung gegenüber der Bayernpartei und ihrer Handlungen.",Bild_Facebook_Online_31,Zeitungsartikel Online,"WEGEN „BAYERNFEINDLICHER ÄUSSERUNGEN“ Bayernpartei will Grünen- Chef Habeck die Einreise verweigern Grünen-Chef Robert Habeck und die Bayernpartei-Politikerin Regina Schropp Foto: regina-schropp.de, MICHELE TANTUSSI / AFP 28.05.2019 - 18:46 Uhr Paukenschlag im beschaulichen Landkreis Weilheim-Schongau! Die Bayernpartei möchte dem Bundesvorsitzenden der Grünen, Robert Habeck, ein Einreiseverbot erteilen. Der Politiker soll eigentlich im Juni anlässlich einer 100-Jahr-Feier im Ort Peißenberg als Redner auftreten. Mit einem Antrag im Kreisausschuss möchte Bayernpartei-Politikerin Regina Schropp dem nun einen Riegel vorschieben. Grund für diesen drastischen Schritt: Habeck habe sich „öffentlich wiederholt bayernfeindlich geäußert“. Als Beispiele nennt sie „Habecks Aussage“, ihm sei „ein Ägypter aus Kairo lieber als ein Bayer von der Alm“. Weiterer Aufreger für die Lokalpolitikerin: Habeck habe „die Bayern als Undemokraten im Landtagswahlkampf 2018“ bezeichnet. „Dies rechtfertigt das beantragte Einreiseverbot“, schreibt die gelernte Kellnerin Schropp in ihrem Antrag, den sie auch bei Facebook veröffentlichte. Problem des Antrags: Das Ägypter-Zitat stammt gar nicht von Habeck. Der Satz soll auf einem Grünen-Treffen im März in Berlin gefallen sein. Die Demokratie-Aussage hingegen lässt sich Habeck zuordnen. Vor der bayerischen Landtagswahl hatte er sich gefreut, dass die CSU-Alleinherrschaft ende. „Endlich gibt es wieder Demokratie in Bayern“, hatte er hinzugefügt. Später entschuldigte sich Habeck dafür. Die Bayernpartei bekam bei der vergangenen Landtagswahl im Jahr 2018 nur 1,7 Prozent der Stimmen und ist nicht im Landtag vertreten. Bei der Europawahl erhielt sie in Bayern sogar nur 0,2 Prozent. In Schropps Landkreis Weilheim-Schongau stellt die Partei einen von 60 Kreistags- Sitzen. Ob der Antrag angenommen wird, darf zumindest angezweifelt werden …",-1
neutral,"Der Text beschreibt ein Gerichtsurteil und die Reaktionen der Beteiligten. Es gibt keine offensichtlich positive oder negative Tendenz, sondern eher eine neutrale Darstellung der Fakten. Die Stimmung ist eher sachlich und berichterstattend, ohne eine klare Meinung oder Emotion auszudrücken.",STD_Facebook_Online_81,Zeitungsartikel Online,"› Phänomen Hass Oberlandesgericht hebt Urteil gegen Sigi Maurer auf RAINER SCHÜLLER, NINA 3753 WEISSENSTEINER 12. März 2019, 09:58 Begründung: Das Erstgericht habe die Latte für den Wahrheitsbeweis geradezu unerreichbar hoch angesetzt. Das erstinstanzliche Verfahren muss wiederholt werden Wien – Das Oberlandesgericht Wien hat das Urteil in der Causa Bierwirt gegen Sigi Maurer aufgehoben, nachdem die grüne Ex- Abgeordnete wie ihr Privatankläger gegen das erstinstanzliche Urteil des Wiener Landesgerichts vom Herbst 2018 Berufung eingelegt hatten. Im Frühjahr hatte Maurer die obszönen Privatbotschaften via Facebook vom Account des Bierhändlers im achten Wiener Bezirk über soziale Netzwerke geoutet, foto: apa / georg hochmuth ebenso die Identität des Mannes. Der Ladenbesitzer klagte Kann aufatmen, denn das erstinstanzliche Urteil gegen Maurer daraufhin unter anderem wegen übler Nachrede, er sie ist nun Geschichte: ""Noch habe ich nicht gewonnen"", sagt Sigi Maurer. ""Aber ich bin zuversichtlich, dass ich bestritt stets, die Nachrichten abgesendet zu haben. diesmal freigesprochen werde."" orf Erstinstanzlich – also nicht rechtskräftig – wurde Maurer zu 3000 Euro verurteilt, dazu hätte sie dem Unternehmer 4000 Euro wegen erlittener Kränkung zahlen sollen. Doch laut Aussendung vom Dienstag hegte das Oberlandesgericht Bedenken ""an der Beurteilung des Erstgerichts, wonach der Beschuldigten der Wahrheitsbeweis nicht gelungen sei, dass es wirklich der Privatankläger war, der die Nachrichten versendet hat"". Kein stimmiges Bild Soll heißen: Das Erstgericht habe nicht ausreichend gewürdigt, dass die Nachrichten immerhin vom Computer und vom Facebook-Account des Privatanklägers versendet wurden, und nicht beachtet, dass bei der Beurteilung des Wahrheitsbeweises eine gewisse Lebensnähe zu beachten sei, hieß es vonseiten des Oberlandesgerichts. Das Erstgericht habe die Latte für den Wahrheitsbeweis geradezu unerreichbar hoch angesetzt. Weiters schrieb das Oberlandesgericht: ""Die Beweiswürdigung habe kein stimmiges Bild ergeben, denn der Privatankläger habe nicht schlüssig dargestellt, dass konkret eine andere Person die Nachrichten geschrieben und verschickt hat. Allein die theoretische Möglichkeit reiche nicht aus."" Obwohl der Kreis der möglichen Verfasser sehr klein gewesen sei, habe der Privatankläger keinen anderen Verfasser genannt. Dass jemand anderer die Nachrichten versendet habe, sei im konkreten Fall bei Berücksichtigung der übrigen Beweisergebnisse eigentlich nicht vorstellbar, denn der ""unbekannte Verfasser"" hätte wenig Zeit gehabt, dies unbemerkt zu tun; es seien weitere Personen im Lokal gewesen, die aber alle niemanden gesehen hätten, der zum Computer gegangen sei; und der ""unbekannte Verfasser"" hätte gleichzeitig beobachten müssen, ob der Privatankläger während des Verfassens der Nachricht ins Lokal zurückkommt. Fazit: Das erstinstanzliche Verfahren muss nun wiederholt werden. In einer ersten Reaktion sagte Adrian Hollaender, der Anwalt des Bierwirts: ""Durch die Neudurchführung des Verfahrens wird es erneut die Möglichkeit geben, die Fakten zu prüfen – bei Rechtsstreitigkeiten ist es nicht unüblich, dass diese mehrere Instanzen durchlaufen. Mein Mandant wird seine Fakten wieder wahrheitsgemäß darlegen – weil ihm im ersten Verfahren aufgrund von zahlreichen Tatsachen recht gegeben wurde."" Auch Ermittlungen anhängig Zudem sind auch noch Ermittlungen gegen den Ladenbetreiber wegen möglicher falscher Beweisaussage im Erstverfahren anhängig, wie die Staatsanwaltschaft Wien dem STANDARD bestätigt. Maurer selbst sagte angesichts des Entscheids: ""Ich bin sehr glücklich darüber, dass das Oberlandesgericht unserer Berufung gefolgt ist und das Urteil aufgehoben hat. Es bestätigt damit meine Wahrnehmung und die vielen Beobachter und Beobachterinnen, dass die Begründung meiner Verurteilung nicht nachvollziehbar und lebensfremd war."" Aber sie gibt auch zu bedenken: ""Noch habe ich nicht gewonnen – jetzt heißt es zurück an den Start."" Maurers Anwältin Maria Windhager, die übrigens auch den STANDARD in rechtlichen Angelegenheiten vertritt, erklärte zudem: ""Das Verfahren muss nun von einem anderen Richter vollkommen neu durchgeführt werden. Wir sind zuversichtlich, dass wir im zweiten Rechtsgang erfolgreich sein werden.""",0
neutral,"Der Text beschreibt verschiedene Gruppen und Initiativen in Moosburg, die sich für den Erhalt von Bienen, Parkplätzen, Wasserspielen und anderen Dingen einsetzen. Die Textstimmung ist neutral, da es sich um eine sachliche Darstellung der Situation handelt, ohne eine klare Meinung oder Empfehlung zu geben. Die verschiedenen Gruppen und ihre Interessen werden aufgeführt, ohne dass eine bestimmte Seite bevorzugt wird.",SZ_Facebook_Online_85,Zeitungsartikel Online,"Mitten in Moosburg Überall in der Stadt Rettungskräfte Bienen, Parkplätze, Wasserspiele und Millionen. Wofür es sich in Moosburg lohnt zu kämpfen Kolumne von Alexander Kappen ANZEIGE Auf seinem Facebook-Prolbild ist Jörg Kästl nach wie vor in seinem gelb- schwarz gestreiften Kostüm als Bienenretter zu sehen. Auch nach dem erfolgrei- chen Volksbegehren geht für den Moosburger ÖDP-Stadtrat der Kampf für den Erhalt der Artenvielfalt selbstverständlich weiter und immer weiter: Rettet die Bienen! Neben dem Einsatz für blühende Landschaften und gegen unnötigen Flächen- verbrauch, dem sich im Stadtrat neulich auch die Freien Wähler mit einem ent- sprechenden Antrag verschrieben haben, gilt es in Moosburg oenbar aber auch noch so einige andere Dinge zu retten. In der jüngsten Stadtratsitzung am Mon- tagabend verbuchte etwa die Initiative ""Rettet die Parkplätze!"" einen Teilerfolg. Nach dem Umbau des Platzes ""Auf dem Plan"" sollen nun nicht, wie geplant, nur 15, sondern 26 Fahrzeuge und zu besonderen Anlässen gar deren 56 Platz n- den. Was wiederum bei der Gruppe ""Rettet die Wasserspiele!"" Magengrummeln verursacht, die für weniger Autos und mehr Aufenthaltsqualität auf dem Plan kämpft. Manche Wasserspiel-Retter stimmten dem Kompromiss dann doch zu, weil für sie 26 Parkplätze halt immer noch besser sind als die derzeit gut 70 - und weil sie wollen, dass mal irgendwas voran geht, bevor im Duell der Retter irgendwann nichts mehr zu retten ist. Recht aktiv war zuletzt auch wieder der Aktionskreis ""Rettet die Wachbara- cken!"". Der will an der Schlesierstraße möglichst viel von den denkmalgeschütz- ten Unterkünften der Aufseher des ehemaligen Kriegsgefangenenlagers Stalag VII A erhalten. Allerdings kollidieren diese Interessen mit denen des Aktions- bündnisses ""Rettet die Schüler!"". Das hegt den Wunsch, dass in der benachbar- ten Mittelschule die Kinder endlich nicht mehr aus Platzmangel beim Essen gestapelt werden müssen und auf besagtem Areal an der Schlesierstraße bald eine neue Mensa bekommen - was die Wachbaracken-Retter nur so semigut nden. Ach ja, und dann gibt es natürlich noch Kritiker, die mit Blick auf den Haushalt meinen, dass sich die Stadt den geplanten Neubau eines Hallenbads nicht leis- ten kann. Wir warten gespannt auf das Bürgerbegehren ""Rettet die Millionen!"". Zu r S Z-Star tsei te Feedback",0
negativ,"Der Text beschreibt ein schreckliches Hassverbrechen in Neuseeland, bei dem mindestens 49 Menschen getötet und Dutzende verletzt wurden. Die Reaktionen der Welt auf diese Tragödie sind überwiegend entsetzt und trauern um die Opfer. Die Bundesregierung, der amerikanische Präsident, die EU und viele andere haben ihr Beileid ausgesprochen und betonen die Notwendigkeit, gegen Hass und Terrorismus vorzugehen. Die Tonalität des Textes ist daher überwiegend negativ, da er sich mit einem schrecklichen Ereignis auseinandersetzt und die Notwendigkeit, gegen Hass und Gewalt vorzugehen, betont.",SZ_Twitter_Online_96,Zeitungsartikel Online,"Reaktionen ""Ein Angri auf die Freiheit"" Neuseeland erlebte eines der schrecklichsten Hassverbrechen seiner Geschichte. (Foto: AFP) ANZEIGE Die Welt reagiert entsetzt auf die Angrie. Die Bundesregierung, der amerikanische Präsident, die EU und viele weitere bekunden ihr Beileid. Die Reaktionen im Überblick. Mindestens 49 Tote und Dutzende Verletzte: Die Welt reagiert entsetzt auf die Anschläge auf zwei Moscheen in Christchurch, Neuseeland. Die Angreifer eröneten während der Freitagsgebete Feedback das Feuer. Drei Männer und eine Frau wurden festgenommen. Regierungssprecher Steen Seibert twitterte eine Nachricht von Kanzlerin Merkel: ""Tief erschüttert verfolge ich die Nachrichten aus Christchurch. Ich trauere mit den Neuseeländern um ihre Mitbürger, die friedlich betend in ihren Moscheen überfallen aus rassistischem Hass ermordet wurden. Wir stehen Seite an Seite gegen solchen Terror."" Außenminister Heiko Maas schrieb auf Twitter: ""Wir sind tief erschüttert von dem brutalen Verbrechen in Christchurch. In diesen schweren Stunden stehen wir fest an der Seite unserer neuseeländischen Freunde. Unser ganzes Mitgefühl gilt den Familien und Freunden der Opfer."" US-Präsident Donald Trump verspricht Beistand: ""Mein herzliches Mitgefühl und meine besten Wünsche gelten nach dem schrecklichen Massaker in den Moscheen den Menschen in Neuseeland. 49 unschuldige Menschen sind so sinnlos gestorben, so viele weitere wurden schwer verletzt. Die USA stehen Neuseeland, mit allem was wir tun können, bei. Möge Gott alle segnen!"" Auch Queen Elizabeth II. wendet sich an die Menschen der ehemaligen englischen Kolonie: ""Ich bin tief betroen von den schrecklichen Ereignissen in Christchurch heute. Prinz Philip und ich möchten den Familien und Freunden derer, die ihr Leben verloren haben, unser Beileid aussprechen. Ich möchte auch den Rettungskräften und freiwilligen Helfern, die sich um die Verletzten gekümmert haben, meine Anerkennung zollen. In dieser tragischen Zeit, sind meine Gedanken und Gebete bei allen Neuseeländern."" Auch die britische Premierministerin Theresa May kondolierte: ""Meine Gedanken sind bei allen, die von diesem abscheulichen Gewaltakt betroen sind"", schrieb sie im Kurznachrichtendienst Twitter. Das Parlament in London legte eine Schweigeminute für die Opfer ein. May sagte später noch, das Vereinigte Königreich sei bereit Neuseeland zu helfen ""wie immer wir können"". Jean-Claude Juncker, Präsident der Europäischen Union, versicherte Neuseeland an dessen Seite zu stehen im Kampf gegen Terrorismus: ""Mit Entsetzen und tiefer Trauer habe ich von dem Terroranschlag auf die Moschee in Christchurch erfahren. Die Europäische Union wird immer an der Seite Neuseelands stehen und sich gegen diejenigen stellen, die auf abscheuliche Weise unsere Gesellschaften und unsere Art zu leben zerstören wollen."" Auch EU-Ratspräsident Donald Tusk schrieb im Namen der EU: ""Erschütternde Nachrichten aus Neuseeland heute Nacht. Der brutale Anschlag in Christchurch wird niemals die Toleranz und den Anstand schmälern, für den Neuseeland berühmt ist. Unsere Gedanken in Europa sind bei den Opfern und ihren Familien. PM Jacinda Ardern kann auf unsere Solidarität zählen."" ANZEIGE So geht‘s: Forderungsverkauf bei Auslandsgeschäften Immer mehr Unternehmen verkaufen ihre Forderungen gegen Kunden im Ausland an einen Factoring-Anbieter. Sie können so ihren Kunden großzügige Zahlungsziele bieten und erhalten dennoch schnell ihr Geld. Mehr Der türkische Präsident Recep Tayyip Erdoan sieht in den Angrien das jüngste Beispiel für den wachsenden Hass auf Muslime: ""Im Namen der Menschen meines Landes möchte ich der islamischen Welt und den Menschen Neuseelands mein Beileid aussprechen, die Opfer dieses verabscheuungswürdigen Aktes wurden. Dieser ist das jüngste Beispiel für wachsenden Rassismus und Islamophobie."" Die CDU-Vorsitzende Annegret Kramp-Karrenbauer bekundete ebenfalls ihr Entsetzen: ""Egal gegen wen sich Hass, Gewalt und Terror richten, am Ende sterben Menschen, verlieren Kinder ihre Eltern und Eltern ihre Kinder. Dafür kann es keine Erklärung und darf es nie Entschuldigung geben. Im Gedenken an Opfer in Christchurch nie einen Zweifel daran aufkommen lassen."" Andrea Nahles, Vorsitzende der SPD, schrieb: ""Ich bin tief erschüttert über den abscheulichen Terroranschlag von Christchurch. Wer Muslime angreift, greift uns alle an. Dieser Hass darf niemals einen Platz bei uns haben - weder in Neuseeland, noch woanders. Mein Mitgefühl gilt allen Angehörigen. Stay strong, New Zealand!"" Der Spitzenkandidat der Europäischen Volkspartei (EVP) für die Europawahl, Manfred Weber, rief auf, geschlossen gegen den Terrorismus vorzugehen: ""Unsere Gedanken sind bei den Menschen in Neuseeland und den Opfern des schrecklichen Anschlags in zwei Moscheen in der Stadt Christchurch. Wir müssen alle geschlossen gegen den Terrorismus vorgehen und gemeinsam gegen den Hass kämpfen."" Fußballstar Cristiano Ronaldo zeigte sich ebenfalls erschüttert: ""Unsere Gedanken sind bei den Opfern, deren Familien und jedem, der von dieser Tragödie betroen ist."" Auch der englische Fußballverein Manchester United bekundete Mitgefühl: ""Die Gedanken aller bei Manchester United sind bei denen, die von den heutigen Anschlägen in Neuseeland betroen sind."" Terror in Neuseeland Was über den Anschlag bekannt ist Der Hauptverdächtige ist ein 28-jähriger Australier, er ist wegen Mordes angeklagt. Die Fakten im Überblick.",-1
positiv,"Der Artikel berichtet über eine Bundesratsinitiative, die ein Verbot von Konversionsverfahren (Homoheilung) in Deutschland fordert. Mehrere Bundesländer und auch einige Experten setzen sich für ein solches Verbot ein, da sie diese Pseudotherapien als ernsthafte Bedrohung für die Gesundheit und die Menschenrechte betrachten. Der Artikel erwähnt auch, dass bereits über 110 000 Unterschriften für ein Verbot von Homoheilern gesammelt wurden. Die Tatsache, dass mehrere Bundesländer und Experten sich für ein Verbot einsetzen, zeigt, dass die Stimmung in Deutschland positiv ist, um Homoheilung zu verbieten.",Bild_Twitter_Online_45,Zeitungsartikel Online,"BUNDESRATSINITIATIVE Länder fordern Verbot von „Homoheilung“ Die Regenbogenfahne ist das Symbol der LGBT-Community Foto: Wolfgang Kumm / AFP Artikel Von: ROMAN SCHECK veröffentlicht am 12.04.2019 - 18:30 Uhr Seit über zehn Jahren kämpfen Aktivisten in Deutschland für ein Verbot sogenannter Konversionsverfahren („Homoheilung“). Am Freitag wurde nun eine Bundesratsinitiative zum entsprechenden Verbot in den Bundestag eingebracht. Gleich mehrere Bundesländer (Hessen, Berlin, Bremen, Saarland, Schleswig-Holstein, Brandenburg und Rheinland-Pfalz) setzen sich für ein solches Verbot ein. Wie der MDR berichtete, kommen auch aus Sachsen-Anhalt und Thüringen positive Signale. Einzig Sachsen will erst den konkreten Entwurf abwarten. Konversionsverfahren sind Pseudotherapien, die Schwule und Lesben auf wundersame Weise zu Heterosexuellen „machen sollen“. Evangelikale Organisationen, Wunderheiler und sogar einige Ärzte behaupten bis heute, Homosexualität sei eine Krankheit, die geheilt werden müsse. Strafen für Anbieter und Schadenersatz für Betroffene In dem vorgestellten Antrag sollen neben einem Verbot auch Strafen für Anbieter solcher unwirksamen Pseudo-Therapien sowie Schadenersatzansprüche für Betroffene geprüft werden. Gleichzeitig soll erreicht werden, dass „Homoheiler“ zukünftig keine öffentlichen Gelder oder medizinische Vergütungen mehr bekommen. Der Vorstoß wird nun zunächst in den Ausschüssen der Länderkammer beraten. Hessens Sozialminister Kai Klose (45, Grüne) setzt sich für ein Verbot von „Homoheilung“ in Deutschland ein Foto: Arne Dedert / dpa »In keiner Weise behandlungsbedürftig Homo- oder Transsexualität seien weder Krankheiten noch eine Störung und deshalb „in keiner Weise behandlungsbedürftig“, erklärte Hessens Sozialminister Kai Klose (45, Grüne). Außerdem gebe es keine wissenschaftliche Basis für derartige „Behandlungen“. „Problematisch ist, dass die Menschen überhaupt auf die Idee kommen, sie müssten ihre Identität ändern, weil sie glauben, nicht normal oder gar krank zu sein“, so Klose. „Wir fordern die Bundesregierung auf, diesen menschengefährdenden Angeboten ein Ende zu setzen.“ Denn: Zur Menschenwürde gehöre das Recht auf freie sexuelle Orientierung und geschlechtliche Identität. Daher müsse fragwürdigen und menschengefährdenden Therapieangeboten die Grundlage entzogen werden. Weiter Wortmeldungen gab es in dieser Debatte keine. Die Vorlage wurde jetzt in den Gesundheitsausschuss überwiesen. Auch der Auschuss für Kulturfragen, der Ausschuss für Frauen und Jugend und der Rechtsausschuss befassen sich ab sofort mit dem Thema. Bayern zeigt sich aufgeschlossen Überraschend könnte nun auch Bayern dem Vorhaben zustimmen. Am Donnerstag wurde ein Antrag der Grünen mit deutlicher Mehrheit angenommen. Die CSU gab damit ihre wochenlange Blockadehaltung im Sozialausschuss auf. Tessa Ganserer (41), queerpolitische Sprecherin der Grünen im Bayerischen Landtag erklärte dazu auf Twitter: „Wir haben heute die Staatsregierung gezwungen, nicht länger tatenlos wegzusehen und ihren bisherigen Widerstand gegen ein Verbot aufzugeben.“ Voller Erfolg: Wir haben heute die Staatsregierung gezwungen nicht lnger tatenlos wegzusehen und ihren bisherigen Widerstand gegen ein Verbot aufzugeben. Mein Antrag wurde in genderter Fassung angenommen. #HomoBrauchtKeineHeilung #TransBrauchtKeineHeilung pic.twitter.com/YAvFaXAL3V — Tessa Ganserer (@GansGruen) April 11, 2019 Die Staatsregierung in Bayern wird aufgefordert, die „Prüfung“ eines Verbots zu „verfolgen“. Ursprünglich hieß es im Antrag noch, Bayern solle sich für ein Verbot „einsetzen“. Bundesgesundheitsminister Jens Spahn (38, CDU) hatte am Mittwoch eine 49-köpfige Fachkommission zum Thema eingesetzt (BILD berichtete (/lgbt/2019/lgbt/plan-des- gesundheitsministers-kommission-zum-verbot-von-homoheilung-61160056.bildMobile.html) ). Die Experten sollen bis zum Herbst Vorschläge für ein wirksames Verbot für „Homoheiler“ erarbeiten. Ein Verbot in Deutschland könnte damit noch in diesem Jahr kommen. Bereits am Dienstag übergab ein Bündnis von LGBT-Aktivisten unter dem Kampagnennamen „HomoBrauchtKeineHeilung“ mehr als 110 000 Unterschriften für ein Verbot von „Homoheiler“ an das Bundesgesundheitsministerium. In der Fachwelt werden Konversionsverfahren abgelehnt. Der Weltärztebund nennt sie eine „ernsthafte Bedrohung für die Gesundheit und die Menschenrechte“. Mehr LGBTQ-News gibt’s auf Facebook – jetzt Queer BILD folgen!",0
positiv,"Der Artikel beschreibt die erfolgreiche Social-Media-Strategie von Bundeskanzler Sebastian Kurz und der ÖVP. Die Partei hat es geschafft, eine große Anhängerschaft in sozialen Medien aufzubauen, insbesondere auf Facebook und Instagram. Der Artikel hebt die Leistungen von Kristina Rausch und Philipp Maderthaner hervor, die für die digitale Kommunikation der ÖVP verantwortlich sind. Die Artikel beschreibt auch die Bedeutung von Usern, die sich freiwillig und unbezahlt für die Sache von Kurz engagieren, wie Gabriele Beierl. Der Artikel hat eine positive Tonalität und beschreibt die ÖVP als erfolgreich und innovativ in der Nutzung von sozialen Medien.",STD_Facebook_Online_70,Zeitungsartikel Online,"› Inland › ÖVP Nur Kurz auf Facebook: Der hohe Stellenwert sozialer Medien für die ÖVP FABIAN SCHMID 191 12. März 2019, 14:26 Binnen kurzer Zeit haben es Sebastian Kurz und die ÖVP geschafft, zum heimischen Vorreiter in der Kommunikation zu werden In der Social-Media-Welt von Sebastian Kurz wird man vom ehemaligen Ö3- Moderator Peter L. Eppinger begrüßt. ""Willkommen im Namen von Team Kurz"", sagt er in einem Youtube-Video. Dann zählt Eppinger die vielfältigen Möglichkeiten auf, mit denen man Kurz online unterstützen kann: Man kann Beiträge teilen, liken und kommentieren und natürlich via Whatsapp über aktuelle Ereignisse informiert bleiben. Wer ins Online-Universum des Bundeskanzlers eintaucht, bekommt tatsächlich das Gefühl, ""hautnah"" dabei zu sein. Medial mag Kurz zwar als ""Schweigekanzler"" gelten, der sich zu Kontroversen nur spät oder gar nicht äußert; ein Informationsdefizit über seinen Alltag kann man ihm jedoch nicht vorwerfen – im Gegenteil. Mindestens einmal täglich wird ein schickes Foto auf Instagram geteilt (72.000 Follower), dazu kommen der Whatsapp-Service mit einigen Tausend Abonnenten, der alle paar Tage über Neuigkeiten informiert, ein Twitter-Kanal (329.000 Follower) und Kurz’ Facebook-Seite, die an der Marke von 800.000 Fans kratzt. Gleichauf mit Strache Von diesen Werten können die meisten anderen Politiker nur träumen – mit Ausnahme von Kurz’ Vizekanzler Heinz-Christian Strache, der ebenfalls bei fast 800.000 Facebook-Fans liegt. Setzt man die Zahl der virtuellen Anhängerschaft in ein Verhältnis zur Einwohnerzahl des jeweiligen Landes, liegt Kurz klar vor Frankreichs Präsident Emmanuel Macron (2,3 Millionen Follower), dem Labour- Chef Jeremy Corbyn (1,4 Millionen) und sogar vor Italiens Vizepremier Matteo Salvini (3,5 Millionen). Von den Oppositionsparteien in Österreich ganz zu schweigen – Altbundeskanzler Christian Kern kam gerade einmal auf 240.000 Facebook-Fans. FPÖ ist auf Facebook breiter aufgestellt Facebook-Posts und Interaktionen von und auf Seiten der Regierungsmitglieder und der Bundesparteien, nach Partei(nähe). (Zeitraum: 10.3.2018 - 9.3.2019, berücksichtigte Seiten siehe Hinweis) Sonstige Seiten Parteiobmann 87% 88% ÖVP ÖVP Posts FPÖ FPÖ Posts Interaktionen Gesamt: Interaktionen Gesamt: Gesamt: 6.643 Gesamt: 11.737 3.684.432 11.558.765 Berücksichtigte Seiten: Parteiaccounts, Parteiobmänner, MinisterInnen, StaatssekretärInnen, Ministerien (exkl. Bundesheer), Generalsekretäre, Klubobmänner im Nationalrat (VP: 14, FP: 15 Seiten) Grafik: kies • Quelle: Crowdtangle Für den Erfolg der Kurz’schen Social-Media-Strategie sind vor allem zwei Personen verantwortlich: Kristina Rausch und Philipp Maderthaner. Sie gehören zum engsten Vertrautenkreis des Bundeskanzlers – und das seit einem Jahrzehnt. Rausch, heute 27, stieß schon im Alter von 17 Jahren zum Team des jetzigen Bundeskanzlers, der damals Obmann der Jungen ÖVP war. Sie folgte ihm zu all seinen Stationen: ins Staatssekretariat, ins Außenministerium, ins Bundeskanzleramt und nun wieder zurück in die Partei, wo sie die digitale Kommunikation leitet. Social Media sei ""passiert"" ""Es gab nie einen offiziellen Start, dass wir jetzt voll auf soziale Medien setzen"", sagt Rausch zum STANDARD. Vielmehr sei vieles ""passiert"" und habe sich langsam entwickelt. Das könnte auch daran liegen, dass rund um Kurz ein junges Team werkt – und der Chef selbst Social-Media-affin ist. ""Es ist definitiv ein Augenmerk, das Sebastian Kurz hat"", bestätigt Rausch, ""er nimmt sich auch Zeit dafür, ein Video für Facebook aufzunehmen."" Soziale Medien hätten für Kurz ""einen Stellenwert"", anders würde es auch nicht funktionieren: ""Das muss auch vom Chef kommen."" Mehr und spezifischere Interaktionen bei FP-Seiten Interaktionen mit Facebook-Posts auf Seiten der Regierungsmitglieder und der Bundesparteien, nach Partei(nähe). (Zeitraum: 10.3.2018 - 9.3.2019, berücksichtigte Seiten siehe Hinweis) Andere Angry Love Comments Shares Likes ÖVP FPÖ Interaktionen: Interaktionen: 3.684.432 11.558.765 Berücksichtigte Seiten: Parteiaccounts, Parteiobmänner, MinisterInnen, StaatssekretärInnen, Ministerien (exkl. Bundesheer), Generalsekretäre, Klubobmänner im Nationalrat (VP: 14, FP: Neben Rausch ist es vor allem Philipp Maderthaner, der den Onlineauftritt des Bundeskanzlers perfektioniert hat. Nach diversen Stationen bei der ÖVP gründete er 2012 sein ""Campaigning Bureau"", schon 2013 betreute er den Vorzugsstimmenwahlkampf des damaligen Staatssekretärs Sebastian Kurz; 2017 war er für die gesamte ÖVP-Kampagne verantwortlich. Für Maderthaner ist vor allem die Einbindung der Unterstützer wichtig. Mit dem ""Cam Buildr"" hat seine Firma ein eigenes Tool entwickelt, um Fans ""zu aktivieren"". Auch Rausch sieht in der täglichen Arbeit, wie wichtig es ist, Nutzer zur Mithilfe aufzufordern. ""Wenn wir konkret darum bitten, dass Menschen unsere Beiträge liken oder weiterleiten, sehen wir tausende Interaktionen, sonst vielleicht nur einige Hundert"", erzählt Rausch. Eine dieser Personen, die in sozialen Medien freiwillig und unbezahlt für die Sache von Kurz kämpft, ist Gabriele Beierl. Taucht ein kontroverser Tweet rund um Kurz oder die ÖVP auf, dauert es meistens nicht lang, bis Beierl sich zu Wort meldet. ""Ich komme aus einer hochpolitischen Familie, mein Vater war Sekretär bei Bundeskanzler Julius Raab"", erzählt Beierl dem STANDARD. Sie habe sich selbst auf kommunaler Ebene politisch engagiert, bis sie aufgrund einer schweren Krankheit in Pension ging. Dann fing sie verstärkt an, in sozialen Medien aktiv zu sein; recherchierte etwa über ein illegales Pyramidenspiel, das 2015 aufflog. Dann kam der endgültige Aufstieg von Sebastian Kurz, und Beierl war sofort begeistert und überzeugt von ihm. ÖVP setzt stärker auf Video, FPÖ auf Links Facebook-Posts auf Seiten der Regierungsmitglieder und der Bundesparteien, nach Partei(nähe) und Posting-Typ. (Zeitraum: 10.3.2018 - 9.3.2019, berücksichtigte Seiten siehe Hinweis) Status Posts Live Video Posts Link Posts Video Posts Photo Posts 362 1.034 4.811 4.073 3.391 1.845 2.527 ÖVP FPÖ Gesamt: Gesamt: 6.643 11.737 Berücksichtigte Seiten: Parteiaccounts, Parteiobmänner, MinisterInnen, StaatssekretärInnen, Ministerien (exkl. Bundesheer), Generalsekretäre, Klubobmänner im Nationalrat (VP: 14, FP: 15 Seiten) Grafik: kies • Quelle: Crowdtangle Jetzt betreut sie eine Facebook-Fanseite für Kurz und ist auf Twitter aktiv. Meistens mache ihr das Spaß, auch wenn sie es ""schon fast als Arbeit"" empfinde. Politischen Gegnern schreibt sie nur selten, auch der Tonfall in sozialen Medien macht ihr zu schaffen. Aber sie sei von Kurz ""überzeugt"" und wolle deshalb dessen Botschaft verbreiten. Zuerst die FPÖ, dann Kurz Beierl ist nicht die Einzige, die man als eine Art Kampfposterin für Kurz bezeichnen kann. Inzwischen engagieren sich zahlreiche User unentgeltlich für die Verbreitung der Anliegen der ÖVP. Vor dem Aufstieg von Kurz waren es vor allem die Freiheitlichen, die auf diese Art mobilisieren konnten. ÖVP setzt stärker auf Video, FPÖ auf Links Facebook-Posts auf Seiten der Regierungsmitglieder und der Bundesparteien, nach Partei(nähe) und Posting-Typ. (Zeitraum: 10.3.2018 - 9.3.2019, berücksichtigte Seiten siehe Hinweis) Status Posts Live Video Posts Link Posts Video Posts Photo Posts 362 1.034 4.811 4.073 3.391 1.845 2.527 ÖVP FPÖ Gesamt: Gesamt: 6.643 11.737 Berücksichtigte Seiten: Parteiaccounts, Parteiobmänner, MinisterInnen, StaatssekretärInnen, Ministerien (exkl. Bundesheer), Generalsekretäre, Klubobmänner im Nationalrat (VP: 14, FP: 15 Seiten) Grafik: kies • Quelle: Crowdtangle Die Partei entdeckte früh die Möglichkeiten sozialer Medien und baute ein eigenes Paralleluniversum auf, um ihre Botschaft unter die Leute zu bringen – etwa über parteinahe Blogs, die Youtube-Sendung FPÖ-TV oder natürlich Straches Facebook-Seite. Bei der ÖVP sah man derartige Aktivitäten lange als unnötig an – auch weil man es leichter hatte, in klassischen Medien vorzukommen. Verantwortlich sind für die Betreuung von Kurz’ Kanälen übrigens nur Rausch und ein zweiter Mitarbeiter. ""Man braucht schon Leute, die grundlegend von dieser Arbeit überzeugt sind"", sagt Rausch. Sie ist jedenfalls auf die Zukunft gespannt: ""Ich warte schon darauf, was nach Facebook und Co kommt – oder ob es jetzt immer so weitergeht.""",1
negativ,"Die allgemeine Stimmung des Artikels ist negativ, da die Regierungsfraktionen in Berlin das Treffen von Andrej Hunko mit Maduro als'skandalös', 'peinlich' und 'beschämend' bezeichnen. Die Kritik an Hunko und der Linkspartei ist überwältigend, und selbst der Grünen-Außenpolitiker Omid Nouripour wirft Hunko vor, sich von Maduro 'propagandistisch instrumentalisieren' zu lassen. Die Empörung ist auch durch die Worte von Johann Wadephul und Nils Schmid deutlich, die Hunko als 'politischen Handlanger' Maduros bezeichnen.",Bild_Facebook_Online_2,Zeitungsartikel Online,"SKANDALÖS“ UND „PEINLICH“ Empörung über Treffen von Linken-Politiker mit Maduro Der linke Bundestagsabgeordnete Andrej Hunko reicht Venezuela-Diktator Nicols Maduro freundlich die Hand Foto: dpa 26.04.2019 - 05:32 Uhr In Venezuela tobt seit Wochen ein Machtkampf zwischen Diktator Nicols Maduro (56) und dem vom Westen unterstützten Herausforderer Juan Guaid (35). Der Bundestagsabgeordnete Andrej Hunko (55, Linke) machte trotzdem dem Diktator seine Aufwartung, schüttelte ihm freundlich die Hand und posierte für gemeinsame Fotos. Das Treffen des Linken-Bundestagsabgeordneten Hunko mit Maduro hat für Empörung bei den Regierungsfraktionen in Berlin gesorgt. Der stellvertretende CDU/CSU-Fraktionschef Johann Wadephul nannte die Begegnung in Caracas „skandalös“, der SPD-Außenpolitiker Nils Schmid bezeichnete sie als „peinlich“. Das Treffen in Caracas fand bereits am Mittwoch statt Foto: dpa Der SPD-Politiker Schmid nannte es „beschämend, dass die Linkspartei immer noch einen Herrscher unterstützt, der die Demokratie in Venezuela zerstört und sein Land ins wirtschaftliche Verderben gestürzt hat“. „Mit diesem Besuch schlägt Hunko der unterdrückten Bevölkerung Venezuelas ins Gesicht und macht sich zum politischen Handlanger Maduros“, sagte Wadephul. Auch der Grünen-Außenpolitiker Omid Nouripour warf dem Linken-Abgeordneten vor, sich von Maduro „propagandistisch instrumentalisieren“ zu lassen. „Maduro ist kein linker Präsident, sondern ein schlimmer Kleptokrat, der sein Land und sein Volk ruiniert“, sagte er. Maduro befindet sich seit Monaten in einem erbitterten Machtkampf mit Parlamentspräsident Juan Guaid, der Maduro Wahlfälschung vorwirft, sich im Januar selbst zum Interimspräsidenten ernannt hat und von der Bundesregierung und anderen westlichen Staaten anerkannt ist. Parlamentspräsident Juan Guaid will die Dikatur von Maduro beenden Foto: YURI CORTEZ / AFP Die Regierung von Maduro treibt Venezuela seit Monaten ins Chaos - obwohl es dank seiner Ölvorkommen eines der reichsten Länder der Erde sein könnte. Aber Millionen Menschen fliehen aus dem Land vor Hunger, Arbeitslosigkeit und Unterdrückung. Hunko ist der erste Bundespolitiker, der Venezuela seit Beginn des Machtkampfes besucht. Er hält sich insgesamt elf Tage dort auf und will am Wochenende nach Deutschland zurückkehren. Das Treffen mit Maduro fand bereits am Mittwoch in der Hauptstadt Caracas statt. Hunko schrieb dazu auf Facebook, er habe bei dem „langen Austausch“ über die internationale Lage „die Solidarität mit dem venezolanischen Volk gegenüber Wirtschaftssanktionen und Kriegsdrohungen zum Ausdruck gebracht“. Zu seinen Gesprächspartnern in Caracas zählte aber auch Guaid. Das Auswärtige Amt erklärte, dass die deutsche Botschaft in Caracas Hunko zwar bei der Anfrage von einzelnen Terminen unterstützt und diese begleitet habe. „Dies gilt nicht für das Treffen mit Herrn Maduro“, fügte das Ministerium aber hinzu. Seine eigene Fraktion hatte Hunko vor der Reise über seine Absichten informiert. Der Linken- Außenpolitiker Stefan Liebich verwies darauf, dass es seinem Parteifreund gelungen sei, mit beiden Seiten zu sprechen. „Insofern habe ich daran keine Kritik, sondern bin gespannt, was er uns erzählt.“ Maduro schrieb auf Twitter: „Im Rahmen unserer Diplomatie des Friedens habe ich den deutschen Abgeordneten Andrej Hunko empfangen. Wir hatten ein wichtiges Treffen, um die Beziehungen zur Europäischen Gemeinschaft und den Respekt vor dem internationalen Recht zu stärken.“",-1
negativ,"Die Textstimmung ist insgesamt negativ, da die Landwirte, Schäfer, Jäger und andere Interessengruppen sich über die Wolfsrückkehr und die damit verbundenen Schäden beschweren. Sie fordern eine aktive Wolfsmanagement und die Schaffung von 'wolfsfreien Zonen', um ihre Interessen zu schützen. Die Kritik an der Bundesregierung und den Umweltschutzorganisationen ist auch negativ. Die einzigen positiven Stimmen kommen von der AfD und einigen einzelnen Politikern, die die Position des Bündnisses unterstützen.",SZ_Facebook_Online_58,Zeitungsartikel Online,"Agrar - Kobrow ""Wolfsfreie Weiden"": Viel Zustimmung für neues Wolfspapier Direkt aus dem -Newskanal Neubrandenburg/Schwerin (/mv) - Das neue Positionspapier zum Umgang mit dem Wolf im Nordosten, das 14 Verbände vorgestellt haben, stößt auf viel Zustimmung. Bundes- und Landespolitiker mehrerer Parteien hätten sich mit dem Ziel ""Wolfsfreie Weiden"" solidarisiert, sagte eine Sprecherin des Landesbauernverbands der Deutschen Presse-Agentur. ""Es wird höchste Zeit, dass wir vom bisher passiven zu einem aktiven Wolfsmanagement kommen"", erklärte die CDU-Agrarexpertin im Schweriner Landtag Beate Schlupp. Ähnlich äußerten sich die FDP, die AfD und der CDU-Bundestagsabgeordnete Philipp Amthor. Zum Bündnis gehören Bauern, Schäfer, Jäger, Waldbesitzer, Pferde- und Rinderzüchter, Fischer sowie der Verein Landurlaub. Sie sehen den Wolf nicht mehr als gefährdet an, weil die baltisch-osteuropäische Population schon aus rund 8000 Tieren bestehe. Dass sich ein Bündnis gebildet hat, ndet auch der Linken-Agrarexperte Wolfgang Weiß gut: ""Es zeigt, wie brennig die Situation inzwischen ist."" ""Bisher geht es beim Wolf nur um vorbeugenden Schutz, Beobachtung und Entschädigungen"", sagte Schlupp. Mecklenburg-Vorpommern und Deutschland müssten - wie in Schweden - sich ein Ziel in Form einer wissenschaftlich begründeten Maximalzahl vorgeben und für ""wolfsfreie Zonen"" sorgen. Anderenfalls drohten den Landwirten, Schäfern, Rinder- und Pferdezüchtern immer größere Lasten. ""Wir brauchen eine Koalition der Landbevölkerung gegen ideologische Balkon-Ökologen, die den ländlichen Raum nur vom Wochenendpicknick kennen"", erläuterte Amthor via Facebook. Es sollte SPD, Grünen und einigen Aktivisten zu denken geben, dass diejenigen, die in und mit der Natur leben, eine völlig andere Meinung zum Thema Wolf, Biber und Kormoran hätten, erklärte der FDP-Bundestagsabgeordnete Hagen Reinhold. Die 14 Verbände stünden für Zehntausende Landbewohner, die nicht verstehen könnten, warum Arten wie der Wolf unter strengem Schutz stünden, obwohl sie nicht bedroht seien. Die extensive und artgerechte Weidetierhaltung leide besonders. Laut Schlupp stellen die Behörden in Schweden sicher, dass der Wolfsbestand nicht über 270 bis 290 geschlechtsreife Tiere steigt. ""Wenn dort Wölfe in der Zone angetroen werden, die für Rentiere ""wolfsfrei"" gehalten werden soll, werden diese zuerst in andere Gebiete gebracht."" Klappe das nicht, würden sie auch geschossen, um den Bestand zu kontrollieren. Der Linken-Agrarexperte Weiß bezeichnete das Papier als gut. Allerdings könne es in Deutschland keine Insellösung geben. Die Bundesregierung habe den Weidetierhaltern bisher ihre Unterstützung versagt. Hier müsse sich die Gesellschaft schnellstens klar werden, wie sie zum Wolf stehe. Kritisch äußerte er sich zu den Begrien ""Wolfsfreie Weiden"". Das sei überzogen und klinge sehr nach ""national befreiten Zonen"", wie sie in der rechtsextremen Propaganda vorkommen. Die AfD-Fraktion begrüßte das Positionspapier. Die Landesregierung verstecke sich hinter den Vorgaben aus Brüssel und weiche eigener Verantwortung aus, meinte deren agrarpolitischer Sprecher Jürgen Strohschein. Wolfsfreie Regionen und die Jagd seien die einzige Möglichkeit, die Wolfsrückkehr mit Ansprüchen von Weidetierhaltern, Tourismus und generell der Menschen auf dem Lande vernünftig miteinander zu vereinbaren. Zuletzt hatten Wölfe in Borken (Landkreis Vorpommern-Greifswald) sogar einen 1,80 Meter hohen Zaun samt Elektrolitze überwunden und Tiere einer Damwildherde gerissen.",0
,,STD_Facebook_Online_92,Zeitungsartikel Online,"Startseite › Inland › Parteien RECHTSEXTREMISMUS FPÖ-Politiker in geheimer Facebook-Gruppe mit Neonazis Nächste Enthüllung über Facebook-Aktivitäten zahlreicher Abgeordneter Fabian Schmid 14. März 2019, 16:25 573 Postings FPÖ-Generalsekretär Christian Hafenecker, selbst in der Gruppe ""FPÖ Seitenadministratoren"" aktiv, kündigt baldige Enthüllungen über ""rot-grünes Dirty Campaigning"" an. Foto: APA/Schlager Die Affäre um die Facebook-Aktivitäten freiheitlicher Politiker weitet sich aus. Nachdem der STANDARD am Sonntag über die Mitgliedschaft zweier Abgeordneter bei der antisemitischen Gruppe ""Deutsches Reich"" berichtet hat, rückt nun eine weitere geheime Facebook-Gruppe mit dem Namen ""FPÖ Seitenadministratoren"" in den Fokus. Sie wurde 2014 gegründet, in den folgenden Jahren landeten zahlreiche prominente FPÖ-Politiker in ihr. Auch ausgeschlossene Parteimitglieder wie Markus R., der eine neonazistische Band teilte, sowie Weggefährten des mehrfach verurteilten Neonazis Gottfried Küssel tummelten sich unter den 550 Mitgliedern. WER B U N G Teils sind die Politiker aktiv beigetreten, teils wurden sie hinzugefügt. Bei den Administratoren handelt es sich auch um Personen, die selbst in der FPÖ aktiv sind, etwa eine steirische Gewerkschafterin, die im April 2017 auf Facebook von der ""Züchtung von Tiermenschen"" durch die Rockefeller- Stiftung mit dem Ziel der ""Flutung der Kulturstaaten"" sprach. Gegründet wurde die Gruppe von einem auf Facebook höchst aktiven FPÖ-Fan, der schon für die FPÖ Liesing kandidierte. Antisemitische Beiträge In der Gruppe werden Links aus zum Teil rechtsextremen Quellen geteilt. Aber auch verhetzende und antisemitische Inhalte sind massenhaft auffindbar, wie Stoppt die Rechten dokumentierte. Dennoch posteten gleichzeitig FPÖ-Politiker in die Gruppe, in der sich Nationalrats- und Landtagsabgeordnete sowie Lokalpolitikern fanden. Aktiv schrieb etwa im Jahr 2015 der jetzige FPÖ-Generalsekretär Christian Hafenecker. Er gibt an, das nun zum Anlass genommen haben, seine Gruppenmitgliedschaften zu prüfen. Allerdings vermutet er ""Agents Provocateurs"" und ""False Flag""-Aktionen. Er werde demnächst ""spannende Informationen"" dazu publizieren. Auch die Abgeordnete Edith Mühlberghuber, die in der Gruppe ""Deutsches Reich"" unterwegs war, teilte Beiträge. Als der ""Falter"" am Montag bei der FPÖ nachfragte, was es mit der Gruppe auf sich habe, wurde sie plötzlich gelöscht.",-1
negativ,"Der Text beschreibt eine Shitstorm-Debatte im Netz, bei der die FPÖ-Fans gegen Bundeskanzler Sebastian Kurz vorgehen. Die FPÖ wirft Kurz 'Machtrausch' vor und mobilisiert Nutzer, die ihn kritisch kommentieren. Die Kommentare auf Kurz' Facebook-Seite sind überwiegend verärgert und stammen vorwiegend von FPÖ-Fans. Die Entlassung von Kickl wird auch kritisch gesehen.",STD_Facebook_Online_42,Zeitungsartikel Online,"› Debatten im Netz Shitstorm? FPÖ-Fans attackieren Kurz nach Ibiza-Skandal 24. Mai 2019, 10:37 502 Die Partei und ihre (Ex-)Politiker werfen ÖVP-Chef Sebastian Kurz seit Tagen ""Machtrausch"" vor – und mobilisierten so Nutzer Seit seinem Rücktritt tobt Ex-Vizekanzler Heinz-Christian Strache (FPÖ) in sozialen Medien. Achtmal bearbeitete er ein Statement zu dem Ibiza-Video, durch das bekannt geworden war, dass der damalige FPÖ-Chef Staatsaufträge gegen eine Parteifinanzierung in Aussicht stellte. In später verworfenen Versionen des Facebook-Beitrags sprach Strache etwa noch von Dirty Campaigning ""aus dem Ausland"". In einem Video- Statement spricht er von einem rechtswidrig erstellten Video foto: apa/helmut fohringer ""unter Mitwirkung von Lockvögeln"". ""Die Gedanken sind frei"", so Strache – denn es habe sich nur um ""Gedankenspiele"" Facebook gehandelt. USD 181,06 0,11% Kurz' ""Machtrausch"" Doch auch in den offiziellen Facebook-Auftritten von Ex- Innenminister Herbert Kickl und der FPÖ selbst wird dem Ärger freier Lauf gelassen. Dort wirft die FPÖ Bundeskanzler Sebastian Kurz (ÖVP) vor, ""eine wirklich gute Zusammenarbeit"" (Norbert Hofer im ORF) ruiniert zu haben, da er sich im Machtrausch befinde. Mit ""Ist das Demokratie?"" und ""Einfach unfassbar ..."" werden solche Sujets getextet. FPÖ on Tuesday Sehr geehrter Herr Kurz! War es das wirklich wert? #jetzterstrecht 3.6K 405 1.3K ""Erfolgreichen Kurs eiskalt zerstört"" In einem Facebook-Posting spricht die Partei zudem von einem ""Mega-Shitstorm"" auf Kurz‘ Facebook-Seite, da er den ""erfolgreichen Reformkurs eiskalt zerstörte"", heißt es. Ein Blick auf das Profil des Kanzlers zeigt – wohl auch aufgrund der vielen kritischen Beiträge der FPÖ – tatsächlich zahlreiche verärgerte Kommentare. Sie stammen vorwiegend, wie die Accounts der Nutzer offenbaren, von FPÖ-Fans. Neben ""Erbrech""-Emojis findet sich massenhaft Kritik an Kurz' Vorgehen, viele User verteidigen Straches Verhalten. Vor allem aber die Entlassung von Kickl stößt sauer auf – wohl auch angetrieben durch die tagelange Kampagne des Ex- Innenministers auf der eigenen Facebook-Seite.",-1
negativ,"Der Text beschreibt eine Situation, in der die Ex-Agrarministerin Christina Schulze Föcking wiederholt die Polizei alarmiert, diesmal wegen eines neuen 'Cyberangri' auf ihr Heimnetzwerk. Die Ermittler haben jedoch Zweifel an der Richtigkeit ihrer Aussagen, da sie in der Vergangenheit bereits eine ähnliche Situation falsch beschrieben hatte. Die SPD-Abgeordnete Sarah Philipp kritisiert die Ex-Ministerin für ihre Handlungen und fragt, warum sie den angeblichen 'Cyberangri' erst 4 Monate später der Polizei meldet. Die allgemeine Stimmung des Textes ist daher negativ.",SZ_Twitter_Online_85,Zeitungsartikel Online,"Kriminalität - Düsseldorf Schulze Föcking berichtet Polizei von neuem ""Cyberangri"" Direkt aus dem -Newskanal Düsseldorf (/lnw) - Fast genau ein Jahr nach der vermuteten Hacker- Attacke auf ihren Fernseher hat Ex-Agrarministerin Christina Schulze Föcking wieder die Polizei alarmiert. Den Beamten berichtete die nordrhein-westfälische CDU-Abgeordnete dabei auch von einem neuen ""Cyberangri"" auf ihr Heimnetzwerk. Das geht aus einer internen Polizeimitteilung (""Wichtiges Ereignis/WE"") hervor, die der Deutschen Presse-Agentur vorliegt. Der WDR hatte zuerst berichtet. Laut der internen Mitteilung meldete sich Schulze Föcking am 28. Februar, also Weiberfastnacht, telefonisch bei der Kriminalpolizei, weil sie eine beleidigende E-Mail erhalten habe. Sie erstattete Anzeige. Laut WE- Meldung sagte die Abgeordnete dann aber auch, sie wolle ""die örtliche Polizeibehörde über den Stand ""ihrer Verfahren"" informieren."" Den Ermittlern berichtete sie demnach von juristischem Ärger mit Tierrechtlern und schließlich von einer zweiten ""Cyberattacke"" auf ihr Heimnetzwerk zwei Tage vor ihrer Anhörung im Parlamentarischen Untersuchungsausschuss. Dabei sei erneut ein Film auf den Fernseher ""eingespielt"" worden, heißt es in dem internen Polizeiprotokoll. Die Beamten gaben den gesamten Vorgang an den Staatsschutz weiter und informierten das Landeskriminalamt. Schulze Föcking sagte der am Sonntag, dass sie der Polizei im Sinne ""einer vollständigen Auskunft"" auch von ""einer einmaligen"" und ""nicht erklärlichen Funktionsweise eines Fernsehgeräts"" berichtet habe. Im Polizeiprotokoll schrieben die Polizisten auf, sie habe von einem ""Cyber- Angri"" gesprochen. Als Agrarministerin hatte Schulze Föcking im März 2018 eine Attacke auf ihr heimisches Netzwerk gemeldet, die in Wahrheit ein Bedienungsfehler innerhalb der Familie war. Dazu tagt zurzeit ein Parlamentarischer Untersuchungsausschuss, in dem am kommenden Freitag unter anderem der LKA-Chef und der Chef der Staatskanzlei befragt werden sollen. Die SPD-Abgeordnete Sarah Philipp reagierte beim Internet-Dienst Twitter auf die neue Entwicklung, schrieb dort: ""Alles sehr konfus und merkwürdig. De facto bleibt die Frage, warum die Ex-Ministerin den weiteren angeblichen ""Cyberangri"" bei ihrer Befragung im Untersuchungsausschuss unerwähnt lässt und erst 4 (!) Monate später der Polizei meldet?""",-1
negativ,"Der Artikel beschreibt eine enge Verflechtung zwischen der FPÖ und der Identitären-Bewegung in Österreich. Es wird erwähnt, dass einige FPÖ-Politiker und Funktionäre Kontakte zu Identitären haben, teilnehmen an ihren Veranstaltungen und sich mit ihnen solidarisieren. Der Artikel kritisiert auch die FPÖ für ihre Nähe zu rechten Gruppen und die mangelnde Distanzierung von der Identitären-Bewegung. Die Tonalität des Artikels ist kritisch und ablehnend gegenüber der FPÖ und ihrer Verflechtung mit der Identitären-Bewegung.",STD_Facebook_Online_85,Zeitungsartikel Online,"› Inland › FPÖ Die Verflechtung der Freiheitlichen mit Identitären ist enger als bisher bekannt VIDEO 1486 COLETTE M. SCHMIDT, FABIAN SCHMID, STEFANIE RUEP, MARKUS ROHRHOFER, STEFFEN ARORA 3. April 2019, 10:56 Während Kanzler Sebastian Kurz eine klare Distanzierung der FPÖ von den Identitären fordert, sind die Verbindungen durch Institutionen und Personen eng ""Wer sich distanziert, verliert"", schreibt das rechtsextreme Magazin ""Info-Direkt"" in seiner aktuellen Ausgabe über einer Collage, die ein Boot zeigt. In diesem sitzen unter anderem Kanzler Sebastian Kurz (ÖVP), Vizekanzler Heinz-Christian Strache (FPÖ), der stellvertretende oberösterreichische Landeshauptmann Manfred Haimbuchner (FPÖ) und Martin Sellner, seines Zeichens Chef der Identitären, gegen den foto: apa Terrorermittlungen laufen. ""Wir Patrioten sitzen in einem Boot Demonstrationszug in Linz gegen den Kongress der mit Martin Sellner"", heißt es da. In derselben Ausgabe findet ""Verteidiger Europas"", einem Vernetzungstreffen der sich ein ganzseitiges Inserat der Stadt Linz mit dem Bild von europäischen rechten Szene. 2016 nahm auch der heutige Innenminister Herbert Kickl (FPÖ) als Redner Detlef Wimmer, bis vor kurzem FPÖ-Vizebürgermeister, sowie daran teil. ein halbseitiges FPÖ-Inserat. Das Magazin gehört zu 30 Prozent Ulrich Püschel, der ist Büroleiter des Linzer Verkehrsstadtrats Markus Hein (FPÖ). Püschel nahm an Demos teil, die von Identitären mitorganisiert wurden. Er sei aber ""weder Funktionär noch Mitglied"", sagte Püschel vergangenes Jahr dem STANDARD dazu. Medien der Rechten Auch das FPÖ-nahe Onlinemedium unzensuriert.at rückte in den letzten Tagen zur Verteidigung von Martin Sellner aus. Der orf ehemalige Chefredakteur von ""Unzensuriert"", Alexander Höferl, FPÖ-Klubobmann Walter Rosenkranz spricht über das ist heute im Kabinett von Innenminister Herbert Kickl (FPÖ), wo Verhältnis der FPÖ mit den Identitären in Österreich. Er er sich mit Kommunikationsstrategien beschäftigt. Während also persönlich kenne keine Mitglieder der Identitären. der Bundeskanzler klare Kante von seinem Koalitionspartner fordert, hält man über parteinahe Medien weiter zu den Identitären. ""Alles Roger"", das Texte des ehemals führenden Identitären Alexander Markovics publiziert und Interviews mit zahlreichen Identitären und FPÖ-Ministern abdruckte, wurde auch mit Inseraten der FPÖ bestückt. Eine ehemalige Mitarbeiterin der FPÖ-Sozialministerin Beate Hartinger-Klein ist dort Chefredakteurin. Thomas Hüttner, ein Fachreferent bei Hartinger-Klein, ist indes Schriftleiter beim rechten Blatt ""Eckart"", für das auch Markovics schrieb. quelle: standard/kienzl/leitner Persönlicher Referent Hartinger-Kleins ist Dominic Keuschnig, der Verbindungen zu Identitären hat und mit 22 Jahren auch Parteifunktionen in Kärnten hat. Im Außenministerium arbeitet Jürgen-Michael Kleppich, der wegen Facebook-Fotos mit Identitären-T-Shirts aus Israel zurückbeordert wurde. Auch in Straches Sportministerium ist ein Mann am Werken, der mit Identitären marschierte und mit ihnen den Kongress ""Verteidiger Europas"" besuchte. Auf diesem sprach auch Innenminister Kickl das Publikum als ""Gleichgesinnte"" an. Mit Strache und Identitären in der Südsteiermark wurde auch Verteidigungsminister Mario Kunasek (FPÖ) gesehen. Vermieter und Gemeinderat Aufgrund der Verflechtung von Identitären, Parteifunktionären und FPÖ-Mandataren quer durchs Land würde sich eine klare Distanzierung, wie sie nun Kurz gefordert hat, wohl schwierig gestalten. In Graz ist mit dem ehemaligen ""Aula""-Herausgeber Heinrich Sickl der Vermieter der Identitären-Zentrale ein FPÖ- Gemeinderat, der auch selbst auf Identitären-Demos war. Letzteres hat er mit dem Grazer Vizebürgermeister Mario Eustacchio und dem Dritten Landtagspräsidenten in der Steiermark, Gerhard Kurzmann, (beide FPÖ) gemein. In Graz stieg 2016 bei einer Aktion der Identitären der damalige Bezirksobmann von Graz-Lend, Luca Kerbl, auf das Dach der Grünen-Parteizentrale. quelle: standard/kienzl/leitner Auch in den Reihen der parlamentarischen Mitarbeiter gibt es Vernetzungen zur Identitären-Bewegung. Bernadette C. marschierte bei Identitären-Demos mit, schrieb für ""Zur Zeit"" und landete dann im Parlament. Beim Abgeordneten Axel Kassegger arbeitet Siegfried W., der als Sprecher bei Identitären-Demos auftrat. In Linz gibt es identitäre Verbindungsmänner im Büro des Landeshauptmannstellvertreters Haimbuchner und in der Stadtregierung. Wie berichtet, teilen sich die Burschenschaft Arminia Czernowitz, der viele FPÖ-Politiker angehören, und das identitäre Khevenhüller-Zentrum ein Gebäude – die Villa Hagen. In Salzburg nahm der Gemeinderat und Stadtobmann der FPÖ, Andreas Reindl, an einer Demo teil. Reindl meinte später, sei aus Versehen auf der Demo gewesen. Der Salzburger Identitären-Chef Edwin Hintsteiner sagte aber, er sei auf seine Einladung gekommen. Hintsteiner selbst war beim RFJ, wurde aber 2012 ausgeschlossen. Seite an Seite In Tirol gab es immer wieder Verbindungen von der freiheitlichen Jugendorganisation zu den Identitären. Seite an Seite mit der Organisation demonstrierte 2016 der FPÖ-Stadtparteichef Rudi Federspiel gegen ein geplantes Flüchtlingsheim. Außerdem werkt im Hintergrund noch Werner Königshofer, der einst wegen einschlägiger Facebook-Postings aus der FPÖ ausgeschlossen worden war. Der Tiroler Investigativblogger Markus Wilhelm veröffentlichte eine E-Mail, die Kontakte zwischen Königshofer und den Identitären zeigt. Königshofer trat auch nach seinem Parteiausschluss beim freiheitlichen Seniorenring auf. quelle: standard/kienzl/leitner Im Burgenland warb der RFJ nicht nur offen für Identitären- Veranstaltungen, es gab auch personelle Überschneidungen. Diese sind gerade in den Jugendorganisationen der Blauen, also dem RFJ und dem Ring Freiheitlicher Studenten (RFS), sehr hoch. Öffentlich sichtbar wird so etwas oft bei Infoständen oder Stammtischen. Bei einem RFJ-Stammtisch war es auch, dass Identitäre und der Wiener FPÖ-Vizebürgermeister Dominik Nepp zusammen saßen. Jene Gemeinden, in denen Identitäre für die FPÖ Mandate hielten, aber mittlerweile aus der Partei ausgeschieden sind, wurden in der grafischen Darstellung der Verflechtungen nicht angeführt.",0
,,Heute_Facebook_Online_72,Zeitungsartikel Online,"Leonding hat nun erstmals eine Bürgermeisterin In Leonding wurden am Sonntag nicht nur EU-Wahlen abgehalten, sondern auch Bürgermeister-Wahlen standen an. Und die brachten ein klares Ergebnis. Sabine Naderer-Jelinek gewann die Bürgermeisterwahl in Leonding. (Bild: SPÖ/Erwin Wimmer) ein aus i Es war nicht alles schlecht für die SPÖ an diesem Sonntag, wenigstens auf lokaler Ebene konnte man einen Sieg verbuchen. In Fehler gesehen? der viertgrößten Stadt Oberösterreichs Leonding (Bez. Linz-Land, 29.000 Einwohner) gewann Sabine Naderer-Jelinek (38, SPÖ) die Wahl, sie folgt damit Walter Brunner, der schon im März abgetreten war. Und Sabine Naderer-Jelinek gewann die Wahl überraschend klar und vor allem schon im ersten Wahlgang. Sie setzte sich mit 51,01 Prozent gegen ihre vier männlichen Mitbewerber durch. Ihr Vorgänger musste 2015 noch in eine Stichwahl geben. Franz Bäck von der ÖVP kam auf 19,97 Prozent. Auf Platz drei kam Sven Schwerer von den Grünen (13,74 Prozent), noch vor FPÖ-Kandidat Peter Hametner (12,31 Prozent). Markus Prischl von den Neos kam nur auf 2,97 Prozent. Auf Facebook bedankte sie sich für das Vertrauen: Auch Parteichefin Birgit Gerstorfer gratulierte: ""Was für ein toller Erfolg! Ich gratuliere Sabine Naderer-Jelinek von ganzem Herzen und freue mich riesig mit ihr. Die neue Stadtchefin steht für eine Politik, bei der stets die Menschen und deren Anliegen im Vordergrund stehen."" 1/50 27.05.2019: So hat Österreich bei der EU-Wahl gestimmt: Die ÖVP geht als großer Sieger hervor. Alle Details lesen Sie hier",1
neutral,"Das Interview mit Klaus Herrmann, Chefredakteur der 'Kronen Zeitung', ist neutral, da es sowohl positive als auch negative Aspekte der Zeitung und ihrer Politik aufzeigt. Herrmann betont die Unabhängigkeit der Zeitung und ihre Bereitschaft, kritisch über die FPÖ und ihre Politiker zu berichten. Andererseits zeigt er auch, dass die Zeitung oft politische Aspekte in ihre Berichterstattung einbezieht und dass sie sich nicht immer an die journalistischen Standards hält. Die 'Krone' wird als eine Zeitung beschrieben, die sich bemüht, ihre Leserinnen und Leser nicht zu depressiv zurückzulassen, aber auch als eine Zeitung, die oft rassistische und nationalistische Tendenzen zeigt. Insgesamt bleibt die Stimmung des Interviews neutral, da es sowohl positive als auch negative Aspekte der Zeitung aufzeigt.",STD_Facebook_Online_28,Zeitungsartikel Online,"Heinz-Christian Strache hält die Leser der ""Krone"" für blöd, sagt deren Chefredakteur INTERVIEW 352 HARALD FIDLER 26. Mai 2019, 13:39 Klaus Herrmann über Ibiza-Gate, Regierungsinserate, Sebastian Kurz und eine anständigere ""Krone"" 2020 Wie geht es einem jener drei, vier ""Krone""-Journalisten, die Heinz-Christian Strache vielleicht ""zack, zack, zack abservieren"" wollte? Wenn die ""scharfe"" Dame tatsächlich eine russische Oligarchennichte gewesen wäre, mit der der damalige FPÖ- Chef am 24. August 2017 in einer Finca auf Ibiza ausgiebig trank und plauderte und Pläne für die Übernahme der ""Kronen Zeitung"" besprach – wie das heimlich aufgenommene Ibiza- Gate-Video dokumentiert. Unabhängigkeit, Regierungsinserate und Kampagnen DER STANDARD traf am Freitag ""Krone""-Chefredakteur Klaus Herrmann zum Interview über das Strache-Video. Es ging um die auf der gedruckten ""Krone"" seither noch größer foto: robert newald geschriebene Unabhängigkeit, die nun auch Krone.at ""Jetzt muss man sicher Kurskorrekturen vornehmen, hervorhebt. Um Politiker, die Österreichs weitaus größte bedachter und bewusster und vielleicht auch noch Tageszeitung übernehmen wollten – was laut Herrmann gar anständiger sein."" ""Krone""-Chefredakteur Klaus nicht so einfach ist. Um Regierungsinserate und die Käuflichkeit Herrmann über Besserungsmöglichkeiten. des Kleinformats. Um die ""Krone""-Kampagnen und die Beziehung zur FPÖ. Haider, Faymann, Kurz Es ging um die Lieblinge des Massenblatts von Jörg Haider über Werner Faymann bis Sebastian Kurz – und jäh erkaltende Zuneigung. Es ging um die Zweimarkenstrategie der ""Krone"" – Krone.at arbeitete eng mit Strache und seiner Facebook-Seite zusammen, die gedruckte ""Krone"" war längst viel begeisterter von Sebastian Kurz. Es ging um die ""Krone""-Appelle gegen den Misstrauensantrag gegen Kanzler Kurz. Und um Brachialkolumnist Michael Jeanne, der in seiner ""Post"" ""durchaus nicht immer"" die Meinung der Redaktion vertritt – und auch nicht (immer) jene von ""Krone""-Chefredakteur Herrmann. Herrmann ist seit 1. Oktober 2015 geschäftsführender Chefredakteur der ""Kronen Zeitung"" – damals übersiedelten ""Krone""-Herausgeber und -Chefredakteur und Eigentümervertreter Christoph Dichand und seine Frau, ""Heute""- Herausgeberin Eva Dichand, für ein Sabbatical von einigen Monaten nach New York. ""Jetzt muss man Kurskorrekturen vornehmen"" Und es ging in dem Interview darum, dass die ""Kronen Zeitung"" laut ihrem Chefredakteur Klaus Herrmann ""noch anständiger"" werden soll: ""Jetzt muss man sicher Kurskorrekturen vornehmen, bedachter und bewusster und vielleicht auch noch anständiger sein."" Selbst der Presserat sei Thema, sagt er im STANDARD-Interview. Die ""Krone"" sprengte das Selbstkontrollorgan der österreichischen Presse 2002 und ignoriert ihn seit seiner Wiedergründung 2010. Was dachte ""Krone""-Chefredakteur Herrmann also, als er das Ibiza-Gate-Video erstmals sah – in einer Runde führender ""Krone-Macher"", Herausgeber Christoph Dichand war offenbar darunter? ""Verrückt, verrückt, verrückt."" Hier das – ausführliche – STANDARD-Interview mit Krone-Chefredakteur Herrmann: *** STANDARD: Haben Sie mehr aus dem Ibiza-Video als jene Sequenzen, die ""Süddeutsche"" und ""Spiegel"" bisher veröffentlicht haben? Die ""Krone"" schreibt ja zum Beispiel in der Freitagausgabe von ""kompromittierenden Szenen"" gegen Ende des Videos. Herrmann: Wir haben viele Informationen drumherum, es tröpfelt nicht nur, es fließen Informationen zu uns. Wir müssen natürlich sehr genau prüfen, was dran ist. Wir oder andere werden das schon ganz aufdecken. Wir arbeiten jedenfalls daran. Noch sind wir nicht ganz durch. Wir haben es noch nicht. STANDARD: Wurde Ihnen das Video eigentlich vor der Veröffentlichung am vorvergangenen Freitagabend angeboten? Nach unseren Infos wurde nach damaligem Stand ein Video schon vor Jänner 2019 angeboten mit der Beschreibung, Heinz- Christian Strache und Johann Gudenus würden sich darin mit Russen berauschen. Herrmann: Uns wurde das definitiv nicht angeboten. Auch nach unseren Informationen war das Video im Jänner oder noch früher auf dem Markt. Aber wir waren nicht involviert. STANDARD: Seit wann wissen Sie von dem Video? Herrmann: ""Spiegel"" und ""Süddeutsche Zeitung"" haben auch bei uns recherchiert, deshalb wussten wir davon seit Anfang der vorigen Woche. Da hat man uns aber auch nur gröbsten Einblick gegeben. Wir haben deshalb aber gewusst, dass am Freitag um 18 Uhr etwas veröffentlicht wird, bei dem es um die FPÖ geht – und um die ""Kronen Zeitung"" gehen könnte. STANDARD: Und dann haben Sie sich das Video mit Herausgeber Christoph Dichand und einer Handvoll Kollegen in Ihrem Büro angesehen. Was denkt man da als ""Krone""-Macher? Herrmann: ""Wahnsinn"" ist unter diesen fünf, sechs Leuten in den ersten Minuten sicher zehn-, zwanzigmal gefallen. Mir war in der ersten halben Minute klar, und wahrscheinlich auch allen anderen: Das muss das Ende des Heinz-Christian Strache sein. STANDARD: Das haben wahrscheinlich mehr Leute bei diesem Video gedacht. Aber in dem Video geht es ja um Sie und Ihren Job und Ihr Medium. Herrmann: Verrückt, verrückt, verrückt. Wir konnten uns nicht vorstellen, dass man so denken kann, dass man solche Ideen haben kann, so absurde, so wahnsinnige Ideen, die uns in unserer Existenz bedrohen oder sogar vernichten würden – zack, zack, zack, um Strache zu zitieren. STANDARD: Wären Sie einer von den drei, vier ""Krone""- Journalisten gewesen, die Strache sofort ""abservieren"" wollte? Herrmann: Diese Ehre nehme ich für mich schon in Anspruch. STANDARD: Eine zweifelhafte Ehre, oder? Herrmann: Das würde ich dann schon als Ehre sehen. Das Ganze ist so absurd. Die ""Krone"" und ihre Redaktion einfach zu übernehmen, das ginge eben nicht ""zack, zack, zack"", indem man drei, vier Köpfe austauscht. Dann wäre die ""Kronen Zeitung"" gestanden. Davon kann man mit Sicherheit ausgehen. STANDARD: Das heißt, die ""Kronen Zeitung"" hätte sich gewehrt. Herrmann: Die ""Kronen Zeitung"" hätte sich mit aller Kraft gewehrt. Es ist gänzlich undenkbar, dass man da bei uns mitgespielt hätte. STANDARD: Sie als Journalist haben mit Heinz-Christian Strache vermutlich schon das eine oder andere Mal zu tun gehabt. Haben Sie nicht vielleicht schon früher vermutet: Der denkt so oder so ähnlich über mich? Herrmann: Nein. Ich konnte mir nicht vorstellen, dass jemand solche Gedanken hegt und und sie sogar verfolgt und darüber Gespräche führt. Wie kann man solche Ideen nicht nur haben und dann auch noch verfolgen? Das ist ungeheuerlich. STANDARD: Gerade die ""Kronen Zeitung"" hat doch einen wesentlichen, vielleicht entscheidenden Beitrag geleistet, dass die FPÖ so groß geworden ist – in einem Gleichklang von Ideen, Zugängen, Politik. Hat die ""Krone"" Herrn Strache womöglich vermittelt: Wir haben ohnehin die gleichen Ziele, da ist die Übernahme nur der Vollzug eines großen Gleichklangs, einer großen Liebesbeziehung? Herrmann: Uns wurde von vielen Medien über Jahre eine zu große Nähe zur FPÖ zugeschrieben. Die FPÖ hat das offenkundig nicht so wahrgenommen – sonst hätte Strache nicht so abstruse Projekte verfolgt, die ""Krone"" zu übernehmen und ""zack, zack, zack"" auf FPÖ-Kurs zu bringen. All diese Überlegungen beweisen unsere Unabhängigkeit. Ja, wir haben all die Jahre auch immer wieder positiv über die FPÖ berichtet und haben uns damit vom Mainstream unterschieden. Aber ich erinnere mich auch an viele kritische Berichte, Kommentare über die FPÖ. Ich denke zum Beispiel an den Kommentar eines Kollegen vor wenigen Wochen, der diese FPÖ als nicht regierungsfähig bezeichnet hat. Das hat für einige Aufregung in den Medien gesorgt, das könne man nicht sagen, und schon gar nicht die ""Krone"" – auch seltsam. STANDARD: Autor war Claus Pandi, bis Herbst Innenpolitikchef, nun Chefredakteur der Salzburg-""Krone"". Herrmann: Wir haben auch außerordentlich kritisch über den Braunauer Vizebürgermeister berichtet und sind für klare Entscheidungen und Sauberkeit eingetreten. Ich kann an viele kritische Beiträge erinnern ... STANDARD: Die ""Krone"" bewegt sich in den vergangenen Jahren schrittweise weg von der FPÖ und auch von lange die ""Krone"" prägendem, sehr weit rechtem Gedankengut – das etwa der langjährige Kolumnist ""Staberl"" noch sehr explizit vertrat. Sie entfernt sich davon vielleicht auch, weil die alten Fans immer weniger werden. Herrmann: Vor dem Büro des Herausgebers und in manchen Bundesländerredaktionen hängen noch jene Deix-Karikaturen, die den Bruch zwischen Hans Dichand und Jörg Haider zum Ausdruck bringen. STANDARD: Hans Dichand wollte die FPÖ weiter in der Opposition und nicht in der Regierung, schon gar nicht mit Kanzler Wolfgang Schüssel. Herrmann: Das war tatsächlich eine ""Krone""-Kampagne gegen die erste ÖVP-FPÖ-Regierung ab 2000 – aber keine erfolgreiche, STANDARD: Heinz-Christian Straches ""Krone""- Übernahmefantasien 2017 könnten auch aus einer Kränkung entstanden sein: Die ""Kronen Zeitung"" hatte einen neuen Helden, Sebastian Kurz. Der versteht sich auch auf das Repertoire und die Themen der ""Kronen Zeitung"" und wohl auch weiter Teile der Bevölkerung, zum Beispiel Migration und Zuwanderung. Da sah Heinz-Christian Strache womöglich seine Felle davonschwimmen – und wollte seinen Partner mit Gewalt zurückholen. Herrmann: Interessantes Gedankenspiel, das hatten wir noch nicht. Das würde aber nichts anderes heißen als eine Affäre, eine Eifersuchtsgeschichte, weil wir ... STANDARD: ... einen anderen haben, der noch dazu gesellschaftsfähiger ist als die FPÖ. Herrmann: Verschmähte Liebe ... STANDARD: ... das treibt Menschen zum Äußersten. Herrmann: In den Kopf des Heinz-Christian Strache konnte ich nicht hineinschauen ... STANDARD: Möchte man vielleicht auch nicht, man hat mit dem Video ohnehin vielleicht zu viel davon mitbekommen. Herrmann: Mir ist am ""Runden Tisch"" im ORF am Samstag der Ausdruck ""Schwachköpfe"" über die Herren Strache und Gudenus unbedacht entfleucht. Aber dazu stehe ich. Schon möglich, dass in deren – ich wäre fast geneigt zu sagen: kranken – Gehirnen auch das eine Rolle gespielt hat. STANDARD: Die ""Krone"" hatte in den vergangenen Jahren eine Zweimarkenstrategie. Die gedruckte Zeitung war sehr begeistert von Sebastian Kurz. Krone.at hatte ein, sagen wir, sehr gutes Verhältnis, eine sehr gute Zusammenarbeit mit Heinz-Christian Strache und seiner Facebook-Seite. Richard Schmitt, der Krone.at als Chefredakteur großgemacht hat, hat selbst in einem Interview vor einigen Jahren gesagt: Wenn Strache unsere Inhalte teilt, dann steigert das markant die Zugriffe; Krone.at lieferte die passenden Inhalte, und Strache teilte sie wie keine anderen Medieninhalte. Teilen Sie den Befund dieser Zweimarkenstrategie? Herrmann: Als Strategie würde ich das nicht unbedingt bezeichnen. Die Onlineredaktion hat bisher relativ autonom agiert, und so hat sich das ergeben. STANDARD: Kommen wir zurück zu Heinz-Christian Straches ""Krone""-Träumen ... Herrmann: Für uns Albträume. STANDARD: Strache steht damit eigentlich am vorläufigen Ende einer langen Reihe von Politikern der SPÖ und der ÖVP, die versucht haben, Anteile an der ""Kronen Zeitung"" zu bekommen oder, ganz am Anfang, zu behalten. Die Wiedergründung der ""Krone"" 1959 hat der damalige SPÖ- Politiker Franz Olah ermöglicht – offenbar als heimlicher Anteilseigner. Liegt die politische Sehnsucht nach Eigentum am Machtfaktor ""Krone"" nicht schon in ihrer DNA? Herrmann: Tatsächlich begleitet das die ""Krone"" von ihrer Geburt an. Das hat sicher mit Machtgelüsten zu tun. Die ""Krone"" war anscheinend schon vor 60 Jahren Objekt der Begierde – und war das dann immer wieder. Nur haben wir diese Begierden nie erfüllen können und vor allem nicht wollen. Familie Dichand und die Redaktion konnten sich immer erfolgreich dagegen wehren. STANDARD: Soll Politik Medien machen? Herrmann: Nein. Natürlich nicht. Politik hat nichts in den Medien verloren. Die Parteizeitungen sind ja mit gutem Grund längst alle zugrunde gegangen. STANDARD: Den Befund kann man diskutieren – mit Blick auf ""unzensuriert.at"", ""Info-Direkt"", ""Wochenblick"" und viele, viele andere Beispiele von Medien mit dem einen oder anderen ideologischen Fokus. Da gibt es doch eher ein Revival. Herrmann: Auf lange Sicht kann es nur mit Unabhängigkeit funktionieren. STANDARD: Sollen Medien Politik machen? Herrmann: Nein, sollen sie auch nicht. Ich weiß schon, Ihre nächste Frage gilt den Kampagnen ... STANDARD: Die nächste Frage lautet: Macht die ""Krone"" nicht ständig Politik? Herrmann: Nein, das glaube ich nicht. Wir sehen uns tatsächlich im Vorhof der Macht, wie Hans Dichand es vielfach gesagt hat. Ich glaube nicht, dass wir Politik machen. Ich halte es für völligen Schwachsinn, wenn Strache im Ibiza-Video sagt, dass die plumpe Übernahme der ""Krone"" die FPÖ bei der Wahl von 27 auf 34 Prozent pusht. Das ist ein weiterer Beweis der Schwachköpfigkeit des Herrn Strache. Er hält die Österreicher und mithin die ""Krone""-Leser für so blöd, dass eine Partei mit Jubelberichterstattung über die FPÖ plötzlich sieben Prozentpunkte mehr erreichen könnte. Sicher nicht. STANDARD: Warum gibt es dann immer wieder Politiker, die so stark auf die ""Kronen Zeitung"" setzen? Heute Sebastian Kurz, Michael Ludwig, Hans Peter Doskozil, davor Werner Faymann, Heinz-Christian Strache, Jörg Haider. Die ""Krone"" geht ja auch auf diese Hoffnungen und Erwartungen ein. Wie war diese legendäre ""Krone""-Schlagzeile? ""Tiere würden Faymann wählen""? Sie waren da noch nicht Chefredakteur – aber: Die ""Krone"" macht doch Politik. Herrmann: Politologe Peter Filzmaier hat zu unserem 60-Jahr- Jubiläum über die Headline geschrieben: Der größte Unsinn, den er je in der ""Krone"" gelesen hat. Es gibt viel großen Unsinn – in jeder Zeitung. STANDARD: Aber das ist doch der Versuch, Politik zu machen, oder? Herrmann: Das ist wohl die schiere Größe der ""Kronen Zeitung"". Das macht uns stark am Inseratenmarkt, auch auf dem politischen Inseratenmarkt, falls Sie das noch fragen. STANDARD: Wäre eine meiner nächsten Fragen gewesen. Herrmann: Es ist die schiere Größe, die uns interessant macht. Und natürlich: Wenn Botschaften über die ""Kronen Zeitung"" verbreitet werden, dann kommen sie eben bei zumindest jedem dritten Österreicher schnell an – und eher mehr. STANDARD: Sie bleiben dabei: Die ""Krone"" macht nicht Politik? Herrmann: Nein, Politik machen wir nicht. Wir begleiten die Politik. Wir zeigen manchmal Sympathie für Ideen. Wir zeigen Antipathie für anderen Idee. Wenn Sie anspielen auf den uns so oft nachgesagten Kampagnen-Journalismus ... STANDARD: Wir werden die Kampagnen besprechen müssen. Herrmann: ... bis hin zur angeblich schwindenden Kraft der ""Kronen Zeitung"" bei Kampagnen. STANDARD: Bleiben wir erst einmal bei den Kampagnen: Die Zeitung ist gegen die EU, gegen – vor allem grenznahe – Atomkraftwerke, gegen Abfangjäger, gegen die Wehrpflicht, was auch immer: Da macht die ""Krone"" doch Politik. Herrmann: Wenn wir zur Überzeugung kommen, zum Beispiel: Das geplante Wasserkraftwerk in Hainburg ist ein großer Schaden für Österreich, dann gibt es dazu eine Kampagne. Wenn uns viele junge Leser drängen, etwas gegen Plastik und Plastikmüll zu tun, machen wir aus Überzeugung eine Kampagne. Wenn Plastiksackerln daraufhin verboten werden, ist das ein schöner erster Schritt, der zeigt, dass wir schon noch viel Kraft haben. Das ist zum Beispiel eine Positivkampagne, die wir fortsetzen werden. STANDARD: Und wenn Sie spüren, dass Sebastian Kurz gut ankommt in der Bevölkerung, dann setzen Sie sich drauf und schieben noch ein bisschen nach. Auch eine kampagnenhafte Unterstützung in den vergangenen Jahren. Herrmann: Würde ich nicht so sehen. STANDARD: Meine Lieblings-Dachzeile auf Seite 1 der ""Krone"" dazu war, aus dem Gedächtnis: Berlin liegt Kurz zu Füßen. Herrmann: Das war durchaus auch so. Deutsche Medien überschlagen sich, wenn es um Sebastian Kurz geht, weit mehr als wir. Er hat schon Strahlkraft auf Medien, und dieser Strahlkraft verschließen wir uns nicht. STANDARD: Als der mit Sebastian Kurz vertraute Immobilienmilliardär Ren Benko Ende 2018 mittelbar bei der ""Krone"" eingestiegen ist, erkaltete diese Sympathie fürs Erste recht rasch. War das nicht ein Dilemma für die ""Krone""? Kann sie einem Politiker so ruckartig die Liebe entziehen, der so viel Rückhalt in der Bevölkerung hat – das war einige Zeit vor Ibiza- Gate und Regierungskrise? Herrmann: Wenn Sebastian Kurz schwere Fehler macht, dann ja. STANDARD: Und das würde sich nicht auf Auflage und Reichweite der ""Krone"" auswirken? Herrmann: Wenn er schwere Fehler macht, dann würden wir das darstellen. Und dann wären wir sicher auch nicht die Einzigen, die das darstellen. STANDARD: Kann die ""Krone"" ernsthaft gegen den Mainstream in der Bevölkerung anschreiben? Herrmann: Das kann sie. Gegen das Kraftwerk in Hainburg zu sein, war in den 1980ern weit davon entfernt, Mainstream zu sein. Das war damals den ""Krone""-Lesern vermutlich noch ferner als der Gesamtbevölkerung. Umweltschutz und grüne Ideen waren damals exotisch und sicher nicht mehrheitsfähig. STANDARD: Bei einigen der ""Krone""-Lieblinge deckt sich diese Sympathie auch mit den Werbeausgaben dieser Politiker und ihres Einflussbereichs. Herrmann: Wir haben so viele Inserate, weil wir so viele Menschen erreichen. Es gibt oft auch keine Liebe trotz großer Inseratenbudgets. Wir wurden in den vergangenen Monaten oft gefragt, warum wir über Wiens Bürgermeister Michael Ludwig fallweise so kritisch berichten ... STANDARD: Die ""Krone"" hat Ludwig die Liebe recht abrupt entzogen, als die stadteigenen Wiener Linien ""Österreich/Oe24"" mehr Zeitungsentnahmeboxen in den Stationen zugesagt haben. Herrmann: Grundsätzlich: Die Inseratenbudgets stehen in keinem Zusammenhang mit der Berichterstattung. Keineswegs kann man's erkaufen. STANDARD: Journalisten und Medienwissenschafter beschäftigt gerade ein Thema: Ein wesentlicher Teil der Bevölkerung, Schätzung: 30 Prozent, sucht beim Medienkonsum Bestätigung des eigenen Weltbilds. Vielleicht ist diesen Menschen die Realität nicht ganz egal, aber wichtiger ist ihnen die Bestätigung der eigenen Sicht. Das Phänomen gibt es womöglich schon sehr lange, und vielleicht trifft das auch zu auf die rund 30 Prozent ""Krone""-Leser. Hat die ""Krone"" – frei nach dem langjährigen ORF-Chef Gerd Bacher – ein besonders gutes Gespür, eine besonders gute Nase für solche ""Massenausdünstungen""? Herrmann: Wir sind wirklich bei den Menschen – wo die Politik oft nur so tut, als wäre sie es. Wir sind in allen neun Bundesländern. Es zeichnet die ""Krone""-Journalisten aus, dass sie die Ohren, Augen, Nasen aufsperren und wahrnehmen, was gedacht wird im Land. Aber die ""Krone"" bildet nicht alleine das ab. Sie zeigt viel mehr. Würden wir nur abbilden, was Mehrheitsmeinung ist, wären wir nicht so erfolgreich. STANDARD: Was macht die ""Krone"" also aus, warum ist sie in Zeiten von Social Media, Onlinemedien, Gratiszeitungen noch immer weitaus größte Tageszeitung in Österreich – noch immer mit international selten hohen Reichweiten? Herrmann: Die ""Krone"" hat Kommentare von Autoren sehr unterschiedlicher Weltanschauung. Wir haben einen ordentlichen Kulturteil, einen ordentlichen Wirtschaftsteil, wie ihn andere Boulevardzeitungen nicht haben. Und wir haben unsere Ohren offen im ganzen Land. Und vor allem: Wir sind unabhängig! STANDARD: Vielleicht auch, weil sich die ""Krone"" bemüht, ihre Leserinnen und Leser nicht gänzlich depressiv zurückzulassen. Nach der schon uralten ""Krone""-Sektion: ""Die gute Nachricht ist die bessere."" Oder ist man die ""Krone"" einfach so gewöhnt? Herrmann: Wir sind eine Volkszeitung, eine Familienzeitung, wie es Hans Dichand einmal formuliert hat. Wir sind so stark, weil wir nicht nur abbilden, was der viel zitierte kleine Mann denkt, sondern weil wir so viel mehr haben. STANDARD: Muss man eine Massenzeitung so machen wie die ""Krone"", damit sie eine Massenzeitung ist? Ressentiments schüren gegen bestimmte Bevölkerungsgruppen, vielleicht die Spaltung der Gesellschaft vertiefen, Persönlichkeitsrechte hintanstellen wie die Identität von Tätern und Opfern, die Unschuldsvermutung ... Muss das sein? Herrmann: Nein, das muss nicht sein. STANDARD: Warum macht die ""Krone"" das dann? Herrmann: Da passiert manchmal etwas. Wir werden damit viel behutsamer und vorsichtiger umgehen. Gerade durch die Umstände in den vergangenen Tagen ist ein Ruck durch die Redaktion gegangen. Schon bei unserem 60-Jahr-Jubiläum haben wir viel zurückgeschaut in unsere Geschichte und in uns hinein. Wir beschäftigen uns intensiv mit uns und mit unserer künftigen Rolle. STANDARD: Die ""Kleine Zeitung"" zum Beispiel schafft es, in der Steiermark und Kärnten Marktführer zu sein und doch vieles nicht zu tun, was die ""Krone"" tut. Herrmann: Wir werden sicher noch behutsamer und vorsichtiger vorgehen, und noch mehr abwägen. Das ist uns auch durch unsere Bestandsaufnahme über die ersten 60 Jahre bewusst geworden. Wir haben uns in den vergangenen Jahrzehnten nicht genug mit uns selbst beschäftigt. Wir waren immer erfolgreich – und dieser große Tanker ist immer auf seinem Kurs weitergefahren. Jetzt muss man sicher Kurskorrekturen vornehmen, bedachter und bewusster und vielleicht auch noch anständiger sein. STANDARD: Das heißt: Die ""Krone"" war bisher unanständig? Herrmann: Nein. Natürlich nicht. STANDARD: Wird die ""Krone"" zum Presserat zurückkehren? Christoph Dichand schrieb einst in seiner Dissertation über den ""Persönlichkeitsschutz im Mediengesetz"": ""Als Richtlinien für die journalistische Sorgfaltspflicht können auch die Entscheidungen des Presserates dienen."" Wie stehen die Chancen, dass auch die ""Krone"" zum Presserat kommt, wenn sie jetzt noch anständiger wird? Herrmann: Ist sicher ein Thema. Das kommt natürlich auch auf die Zusammensetzung des Presserats an. STANDARD: Dort gibt es inzwischen gar einen Vertreter von ""Österreich"". Herrmann: Wir haben die Zusammensetzung des Presserats bisher als unobjektiv gesehen – aber der Presserat ist sicher gerade auch in diesen Tagen ein Thema. STANDARD: Als Chefredakteur der ""Kronen Zeitung"" lesen Sie die Kolumnen von Michael Jeanne vermutlich täglich um die Mittagszeit. Fragen Sie sich da nicht: Muss man einen Kolumnisten eine ORF-Korrespondentin publizistisch ansabbern lassen? Muss man Anspielungen auf NS-Parolen wie einst den ""Endspielsieg"" ins Blatt lassen – das war vor Ihrer Chefredaktion und wurde nach der Abendausgabe auch entfernt? Herrmann: Michael Jeanne ist ein bei vielen Lesern sehr beliebter Kolumnist. Er repräsentiert durchaus nicht immer die Meinung der Redaktion – er ist Teil der Vielfalt der Meinungen der ""Krone""-Redaktion, wie sie im Impressum als Blattlinie steht. Ja, wir diskutieren über Inhalte, und er geht auch noch einmal in sich und dreht noch eine Runde über seiner Kolumne. Und ja, ich teile nicht immer seine Einschätzungen. Aber er ist ein wichtiger Bestandteil der ""Krone"". STANDARD: Mir fiel etwas auf – neben der auch typografischen Betonung des Wortes ""Unabhängig"" im ""Krone""-Logo, und nun auch auf Krone.at: Herausgeber Christoph Dichand schreibt seit Ibiza-Gate so viel wie noch nie – unter dem Pseudonym ""Aurelius"", neben ""Cato"" ein Deckname schon seines Vaters Hans Dichand. Herrmann: Der Ruck in der Redaktion geht von oben nach unten und von unten nach oben. Wobei: Wir haben gerade erst mit ihm diskutiert über die Kommentare unter den Pseudonymen ""Cato"" und ""Aurelius"". Christoph Dichand hat uns aufgeklärt, dass auch ""Cato"" nicht immer Hans Dichand war. Es könnte also durchaus sein, dass unter ""Aurelius"" mehrere Autoren schreiben. STANDARD: Aus der Familie Dichand? Herrmann: Aus der Familie arbeitet nur einer im Haus. STANDARD: Montag geht es um den Misstrauensantrag gegen Sebastian Kurz als Bundeskanzler. Die ""Krone"" appelliert seit Tagen, Kurz arbeiten zu lassen. Vertritt das Zentralorgan der Massenausdünstungen da den sogenannten Volkswillen? Herrmann: Sicher hören wir das. Wir betreiben in der Regel keine Meinungsforschung, um zu erfahren, was die Themen sind, die gerade gut ankommen. Es kommt immer noch aus den Bäuchen der ""Krone""-Mannschaft, von Christoph Dichand abwärts. Und uns ist sehr klar, dass sich eine Mehrheit der Österreicher keine womöglich chaotischen Zustände in den nächsten Monaten wünscht. STANDARD: Wer macht eigentlich die Aufmacher, also die Schlagzeilen der ""Krone""? Wer schreibt sie, wer entscheidet sie? Das sind häufig ja keine Nachrichten, sondern Appelle. Herrmann: Die Aufmacher entstehen in der Redaktion, als Ausdruck einer unserer vielen Konferenzen. Die gab es nicht immer in den 60 Jahren der ""Krone"" – aber noch Hans Dichand hat damit begonnen. Die letzte Verantwortung für den Aufmacher haben heute Christoph Dichand und ich. STANDARD: Die ""Kronen Zeitung"" sieht heute dramatisch anders aus als vor wenigen Jahren – nach dem vermutlich längsten Relaunch der Welt, um die Stammleserinnen und - leser nicht zu verstören. Haben sich Leserinnen und Leser darüber beschwert? Herrmann: Der Relaunch hat – wie wir jetzt wissen: im Ibiza- Jahr 2017 – im Wesentlichen ein Dreivierteljahr gedauert und ist noch nicht zu Ende. STANDARD: Gab es darauf relevante Reaktionen? Herrmann: Nein. STANDARD: Dann ist der grafische Relaunch wohl gelungen. Sie haben mir vom Reformprojekt ""Krone 2020"" erzählt, das ist aus heutiger Sicht praktisch übermorgen. Wie ist diese ""Krone"" dann 2020? In drei Sätzen? Herrmann: Moderner, nicht nur optisch, sondern auch inhaltlich. Da hat sich schon in den vergangenen Jahren einiges getan. Schwerpunktthemen, modernerer Journalismus. Noch behutsamerer Journalismus ist sicher auch ein ganz wichtiger Punkt. Es wird dennoch immer die ""Kronen Zeitung"" bleiben, die für diesen Riesenerfolg gesorgt hat und noch immer sorgt.",0
negativ,"Der Text beschreibt einen Skandal um die Wahl zur Miss Vienna, bei der Vorwürfe der Manipulation, Schiebung und Korruption aufgetaucht sind. Die Liste der Vorwürfe ist lang und umfasst Freunderlwirtschaft, Manipulation und Korruption. Die Jury und die Veranstalterin werden kritisiert, und es wird angenommen, dass Geld geflossen sei, um die Entscheidung zu beeinflussen. Die Chancengleichheit aller Kandidatinnen wird in Frage gestellt, und es wird angedeutet, dass der Titel wiederholt werden könnte, wenn Beweise gefunden werden.",STD_Facebook_Online_66,Zeitungsartikel Online,"› Panorama › Wien Schiebung, Korruption: Wahl zur Miss Vienna soll wiederholt werden 29. April 2019, 11:15 204 Der Organisatorin der Wahl wurde die Lizenz entzogen – die Miss Austria Corporation will wegen Freunderlwirtschaft- Vorwürfen die Wahl wiederholen Wien – Man kennt das aus dem Fernsehen: Schönheitswettbewerbe arten mitunter in regelrechte Dramen aus. Nun ist es in Wien tatsächlich geschehen: Bereits bei der Wahl zur Miss Vienna am 25. April gab es Buhrufe aus dem Publikum, nach der Krönung machen Vorwürfe der Manipulation, Schiebung und Korruption die Runde. Beatrice Körmer heißt die schönste Frau Wiens – zumindest foto: andreas lepsi / picturedesk darf sie sich Miss Vienna nennen und bislang das Waren finanzielle Zuwendungen und Freundschaften mit entsprechende Krönchen tragen. Nun soll die 23-Jährige wegen Juroren für den Sieg von Miss Vienna Beatrice Körmer verantwortlich? Sie bestreitet das vehement. Bei der der Vorwürfe den Titel vorerst wieder abgeben, die Wahl soll laut Miss Austria Corporation gingen allerdings zahlreiche Miss Austria Corporation wiederholt werden. Termin dafür gibt Beschwerden ein. Der Schönheitswettbewerb soll es noch keinen. deswegen wiederholt werden. Zahlreiche Vorwürfe Die Liste der Vorwürfe ist lang: Freunderlwirtschaft, Manipulation und gar Korruption vermuteten Beobachter des Schönheitswettbewerbs. Sogar der Ex-Politiker Peter Westenthaler mischte sich mit einem emotionalen Facebook- Posting in die Debatte ein – seine Tochter nahm ebenfalls am Wettbewerb teil. Die Siegerin sei im Vergleich zu den anderen Kandidatinnen ""maximal Durchschnitt"", urteilt Westenthaler, der heute als Immobilien-, PR- und Politikberater arbeitet und beispielsweise Verlagsleiter des Monatsmagazins ""Alles Roger?"" ist. Peter Westenthaler last Thursday Der Skandal ist perfekt! Alles wussten es und alle, die es bereits seit Wochen wussten und auch davor gewarnt haben, wurden heute bestätigt. Wie dumm kann sich so manch einer in der Jury aber auch die Veranstalterin nur anstellen. 11 tolle, engagierte Mädels wurden sichtbar unterbewertet und nur die Eine - im Vergleich maximal Durchschnittliche - von der es alle bereits seit Wochen wussten, wurde ebenso sichtbar von den üblichen Mitgliedern einer Wiener Schicki- Micki-Szene mi... See More OE24.AT Beatrice Körmer gewann: Skandal um die neue … Die heimische Missen-Welt kam vor lauter Aufregung nicht… 73 51 14 Körmer soll gewonnen haben, weil sie beziehungsweise ihr Lebensgefährte ein Naheverhältnis zur Jury und zur Organisatorin habe, sind Westenthaler und andere Beobachter überzeugt. Bei der Miss Austria Corportation seien nach – und bereits vor – der Wahl zahlreiche anonyme Beschwerdemails diesbezüglich eingegangen, weswegen die Chefs, Jörg und Kerstin Rigger, der Organisatorin des Wiener Wettbewerbs am Sonntagabend die Lizenz entzogen. Wien-Organisatorin Agnes Goebel wiederum wies alle Vorwürfe zurück. Körmer selbst bezeichnet sie als ""haltlos"". Sie habe jahrelang hart für den Titel gearbeitet. Geld gegen Sieg? Die Namen der Juroren seien diesmal ungewöhnlich knapp vor der Veranstaltung bekanntgegeben worden, sagen Jörg und Kerstin Rigger zur Zeitung ""Österreich"". Das sei nicht normal. Außerdem gebe es Hinweise, dass an Jurymitglieder ""Geld geflossen"" sei. Dem würden Juristen nun nachgehen. Wenn Beweise gefunden werden, werde Körmer der Titel aberkannt. In der Jury saßen dieses Jahr unter anderen Christina Lugner, Gary Lux, Jenny Posch, Ekaterina Mucha und Eser Ari Akbaba. Mucha distanzierte sich in einem Facebook-Posting von den Vorwürfen. Geschmäcker seien bekanntlich verschieden, aber die Jury habe ihr Bestes getan, eine faire Entscheidung zu treffen. Um den ""schwerwiegenden Anschuldigungen"" gegen Lizenznehmerin Goebel entgegenzuwirken, versichern die Riggers nun, dass bei der neuen Wahl ""die fachkundigen Jury- Mitglieder in keiner Weise in einem Verhältnis zu einer der Kandidatinnen stehen werden"". Die Chancengleichheit aller Kandidatinnen habe oberste Priorität.",-1
negativ,"Die Artikelbeschreibung beschreibt die Reaktionen der CDU auf das Video von Rezo, in dem er die Partei kritisiert. Die CDU wirft Rezo vor, falsche Behauptungen zu machen und Populismus zu betreiben. Die Einladung von Paul Ziemiak an Rezo, sich zu einem Gespräch zu treffen, wird als versucht angesehen, die Situation zu entschärfen. Die Reaktionen der Zuschauer auf das Video sind jedoch überwiegend positiv, viele Menschen sehen Rezo als Augenöffner an. Die CDU scheint von dem Erfolg des Clips überrumpelt zu sein und ihre Reaktionen als unüberlegt und unangemessen zu beurteilen.",STD_Twitter_Online_15,Zeitungsartikel Online,"› Web › Netzpolitik Wie ein Youtuber die CDU in Bedrängnis bringt 23. Mai 2019, 17:45 83 Fünf Millionen Mal geklicktes Video von Rezo wirbelt Europawahlkampf durcheinander Ob CDU-Generalsekretär Paul Ziemiak und der mit dem Video ""Die Zerstörung der CDU"" erfolgreiche YouTuber Rezo je gemeinsam an einem Tisch sitzen werden? Nachdem er am Mittwoch angebliche Falschbehauptungen beklagte, sprach Ziemiak am Donnerstag eine Einladung zum Gespräch an Rezo aus, unterzeichnet mit ""dein Paul"". Doch die Einladung vergiftete Ziemiak mit einem Populismusvorwurf – eine Antwort von Rezo blieb zunächst aus. Das Rezo-Video dürfte der meistgesehene und womöglich auch einflussreichste Internetbeitrag im Vorfeld der Europawahl sein. Am Donnerstag durchbrach der fast einstündige Clip die Marke von fünf Millionen Zuschauern, die Zahl der Kommentare stieg auf mehr als hunderttausend. Grober Tenor der Kommentare: Der 26-Jährige Rezo spricht mit seiner Kritik an CDU und CSU, aber auch SPD und AfD vielen Menschen aus der Seele. Background Rezo ist ein in Aachen lebender studierter Informatiker, der unter seinem Künstlernamen vor allem viele lockere Spaßplaudereien veröffentlicht. Mit seinem aktuellen politischen Clip ist ihm ein Coup gelungen. Darin empört er sich, dass unter den langen Regierungsjahren von CDU und CSU die Schere zwischen Arm und Reich auseinandergegangen sei, sich Deutschland an Kriegsverbrechen beteilige und die Klima- und Umweltpolitik allem Expertenwissen widerspreche und unumkehrbar die Erde zerstöre. rezo ja lol ey Sehr zugespitzt, einseitig und forsch formuliert der mit blau gefärbten Haaren als Markenzeichen auftretende Sohn eines protestantischen Pfarrerehepaars. Immerhin hat er seine Behauptungen aber mit prüfbaren Quellen unterlegt. Die destruktiv klingende Zerstörung hat er außerdem gleich am Anfang seines Videos relativiert: ""Nicht weil ich aktiv versuche jemanden zu zerstören, sondern weil die Fakten und Tatsachen einfach dafür sprechen, dass die CDU sich selbst, ihren Ruf, und ihr Wahlergebnis und damit selbst zerstört."" Diese Analyse der vermeintlichen Selbstzerstörung der CDU ignorierte Ziemiak am Donnerstag. Er twitterte in seiner Einladung an Rezo: ""Wir machen das in der CDU seit 70 Jahren: Wir zerstören einander nicht, sondern wir hören einander zu, wir reden miteinander, wir finden gemeinsame Lösungen."" Den pauschalen Vorwurf der Falschbehauptungen an Rezo ließ Ziemiak weiter stehen, wobei er zu den von Rezo genutzten Quellen sagte: ""Keine dieser Quellen wird angezweifelt"". Ziemiak veröffentlichte außerdem einen offenen Brief mit dem Titel ""Wie wir die Sache sehen"". Vorwürfe Darin setzt sich die CDU allerdings nicht mit einem einzigen konkreten Vorwurf auseinander. Stattdessen heißt es: ""Die Währung von YouTubern sind Klickraten, die Währung einer Volkspartei wie der CDU ist Vertrauen."" Eine ""kühne Interpretation von Statistiken"" werfen die Christdemokraten Rezo noch vor. Verkürzen, Verzerren und Verdrehen seien ""Populismus"". Mit solchen Vorwürfen dürfte Ziemiak die aufgewühlten Zuschauer kaum beruhigen. Außerdem lässt das Vorgehen der Partei erkennen, wie sehr die CDU von dem Erfolg des Clips überrumpelt wurde. Zunächst produzierte die CDU ein eigenes Antwortvideo mit dem wie Rezo 26-jährigen Bundestagsabgeordneten Philipp Amthor. Doch das Video bleibt nun im Giftschrank. Stattdessen soll es ein persönliches Gespräch geben. Reaktionen Bis zum Wahltag am Sonntag wird die CDU die Diskussion nicht einfangen können. Viele Menschen scheinen den YouTuber als Augenöffner zu sehen. ""Danke, danke danke! Sagt eine 44jährige Olle, für die Du die Hoffnung Deiner Generation bist"", schreibt etwa eine Nutzerin. Auch andere Nutzer ergänzen ihr Lob mit einem Hinweis auf ihr fortgeschrittenes Alter – offensichtlich um zu dokumentieren, dass der Clip längst über die junge YouTube-Welt hinaus wahrgenommen wird. Einen politischen Gegenvorschlag hat Rezo allerdings nicht. ""Kein Plan, wen man wählen sollte"", erklärt er am Ende seines Videos. Die Botschaft, dass er aber CDU, CSU, SPD und AfD für unwählbar hält, hat er untergebracht.",-1
positiv,"Das Textstück ist überwiegend positiv, da es die Genesung von Mike Mohring nach der Krebs-Behandlung feiert und seine politische Aktivität hervorhebt. Die Anteilnahme in den sozialen Medien und die Unterstützung von Tausenden Leuten werden ebenfalls positiv dargestellt. Die Aussagen von Mike Mohring selbst, wie z.B. ""Ein gutes Gefühl mit meinen neuen Haaren"", tragen ebenfalls zu einer positiven Stimmung bei.",Bild_Facebook_Online_23,Zeitungsartikel Online,"BEWEGENDES INSTAGRAM-FOTO VON MIKE MOHRING CDU-Landeschef zeigt sich nach Krebs-Behandlung Auf diesem Instagram-Foto zeigt sich Thüringens CDU-Landeschef Mike Mohring zum ersten Mal seit Monaten ohne Mütze – ein Zeichen für seine Genesung nach der kräftezehrenden Krebs-Behandlung Foto: @mike_mohring/Instagram 28.04.2019 - 10:23 Uhr Zufrieden lächelt Thüringens CDU-Landeschef Mike Mohring (47) in die Kamera. „A good feeling with my new hair“ (deutsch: „Ein gutes Gefühl mit meinen neuen Haaren“) steht neben dem Foto, das Mohring am Samstag bei Instagram postete, zusammen mit dem Hashtag „fightcancer“ (deutsch: „Bekämpft Krebs“). Seit Mitte Februar ist die Behandlung abgeschlossen, die neuen Haare sind ein Zeichen dafür, dass sich Mohrings Körper allmählich vom Kampf gegen den Krebs erholt. Nach der Krebs- Diagnose im Oktober 2018 stand Mohring unter der Doppelbelastung aus Chemotherapie und Wahlkampf als Spitzenkandidat für die Landtagswahl in Erfurt. Beim Jahresempfang CDU-Kreisverband Weimarer Land mit CDU-Chefin Annegret Kramp-Karrenbauer trug Mike Mohring noch Mütze Foto: Bodo Schackow / dpa Bei einem Interview im BILD-Talk „Die richtigen Fragen“ am 25. Februar hatte Mohring ausführlich über den persönlichen Kraftakt der vergangenen Monate gesprochen: „Die letzten Monate waren nicht ganz unanstrengend: So eine Therapie durchzustehen und trotzdem nebenbei im Job zu stehen und Aufgaben zu erledigen“, hatte er im Interview gesagt. Dies sei „beides ganz gut gelungen“. Große Anteilnahme in den sozialen Medien Um welchen Krebs es sich gehandelt hat, ist bislang immer noch unbekannt. Die Diagnose hatte Mohring nach einer Operation erhalten. Die Ärzte hatten ihm damals eine Heilungschance von 95 Prozent vorausgesagt. Trotz der Schock-Diagnose und der kräftezehrenden Behandlung bleibt Mohring politisch aktiv. Sein Ziel: Die CDU bei der Landtagswahl am 27. Oktober in Erfurt zurück auf die Regierungsbank holen. Der 47-Jährige nimmt seit der Diagnose zwar viel weniger Termine wahr, um sich in den Behandlungspausen zu schonen. Aber: Er bleibt präsent, nahm Mitte Januar sogar an der CDU- Bundesvorstandsklausur in Potsdam teil. Mike Mohring mit CDU-Generalsekretär Paul Ziemiak (33) auf der CDU-Bundesvorstandsklausur in Potsdam Foto: picture alliance/dpa Auch als ihm wegen der kräftezehrenden Behandlung die Haare ausfielen, blieb er in der Öffentlichkeit, zeigte sich stattdessen mit Mütze oder Base-Cap. Was Mohring Kraft gibt: die Anteilnahme aus seinem Umfeld. Als er kurz vor der CDU-Klausur im Januar in einem Video auf Facebook erstmals öffentlich von seiner Krankheit sprach, hatte er Zuspruch „von Tausenden Leuten aus ganz Deutschland“ erhalten. Mike Mohring vor der Krebsdiagnose auf einem Foto im Mai 2018 Foto: dpa Auch unter seinen Instagram-Post vom Samstag reihen sich aufbauende Worte und Genesungs-Wünsche. „Gute Besserung weiterhin, Mike. Und Gottes Segen“, schrieb eine Userin. „Schön, dass es wieder bergauf geht“, schrieb ein anderer. Ein halbes Jahr vor der Landtagswahl wird Mohring sich jetzt zunehmend auf die Landtagswahl in Thüringen konzentrieren. Angesichts der jüngsten Prognosen könnte der Wahlkampf für das endgültige Ergebnis eine entscheidende Rolle für das Abschneiden der CDU spielen. Denn für eine rot-rot-grüne Regierungskoalition, wie sie jetzt regiert, reicht es laut einer Umfrage des Meinungsinstituts Insa nicht. Mohrings CDU ist mit 27 Prozent dagegen die stärkste Kraft in der Umfrage und hätte damit Chancen auf einen Platz in der Regierung. Insa befragte 1001 Erwachsene aus Thüringen zwischen dem 11. und 22. April telefonisch sowie online.",1
negativ,Der Text beschreibt den Tod von drei Ärzten aus Oberösterreich bei einem Flugzeugabsturz in Äthiopien und die Reaktionen der heimischen Politiker. Die Nachrichten sind sehr traurig und die Politiker kondolieren den Angehörigen und Freunden der Opfer. Die Betroffenheit bei Politikern aller Parteien ist offensichtlich und sie zeigen ihr Mitgefühl in diesen schweren Stunden.,Heute_Twitter_Online_3,Zeitungsartikel Online,"So trauert LH Stelzer um die toten Ärzte aus OÖ Der Tod von Ärzten aus Oberösterreich beim Flugzeugabsturz in Äthiopien schockiert auch die heimischen Politiker. LH Thomas Stelzer sprach den Angehörigen sein Beileid aus. Das Video konnte nicht gefunden werden LH Thomas Stelzer sprach in einem Interview mit dem ORF den Angehörigen sein Beileid aus. ein aus i Drei Freunde, die sich beim Medizinstudium in Wien kennen gelernt hatten, wollten in Sansibar das Ende ihrer Ausbildung zum Fehler gesehen? Facharzt feiern. Armin S. (31), Christoph S. (31), die beiden arbeiten in Spitälern in Oberösterreich, und Wolfgang E. (30), starben bei dem verheerenden Flugzeugabsturz in Äthiopien (""Heute"" berichtete). Und auch die heimische Politik zeigte sich betroffen von den Ereignissen. ""Sehr traurige Nachrichten erreichen uns aus Äthiopien. Mein aufrichtiges Beileid und mein tiefes Mitgefühl für diesen schweren Verlust gilt den Angehörigen und Freunden der Opfer. Das Wichtigste ist jetzt, die Familien und Hinterbliebenen in diesen schweren Stunden zu unterstützen“, erklärte Landeshauptmann Thomas Stelzer (ÖVP). Der stand und steht seit Bekanntwerden der Tragödie im engen Kontakt mit dem Außenministerium. Betroffenheit bei Politikern aller Parteien Aber auch andere Politiker kondolierten. ""Die Nachricht hat mich tief betroffen gemacht. Mein ganzes Mitgefühl gilt in diesen Stunden den Familien und Freunden der verunglückten Ärzte"", reagiert SPÖ-Landeschefin Birgit Gerstorfer auf den Flugzeugabsturz in Äthiopien. Die Landessprecherin der Grünen, Maria Buchmayr: ""Mit unseren Gedanken sind wir bei den Familien und Freunden der Ärzte aus Oberösterreich, die heute erfahren mussten, dass ihre Lieben nicht mehr nach Hause kommen werden."" ""Die Anteilnahme in diesen schweren Stunden gilt den Angehörigen, Freunden und Kollegen“, so LH-Vize Manfred Haimbuchner (FPÖ). Bundespräsident Alexander Van der Bellen meldete sich auf Twitter zu Wort: Kurz Und auch Bundeskanzler Sebastian Kurz meldete sich: 1/16 Nach Absturz in Äthiopien: Airlines stoppen Boeing-Starts. Bild: Reuters",-1
neutral,"Der Text beschreibt die mögliche Wahl von Heinz-Christian Strache ins EU-Parlament, ohne eine klare Meinung oder Bewertung seiner Person oder Handlungen zu äußern. Die Tatsache, dass Strache trotz eines schlechten Listenplatzes Anspruch auf ein Mandat hat, wird neutral dargestellt. Auch die Diskussion um seine mögliche Annahme des Mandats wird ohne Wertung behandelt.",SZ_Facebook_Online_74,Zeitungsartikel Online,"Europawahl Strache hat Anspruch auf EU-Mandat Ausfahrt Europa? Heinz- Christian Strache könnte wohl ins EU-Parlament einziehen. (Foto: REUTERS) ANZE In Österreich ist er als Vizekanzler und FPÖ-Chef zurückgetreten. Nun hat er bei der Europawahl genug Stimmen bekommen, um ins Europäische Parlament einzuziehen. Ex-FPÖ-Chef Heinz-Christian Strache könnte nach dem Skandal um seine Aussagen in einem heimlich aufgenommenen Video aus Ibizia und seinem Rücktritt als österreichischer Vizekanzler und Parteichef laut Medienberichten Feedback ins EU-Parlament einziehen. Der 49-Jährige erhielt nach Angaben der Nachrichtenagentur APA und des österreichischen Journalisten Martin Thür bei der Wahl am Sonntag besonders viele Vorzugsstimmen und hat damit trotz eines schlechten Listenplatzes Anspruch auf ein Mandat. Mit Vorzugsstimmen können Kandidaten unabhängig von der Aufstellung der Liste unterstützt werden. Strache stand auf der FPÖ-Liste auf dem 42. Platz. Die Auszählung der Direktmandate habe ergeben, dass Strache mehr als 33 500 solcher Stimmen erhalten habe, berichtet die APA. 32 000 Stimmen seien nötig, um ein Mandat zu bekommen. Nach Angaben der Stadt Wien erhielt Strache allein im gleichnamigen Bundesland mehr als 11 000 Vorzugsstimmen. Nicht bekannt ist, ob Strache ein Vorzugsstimmenmandat annehmen wird. In den sozialen Medien kursieren Screenshots, wonach er auf seinem Facebook- Account geschrieben habe, er werde das Mandat annehmen. Ein entsprechender Post ist auf Straches Prol nicht zu sehen. Möglicherweise hat er die Nachricht kurz nach Veröentlichung wieder gelöscht. Strache war am 18. Mai von all seinen Ämtern zurückgetreten, nachdem Spiegel und Süddeutsche Zeitung das Strache-Video veröentlicht hatten. Strache spricht darin mit einer vermeintlichen russischen Investorin über eine mögliche Zusammenarbeit, unter anderem werden eine strategische Einussnahme, verdeckte Wahlhilfe und möglicherweise illegale Parteienspenden diskutiert. Mehr aus und zu Österreich jede Woche im Österreich-Newsletter. Alle Infos und kostenlose Anmeldung: sz.de/oesterreich Österreich Diese Macht, die uns fest im Gri hat Sie ist mächtiger als Gier, Skrupellosigkeit und Machtstreben: Warum Dummheit Kriege, Wirtschaftskrisen und das Ibiza-Video möglich macht. Ein Gastkommentar. Von Josef Hader",0
neutral,"Der Text enthält eine Vielzahl von Informationen über politische Ereignisse und Entscheidungen in Österreich, ohne eine klare emotionale Ausrichtung zu zeigen. Es werden Fakten und Aussagen von Politikern wiedergegeben, ohne eine Bewertung oder Empfehlung zu geben. Die Tonalität ist eher neutral und informativ.",STD_Twitter_Offline_13,Zeitungsartikel Offline,"Inland Bundesland Abend, Niederösterreich, Niederösterreich, Bundesland FPÖ nun offiziell Teil von Salvinis Rechts-Allianz / Moser überraschte Strache bei Besuch in Gefängnis / Neos wollen Bundesheer für EU-Bürger öffnen / OH-Wahl wieder mit zwei kommunistischen Listen KURZ GEMELDET Wien - Die FPÖ hat ihre Teilnahme an dem vom italienischen Innenminister Matteo Salvini initiierten Bündnis der europäischen Rechtspopulisten offiziell gemacht. FPO-EU-Frontmann Harald Vilimsky teilte am Dienstag auf Twitter ein Dokument, in dem sich die FPÖ dem „gemeinsamen patriotischen Projekt” anschließt. Salvini bedankte sich dafür ebenso wie Jörg Meuten, Chef der Alternative für Deutschland. () Krems/Stein - Bei einem Besuch in der Justizanstalt Stein durch Vizekanzler Heinz-Christian Strache (FPÖ) gesellte sich überraschend Justizminister Josef Moser (OVP) an seine Seite, um medienöffentlich zusätzliche Planposten für die Justizwache zu fordern. Strache, für Beamte zuständig, sagte die Stellen zu, nicht aber deren Finanzierung. „Die Planposten stelle ich zur Verfügung”, sagte Strache, das Finanzielle müsse sich Moser aber schon mit dem Finanzminister ausmachen. () Wien - Die Neos bekräftigten am Dienstag ihre Ansicht, dass zur Bekämpfung der „neuen Bedrohungen der europäischen Freiheiten” eine gemeinsame EU-Armee notwendig sei. Innerhalb der nächsten zehn Jahre soll deshalb zunächst das österreichische Heer für EU-Bürger geöffnet werden, bis 2029 sollen dann die Harmonisierung von Ausrüstung und der Ausbildung sowie eine gemeinsame Kommandostruktur für europäische Einsätze beschlossen werden, forderte Claudia Gamon, Neos-Spitzenkandidatin für die Europawahl. () Wien - Bei den Wahlen zur Österreichischen HochschülerInnenschaft (OH) von 27. bis 29. Mai wollen wieder zwei kommunistische Studentenverbände (KSV) mit identen Anfangskürzeln in ihren Namen antreten. Sowohl KSV-KJO als auch KSV-Lili sammeln Unterschriften für einen Platz auf dem Stimmzettel. ()",0
neutral,"Der Text beschreibt die Entscheidung von Thorsten Schäfer-Gümbel, sich aus der Politik zurückzuziehen, ohne eine klare emotionale Ausrichtung. Es wird seine Beweggründe und Pläne für die Zukunft beschrieben, aber es gibt keine offensichtliche positive oder negative Tendenz. Der Text ist eher neutral und beschreibt die Fakten um Schäfer-Gümbels Rückzug.",SZ_Twitter_Offline_36,Zeitungsartikel Offline,"Politik Deutschland Genug gescheitert Hessens SPD-Chef Thorsten Schäfer-Gümbel zieht sich zurück Wiesbaden - Thorsten Schäfer-Gümbel wirkt bewegt an diesem Dienstag. Kein Wunder, für hn wird alsbald ein ebenso wichtiges wie wechselhaftes Kapitel seines beruflichen Lebens zu Ende gehen. ""Alles hat seine Zeit‘, sagt der hessische SPD-Vorsitzende. Seine Botschaft fünf Monate nach der schmerzhaften Niederlage der hessischen Sozialdemokraten bei der Landtagswahl lautet: Nach drei misslungenen Versuchen, Ministerpräsident zu werden, zieht er sich im Herbst aus der Politik zurück und wird Arbeitsdirektor bei der Gesellschaft für Internationale Zusammenarbeit (GIZ), mithin Vorgesetzter von rund 20000 Leuten. Für ihn, so sagt der in den vergangenen zehn Jahren eher glücklose 49-Jährige schliefse sich ein Kreis. Zum Beginn seines Studiums der Agrarwissenschaften wollte er Entwicklungshelfer werden. Am 1. Oktober wird er nun deren Personalchef. Ende September gibt er sein Amt als Fraktionschef auf und legt sein Mandat nieder. Für den Landesvorsitz kandidiert er nicht mehr, auch nicht für den Posten des Vizes der Bundes-SPD. Der gebürtige Bayer, der als Kind nach Hessen kam und in Gießen aufwuchs, macht keinen Hehl daraus, dass ihn die Niederlagen der SPD unter seiner Führung bedrückt haben. Er wurde 2009 Chef, als Nachfolger von Andrea Ypsilanti, die die Partei mit ihren Plänen für eine rot-rot-grüne Landeskoalition ins Chaos gestürzt hatte. Schäfer-Gümbel gelang es, die Hessen-SPD zu stabilisieren. Ein großer politischer Erfolg blieb ihm aber verwehrt. Bei der jüngsten Wahl Ende Oktober 2018 hatten sich die Sozialdemokraten gute Chancen ausgerechnet, mussten aber mit 19,8Prozent hr schlechtestes Ergebnis der Nachkriegszeit einstecken. Die Verantwortung dafür gaben Schäfer-Gümbel und die Partei hauptsächlich dem damals schlechten Erscheinungsbild der Bundes-SPD und der großen Koalition. Nun sagt er, er habe sich schon vor Jahresfrist für einen Rückzug entschieden, für den Fall, dass er nicht Regierungschef werden sollte. Offentlich hatte er seine Zukunftspläne jedoch verschwiegen, bislang stets nur eine Entscheidung bis zum Herbst angekündigt. Dass er ein viertes Mal als Spitzenkandidat antreten würde, galt aber als unwahrscheinlich. Die aussichtsreichste Nachfolgerin für beide Ämter ist Landes-Generalsekretärin Nancy Faeser. Sie wollte sich zunächst nicht zu ihren Ambitionen äußern. Die Juristin galt zwischenzeitlich auch als eine Kandidatin für die Nachfolge von Bundesjustizministerin Katarina Barley, ist nach Angaben aus Parteikreisen aber inzwischen aus dem Rennen. Der aus Nordhessen stammende Bundestagsabgeordnete Tmon Gremmels brachte unlängst öffentlich den Staatsminister im Auswärtigen Amt und früheren hessischen Landes-Generalsekretär Michael Roth als Bewerber für das Parteivorsitzendenamt ins Gespräch. Schäfer-Gümbel äußert sich bei seinem Auftritt nicht zu den Personalspekulationen. Dass er den Landespartei- und Fraktionsvorsitz gern in einer Hand sähe, sagt er aber schon. Und auf eine Feststellung legt er ganz besonderen Wert. Es gehe hier um einen Abschied von Amtern, nicht von der Politik und schon gar nicht von der deutschen Sozialdemokratie. ""Ich werde mich weiter leidenschaftlich für die SPD engagieren’, beschlieft er seine Erklärung. SUSANNE HÖLL aseite 4 Bild: Thorsten Schäfer-Gümbel, 49, gab am Dienstagnachmittag den Rückzug von seinen Ämtern bekannt. Am Morgen noch twitterte er: ""Die Sonne scheint, das wird ein guter Tag!"" Foto: dpa",-1
positiv,"Der Text beschreibt eine positive und motivierende Geschichte über vier junge Männer, die sich auf eine große Reise begeben, um Spenden für soziale Projekte in ihrem Heimatort Dachau zu sammeln. Sie haben sich für die internationale Spendenrallye 'Baltic Sea Circle' angemeldet und werden mit einem 25 Jahre alten VW-Bus rund um die Ostsee fahren. Die vier Männer sind voller Vorfreude und Motivation, um anderen zu helfen und ihre Gemeinschaft zu unterstützen. Der Text beschreibt ihre Vorbereitungen, ihre Ziele und ihre Überzeugungen, dass sie einen positiven Einfluss auf ihre Gemeinschaft haben werden.",SZ_Facebook_Offline_10,Zeitungsartikel Offline,"Dachau Dachau 10000 Kilometer für den guten Zweck Vier Dachauer machen sich als ""Chaoscityriders' mit einem 25 Jahre alten VVW-Bus auf den Weg rund um die Ostsee. Bei der internationalen Spendenrallye ""Baltic Sea Circle"" wollen se für soziale Projekte im Landkreis sammeln VON THOMAS HÜRNER Dachau - Es rumpelt ein bisschen, Kupplung, dritter Gang, Michael Pietzonka tritt behutsam aufs Gas. ""Wir hoffen, er hält"", sagt er, klopft liebevoll aufs Armaturenbrett, schaltet runter in den zweiten Gang und bezwingt mit seinem Gefährt mühelos den Hügel in der Dachauer Altstadt. Hinten sitzen derweil sein Bruder Tobias Pietzonka, Benjamin Markovic und Bernard Zeidler, sie sind Jugendfreunde und werden noch etwas gröfsere Strapazen auf sich nehmen als diese kurze Tour über Kopfsteinpflaster und asphaltierte Straßen. Ihnen steht eine große Reise bevor, die Reise ihres Lebens, wie sie sagen - und diese treten sie an für einen guten Zweck. Rund 10000 Kilometer werden sie zurücklegen, um die Ostsee herum, Skandinavien, Lappland, das Baltikum, Russland. ""Wird schon gut gehen‘, wirft Tobias Pietzonka von der Rückbank ein, lächelt und fügt hinzu: ""Auch wenn das mit vier Männern auf engstem Raum ja schon mal problematisch sein kann."" An diesem sonnigen Aprilabend aber ist nichts problematisch, die vier jungen Männer sind gespannt und voller Vorfreude auf das, was sie In diesen 16 gemeinsamen Tagen erwarten wird. Die ""Chaoscityriders"", wie sie sich in Anlehnung an den längst bekannten Kosenamen für die Stadt Dachau nennen, nehmen am ""Baltic Sea Circle teil, eine internationale Spendenrallye. Los geht's Mitte Juni in Hamburg, erwartet werden über 250 Teams aus aller Welt. Ein Abenteuer in den nördlichsten Gefilden Europas, das aber vor allem einer höheren Motivation gilt: Die gesamte Veranstaltung dient dem Allgemeinwohl, die Teilnehmer nehmen die Anstrengungen auf sich, um Spenden zu sammeln. Mehr als 8000 Euro haben die Chaoscityriders inzwischen zusammen, ""aber nach oben gibt's natürlich keine Grenzen‘, sagt Bernard Zeidler. Freunde, Verwandte, Geschäftsleute und Firmen haben bereits Geld gespendet, meist aus dem Landkreis, manchmal aber auch völlig Fremde. Der Leo- und Lions-Club hat sich der Obhut über die Gelder angenommen, stellt Spendenquittungen aus und verteilt dann die Einnahmen an das Franziskuswerk Schönbrunn, die Greta-Fischer-Schule und den Integrationskindergarten Himmelreich. ""Uns war es wichtig, drei konkrete Projekte zu haben’, sagt Tobias Pietzonka, ""so weiß jeder, wofür er spendet."" Und das besondere Anliegen der vier Männer lautet: ""Wir wollen Gutes tun in Dachau’, sagt Benjamin Markovic. Dafür haben sich die Chaoscityriders einen VW-Bus angeschafft, Baujahr 1994, 317000 Kilometer auf dem Tacho. Das Gefährt hat vonseiten des Veranstalters bestimmte Vorgaben zu erfüllen: Mindestens 20 Jahre alt muss es sein, kosten darf es nicht mehr als 2500 Euro. Gemeinsam haben sie das Auto hergerichtet, dann von zwei Kfz-Werkstätten checken lassen, damit es zwischen Hansestadt und Nordkap nicht zu unverhofften Komplikationen kommt. Und wenn doch? ""Dann wird das Abenteuer eben ein bisschen größer, sagt Bernard Zeidler und lächelt. Immerhin gehe es auch darum, mit den Einheimischen in Kontakt zu treten: Einfach mal klingeln und nach einem Glas Wasser fragen, nach einem Schuss Motoröl, aber auch selber helfen, wenn andere Teams in Schwierigkeiten geraten. ""Neben dem guten Zweck steht die Interaktion im Vordergrund"", sagt Michael Pietzonka, der jetzt einen Bekannten in der Altstadt entdeckt, laut hupt und ein freundliches Grinsen zurückbekommt. ""Tja', fügt er an, ""von Dachauern, für Dachauer eben."" Süddeutsche Zeitung (D) 19 Tatsächlich haben die vier Männer nicht wenig auf sich genommen, um anderen zu helfen. Die eigenen Kosten könnten sich am Ende auf insgesamt rund 10000 Euro belaufen: Auto, Equipment, Mautgebühren, Sprit, Überfahrten, ""da kommt schon was zusammen"", sagt Bernard Zeidler. Von den Spenden wird das aber nicht abgerechnet, alles kommt aus dem eigenen Geldbeutel. ""Alles andere wäre ja auch falsch"", sagt Benjamin Markovic, der Initiator des Abenteuers. Zufällig war er durch einen Facebook-Post auf die Veranstaltung gestofsen, sofort habe er sich gedacht: ""Da müssen wir dabei sein!"" Markovic fragte seine drei Kumpels, Tobias Pietzonka und Bernard Zeidler waren sofort dabei, nur Michael Pietzonka hat ein bisschen gezögert. ""Eigentlich bin ich ja lieber mit dem Fahrrad unterwegs’, sagt er, während er den VW-Bus souverän durch den Dachauer Feierabendverkehr steuert. Michael Pietzonka ist Triathlet und müsste sich in dieser Zeit eigentlich auf die anstehenden Wettbewerbe vorbereiten. Aber eine Lösung war schnell gefunden: ""Ich werde während der Rallye trainieren‘, sagt Michael Pietzonka, ""einfach dem Bus hinterherrennen oder hinterradeln, das geht schon."" Immerhin bietet die anstehende Tour neben ihrem höheren Zweck auch noch die Verlockung der nordischen Idylle: Der Weg führt vorbei an weißen Stränden, einsamen Schären, rauen Kliffen und tiefen Fjorden, es geht mitten durch robuste Nadelwälder, abgelegene Siedlungen und fremde Kulturen. ""Ich habe jetzt schon Gänsehaut‘, sagt Tobias Pietzonka. ""In diese Länder kommt man so schnell nicht mehr‘, ergänzt sein Bruder Michael, ""und mit 50 Jahren bereut man s, wenn man da nicht dabei war."" Es könnte aber Momente geben, in denen sie diese Tour vielleicht doch ein bisschen bereuen: Auf der Rallye müssen auch diverse Aufgaben erfüllt werden, im vergangenen Jahr mussten die Teams etwa etliche Kilometer mit der Fischspeise Surströmming an Bord zurücklegen. In Schweden ist der vergorene Hering eine Delikatesse, woanders ob seines bestialischen Gestanks eher gefürchtet. Und wer nicht im Hotel, sondern m Zelt oder Fahrzeug schläft, bekommt Extrapunkte für die Rallye.'Ach', sagt Bernard Zeidler, ""das kann doch auch ne Gaudi sein."" Primär um Gaudi geht es den jungen Männern aber nicht, wie sie immer wieder hervorheben. ""Wir wollten das von Anfang an professionell machen’, sagt Benjamin Markovic. Das Auto wird an viel besuchten Plätzen in der Stadt platziert, Facebook, Instagram. ""Inzwischen kennt man uns in der Stadt, sagt Bernard Zeidler. Auch der Dachauer Oberbürgermeister Florian Hartmann (SPD) hat bereits ein Bild der Chaoscityriders über die sozialen Netzwerke geteilt und zu weiteren Spenden aufgerufen. Im vergangenen Jahr sind beim ""Baltic Sea Circle"" insgesamt rund 1,4 Millionen Euro eingesammelt worden. ""Wir wollen unseren Beitrag leisten‘, sagt Michael Pietzonka, tritt dabei gefuhlvoll auf die Bremse und parkt den V\WW-Bus nach einigen Runden durch die Altstadt in der Konrad-Adenauer-Straße. ""Aber jetzt‘, ruft Benjamin Markovicvon hinten, ""jetzt geht s für uns erst richtig los."" Gespendet werden kann unter der Internetadresse www.betterplace.org/f3209. Die Einnahmen gehen an das Franziskuswerk Schönbrunn, die Greta-Fischer-Schule und den Integrationskindergarten Himmelreich. Bild: Bernard Zeidler, Tobias Pietzonka, Michael Pietzonka und Benjamin Markovic (von links) sind die ""Chaoscityriders"". Mit einem 25 Jahre alten VW-Bus wollen sie rund um die Ostsee fahren und dabei Spenden für Dachauer Projekte sammeln. Foto:Niels P. Jorgensen",1
neutral,"Der Text beschreibt die Situation der Europawahl in Deutschland und die Chancen verschiedener Kleinparteien, ins EU-Parlament einzuziehen. Es wird über die Sperrklausel, die EU-Staaten beschlossen haben, um eine weitere Zersplitterung der Parteienlandschaft im Parlament zu verhindern, berichtet. Die Text beschreibt auch die Programme und Ziele verschiedener Parteien, wie Volt, Die Partei, die Piratenpartei und die Ökologisch-Demokratischen Partei (ODP). Der Text ist neutral, da er die verschiedenen Parteien und ihre Programme ohne Wertung beschreibt.",SZ_Facebook_Offline_26,Zeitungsartikel Offline,"Poltk Deutschland Tiere und Satire Auch Kleinparteien könnten den Sprung ins EU-Parlament schaffen München - Bei der Europawahl am Sonntag kandidieren in Deutschland 41 Parteien und politische Vereinigungen für den Einzug in das Europaparlament. Anders als bei Landtags- und Bundestagswahlen gibt es dafür keine Fünf-Prozent-Hürde der abgegebenen Stimmen. Für Kleinparteien erhöht sich damit die Chance, einen oder sogar mehrere Abgeordnete nach Brüssel und Straßburg zu schicken. Dennoch ist die Anzahl derer, die sich begründete Hoffnungen darauf machen können, begrenzt. Jeder EU- Mitgliedstaat hat ein Kontingent an Sitzen im EU-Parlament, das nicht überschritten werden darf. Um einen der 96 deutschen Sitze zu gewinnen, war bei der Wahl 2014 ein Wahlergebnis von 0,6 Prozent der Stimmen in Deutschland erforderlich, das entsprach 185000 Stimmen. Wer darunter lag, hatte keine Chance auf eine Vertretung auf Europaebene. Diese Zahlen können auch bei der Europawahl 2019 zur Orientierung dienen. Für viele Kleinparteien könnte die Wahl diesmal die letzte Gelegenheit sein, in das EU-Parlament einzuziehen. Im Februar diesen Jahres haben die EU-Staaten beschlossen, für größere Mitgliedsländer eine Sperrklausel einzuführen, die zwischen zwei und fünf Prozent der Wählerstimmen beträgt. Damit soll eine weitere Zersplitterung der Parteienlandschaft im Parlament verhindert werden. Sie könnte bei den Europawahlen 2024 zum Einsatz kommen. Ein Überblick über einige der wichtigsten politischen Gruppierungen, die bei der Europawahl 2019 eine Chance haben, Abgeordnete zu stellen: ""Volt"" ist die jüngste der in Deutschland antretenden Kleinparteien, die sich entsprechende Hoffnungen machen können. Die Partei wurde 2017 unter anderem als pro-europäische Reaktion auf das Ergebnis der Brexit-Abstimmung der Briten gegründet. Ihre drei Gründer stammen aus Deutschland, Frankreich und Italien. Volt tritt im Unterschied zu anderen Parteien für das grenzüberschreitende Projekt Europäische Union auch mit einem länderübergreifenden Programm zur Europawahl an. Darin setzt die Partei sowohl auf eine Mindeststeuer für Unternehmen, als auch auf eine CO-Steuer, die in der gesamten EU gelten soll. Außerdem will Volt, deren Name neue Energie für Europa ausdrücken soll, die EU zum Marktführer im Bereich der Künstlichen Intelligenz (Kl) machen und die Rechte des EU-Parlaments stärken. Von seinem Rederecht im EU-Parlament macht Martin Sonneborn bereits seit dem Jahr 2014 Gebrauch. Damals zog der Vorsitzende der Satirepartei ""Die Partei"" zum ersten Mal als Abgeordneter in die Institution ein. Nun könnte sich die Anzahl seiner satirischen Mitstreiter im Parlament erhöhen. Im Vergleich zum Ergebnis bei der letzten Wahl 2014 sagen Prognosen für ""Die Partei"" ein deutlich besseres Abschneiden voraus. Damit könnte neben Sonneborn auch der Kabarettist Nico Semsrott in das EU-Parlament einziehen. Mit zwei bis drei Prozent der Stimmen in Deutschland wäre die Satirepartei dann größer als ÖDP, Piratenpartei oder auch die Tierschutzpartei. Ein Grund für den Erfolg der Partei, die aktuelle politische Themen immer wieder sarkastisch kommentiert, ist ihre starke Präsenz in den sozialen Medien. Alleine Chefsatiriker Martin Sonneborn hat auf Facebook mehr als 200000 Fans, der Zweitplatzierte auf der Liste, der Kabarettist Nico Semsrott, hat dort 130000 Anhänger. Ein vergleichbares Ergebnis wie bei der letzten Wahl sagen die Demoskopen für die Piratenpartei voraus. Mit prognostizierten 1 bis 1,5 Prozent könnte die Partei dann wieder einen Abgeordneten im EU-Parlament stellen, nachdem die bisherige deutsche Vertreterin der Piraten in Brüssel, Julia Reda, die Partei 2019 verlassen hatte. Auch die Piraten treten mit einem gemeinsamen europäischen Wahlprogramm an. War die Partei bei ihrer Gründung im Jahr 2006 als Vorkämpferin für freien Datenzugang im Internet in Erscheinung getreten, hat sich das Themenangebot inzwischen verbreitert. In ihrem Programm für die Europawahl wirbt die Partei neben Süddeutsche Zeitung (D) 19 mehr direkter Bürgerbeteiligung auch für eine gemeinsame Agrarpolitik in der EU und eine gesetzliche Regelung von Mitfahr-Apps, um die Verkehrsbelastung in großen Metropolen zu verringern. Erste Ansätze, ihr tnematisches Angebot zu verbreitern, zeigen sich auch bei der Tierschutzpartei. In ihrem Werbevideo für die Europawahl 2019 zeigt die Partei zu Beginn Plakate mit der sozialpolitischen Forderung nach Sicherung und Erhöhung des Rentensatzes. Im weiteren Verlauf geht es dann überwiegend um Maßnahmen gegen Tierquälerei, die Agrarindustrie und die Förderung des Artenschutzes. Aktuelle Umfragen sehen die Partei bei 1,5 Prozent. Thematisch gibt es dabei Überschneidungen mit dem Wahlprogramm der Ökologisch-Demokratischen Partei (ODP). So fordert die ODP, Tierrechte in die EU-Verträge aufzunehmen und will die Überfischung und Vermüllung der Meere stoppen. Ihre Kampagne steht unter dem Motto ""Weniger ist mehr"" und setzt sich für nachhaltiges Wirtschaften und eine Reduzierung des ökonomischen Wachstumsstrebens ein. Bei dem erfolgreichen Volksbegehren ""Rettet die Bienen"" in Bayern, das von ODP-Vertretern mitinitiiert worden war, hat die Partei kürzlich gezeigt, dass sie mit ihren Themen eine große Zahl von Bürgern für den Gang zur Wahlurne motivieren kann. Mit möglichen drei bis vier Prozent für die ODP in ihrem Kerngebiet Bayern könnte es laut Wahlforschern auch diesmal wieder für einen Sitz im EU-Parlament reichen. Kaum Hoffnungen auf eine politische Vertretung in Brüssel und Straßburg können sich dagegen Gruppierungen wie das Bündnis Grundeinkommen oder die Partei Die Humanisten machen, die aus der EU eine föderale Bundesrepublik machen wollen. THOMAS JORDAN",0
neutral,"Der Artikel beschreibt die erste 100 Tage der Amtszeit von Viola Amherd als Verteidigungsministerin in einer neutralen Weise. Die Artikel beschreibt ihre Entscheidungen, ihre Kommunikationsstrategie und ihre Beziehungen zu anderen Politikern und der Armee. Es gibt keine offensichtlichen positiven oder negativen Tendenzen im Artikel, sondern eher eine objektive Darstellung der Situation.",NZZ_Twitter_Offline_22,Zeitungsartikel Offline,"Schweiz Larssa Rhyn International Die «stille Schafferin» markiert Präsenz In den ersten 100 Tagen als Verteidigungsministerin hat Viola Amherd gezeigt, dass sie auch unorthodoxe Entscheidungen nicht scheut Kaum im Amt, muss Viola Amherd bereits einen neuen Armeechef suchen. Es ist nicht ihr einziges Grossprojekt -— doch die erste Frau an der Spitze des VBS hat bereits klargemacht, dass man sie nicht unterschätzen sollte. Larssa Rhyn «Stille Schafferin», das war der Lieblingsausdruck der Medien vor Viola Amherds Wahl zur Bundesrätin. Und er passt noch immer. Auf die Frage, ob Amherd nach den ersten 100 Tagen im Amt einen Medienanlass organisiere, liess ihr Departement verlauten, Amherd kommuniziere dann, wenn es nötig sei. Nötig wurde es dann schneller, als ihr lieb gewesen sein dürfte. Vergangene Woche musste sie bekanntgeben, dass der Chef der Armee, Philippe Rebord, und Ausbildungschef Daniel Baumgartner ihre Posten verlassen. Die Chefin des Verteidigungsdepartements (VBS) wirkte beim Auftritt vor den Medien ernst, ruhig und bedacht. Nur den Fragen nach dem Versetzungsgesuch von Baumgartner wich sie aus. Aber sie kann auch anders. Bei vielen anderen öffentlichen Auftritten und auf Twitter - wo sie noch immer selbst in die Tasten greift - gibt sich die Walliserin gelassen, gut gelaunt und volksnah. Im Vergleich zu anderen Bundesräten wirkt sie unverkrampft. So twittert sie auch mal ein verschwommenes Selfie aus dem Zug. Oder sie freut sich mit unzähligen Smileys über die Erfolge des Schweizer Skiteams - und erinnert damit daran, dass sie nicht nur für Verteidigung und Bevölkerungsschutz, sondern auch für Sport zuständig ist. Der Sport steht jedoch m Hintergrund, weil Amherd grosse Armeeprojekte in die Wege leiten muss. Einerseits hat sie die Weiterentwicklung der Armee voranzutreiben. Andererseits stehen mehrere Beschaffungsprojekte an: insbesondere der Kauf von Kampfjets und bodengestützter Luftverteidigung (Bodluv). Demnächst mussen auch Panzer und Artillerie ersetzt werden. Ausserdem will Amherd im Cyberbereich einen Gang zulegen. Aus Sicht von Sicherheitspolitikern hat sich Amherd schnell mit den neuen Themen vertraut gemacht. Ständerat Hans Wicki, der im letzten Herbst ebenfalls ins Rennen um einen Bundesratssitz gestiegen ist, sagt: «Sie hat sich schnell in die wichtigsten Dossiers eingearbeitet und gezeigt, dass sie bereit ist, Entscheidungen zu treffen.» Eine dieser Entscheidungen war es, Armeeangehörigen zu untersagen, sich von Rüstungsfirmen einladen zu lassen. Damit will Amherd unter anderem verhindern, dass Entscheidungsträger vor dem Kauf von Kampfjets beeinflusst werden. Dies ist Teil ihrer Bemühungen, im VBS mehr Transparenz zu schaffen. Neue Zürcher Zeitung (CH) 19 Amherd ist die erste Frau an der Spitze des VBS. Und es war ein köstliches Bild, das RTS kürzlich zeigte: Ein Mann steht auf einer Leiter und wechselt die goldene Inschrift über Viola Amherds Büro aus. «Chefin des Eidg. Departements für Verteidigung, Bevölkerungsschutz und Sport» steht da nun, statt wie seit je «Chef». Auf die Aktion angesprochen, sagte Amherd, mit leicht triumphierender Stimme: «Das hat mich sehr gefreut.» Dieser Schritt sei wichtig, um den Frauen zu zeigen, was sie erreichen könnten. Frauen in der Wirtschaft, in der Politik - und vor allem Frauen in der Armee: Diesem Thema misst Viola Amherd grosse Bedeutung zu. Sie will dafür sorgen, dass der Militärdienst für Frauen attraktiver wird. Das wichtigste Zeichen kann sie selber setzen, indem sie sich im Männerdepartement VBS durchsetzt. Dass sie eine Frau sei, helfe ihr in ihrer neuen Position, meinen viele überzeugt. Doch die Armee ist hierarchisch und in alten Strukturen verfestigt. So mancher dürfte die erste Frau an der Spitze der Armee zu Beginn belächelt haben. Aber Amherd hat schnell klargemacht, dass man sie nicht unterschätzen sollte. Als Erster bekam das ihr Vorgänger zu spüren. Guy Parmelin überliess Amherd bei der Departementsübergabe das politisch heikle Beschaffungsprojekt für Kampfjets und Bodluv, Air2030. Und nahm an, sie treibe es umgehend weiter voran. Er durfte sich die Augen gerieben haben, als Amherd kurz nach Amtsantritt ankundigte, sie wolle eine Zweitmeinung zum Bericht «Luftverteidigung der Zukunft» einholen. Diesen hatte Parmelin als Grundlage für Air2030 verwendet. Und dann beauftragte Amherd erst noch Claude Nicollier als externen Experten. Der erste Schweizer Astronaut geniesst in der Schweiz zwar hohes Ansehen und ist ehemaliger Mlilitärpilot, doch Kritiker monieren, er sei zu wenig nah an der Materie. Was immer man von dieser unorthodoxen Entscheidung halten mag, Amherd hat damit Präsenz markiert. Sie hat gezeigt, dass sie nicht davor zurückschreckt, ihre Fachleute vor den Kopf zu stossen. Diese Einschätzung teilen selbst diejenigen Sicherheitspolitiker, die ihren Plan skeptisch beäugt haben. Air2030 wird für Amherd eine wichtige Prüfung. Das Geschäft ist politisch heikel, ihr Vorgänger erntete für seinen Vorschlag, Kampfjets und Bodluv zusammen in einem referendumsfähigen Planungsbeschluss zu präsentieren, wenig Beifall. Eher mehrheitsfähig scheint eine Lösung, bei der das Stimmvolk nur über das Budget für die Kampfjets abstimmen kann. Daher wird vermutet, dass sich Amherd dafur entscheiden wird. Auch sonst fallen Unterschiede zum Vorgänger auf. Während Parmelin sich auf wenige Personen aus der SVP verlassen hat, blickt Amherd auch über die Parteigrenzen hinweg. Und verschafft sich damit Respekt. SP- Nationalrätin Priska Seiler Graf sagt: «Viola Amherd spricht nicht nur pro forma mit Politikern verschiedener Parteien, wie das manche Ihrer Vorgänger getan haben, sondern sie hört genau zu und wägt die Argumente ab.» SVP-Nationalrätin Barbara Keller-Inhelder sieht das ähnlich. Amherd sei weder schulmeisterlich noch belehrend, sondern pflege einen offenen und konstruktiven Austausch. Nachdem das Departement jahrelang fest in SVP-Hand war, wird von der Mittepolitikerin aber auch erwartet, dass sie leichter Mehrheiten findet. Als pragmatisch und lösungsorientiert beschreiben frühere Parlamentarierkollegen Amherd. Und finden generell fast nur lobende Worte für sie. Während der Austausch mit Politikern bereits gut funktioniert, gibt es offenbar noch Nachholbedarf bei der Zusammenarbeit mit der Armee, wie eine Person aus Amherds näherem Umfeld durchblicken lässt. Andere finden, sie könnte noch etwas mehr aus sich herausgehen und offensiver kommunizieren. Die Erwartungen an die neue Verteidigungsministerin sind hoch. Und die Ausgangslage ist nicht einfach. Weder im Kampfjetdossier noch bei der Besetzung der frei gewordenen Kaderpositionen. Mit Spannung wird erwartet, wer die Nachfolge von Armeechef Rebord antritt. Seitdem Amherd den Astronauten Nicollier angeheuert hat, weiss man, dass sie für Überraschungen gut ist.",1
neutral,"Der Text beschreibt die Social-Media-Strategie von Sebastian Kurz und der ÖVP, ohne eine klare Meinung oder Bewertung abzugeben. Er beschreibt die Erfolge und die Strategien, die dahinter stecken, aber bleibt neutral und beschreibt auch die Kritik und die Gegner von Kurz.",STD_Facebook_Offline_40,Zeitungsartikel Offline,"Inland Fabian Schmid Bundesland, Niederösterreich, Wien Nur Kurz auf Facebook Binnen kurzer Zeit haben es Sebastian Kurz und die ÖVP geschafft, zum heimischen Vorreiter in der Kommunikation über soziale Medien zu werden. Das funktioniert auch deshalb, weil sie für Kurz einen hohen Stellenwert hat. Online warten überzeugte Fans auf ihn. In der Social-Media-Welt von Sebastian Kurz wird man vom ehemaligen Ö3-Moderator Peter L. Eppinger begrüßt. „Willkommen im Namen von Team Kurz”, sagt er in einem Youtube-Video. Dann zählt Eppinger die vielfältigen Möglichkeiten auf, mit denen man Kurz online unterstützen kann: Man kann Beiträge teilen, liken und kommentieren und natürlich via Whatsapp über aktuelle Ereignisse informiert bleiben. Wer ins Online- Universum des Bundeskanzlers eintaucht, bekommt tatsächlich das Gefühl, „hautnah“ dabei zu sein. Medial mag Kurz zwar als „Schweigekanzler” gelten, der sich zu Kontroversen nur spät oder gar nicht äußert; ein Informationsdefizit über seinen Alltag kann man ihm jedoch nicht vorwerfen - im Gegenteil. Mindestens einmal täglich wird ein schickes Foto auf Instagram geteilt (72.000 Follower), dazu kommen der Whatsapp-Service mit einigen Tausend Abonnenten, der alle paar Tage über Neuigkeiten informiert, ein Twitter-Kanal (329.000 Follower) und Kurz’ Facebook-Seite, die an der Marke von 800.000 Fans kratzt. Gleichauf mit Strache Von diesen Werten können die meisten anderen Politiker nur traumen - mit Ausnahme von Kurz’ Vizekanzler Heinz-Christian Strache, der ebenfalls bei fast 800.000 Facebook-Fans liegt. Setzt man die Zahl der virtuellen Anhängerschaft in ein Verhältnis zur Einwohnerzahl des jeweiligen Landes, liegt Kurz klar vor Frankreichs Präsident Emmanuel Macron (2,3 Millionen Follower), dem Labour-Chef Jeremy Corbyn (1,4 Millionen) und sogar vor Italiens Vizepremier Matteo Salvini (3,5 Millionen). Von den Oppositionsparteien in Österreich ganz zu schweigen - Altbundeskanzler Christian Kern kam gerade einmal auf 240.000 Facebook-Fans. Für den Erfolg der Kurz’schen Social-Media-Strategie sind vor allem zwei Personen verantwortlich: Kristina Rausch und Philipp Maderthaner. Sie gehören zum engsten Vertrautenkreis des Bundeskanzlers - und das seit einem Jahrzehnt. Rausch, heute 27, stiel schon im Alter von 17 Jahren zum Team des jetzigen Bundeskanzlers, der damals Obmann der Jungen OVP war. Sie folgte ihm zu all seinen Stationen: ins Staatssekretariat, ins Außßenministerium, ins Bundeskanzleramt und nun wieder zurück in die Partei, wo sie die digitale Kommunikaton leitet. Social Media sei „passiert” „ES gab nie einen offiziellen Start, dass wir jetzt voll auf soziale Medien setzen”, sagt Rausch zum STANDARD. Vielmehr sei vieles „passiert” und habe sich langsam entwickelt. Das könnte auch daran liegen, dass rund um Kurz ein junges Team werkt - und der Chef selbst Social-Media-affn ist. „Es ist definitiv ein Der Standard 19 Augenmerk, das Sebastian Kurz hat”, bestätigt Rausch, „er nimmt sich auch Zeit dafür, ein Video für Facebook aufzunehmen.” Soziale Medien hätten für Kurz „einen Stellenwert”, anders würde es auch nicht funktionieren: „Das muss auch vom Chef kommen.” Neben Rausch ist es vor allem Philipp Maderthaner, der den Onlineauftritt des Bundeskanzlers perfektioniert hat. Nach diversen Stationen bei der OVP gründete er 2012 sein „Campaigning Bureau”, schon 2013 betreute er den Vorzugsstimmenwahlkampf des damaligen Staatssekretärs Sebastian Kurz; 2017 war er für die gesamte OVP-Kampagne verantwortlich. Für Maderthaner ist vor allem die Einbindung der Unterstützer wichtig. Mit dem „CamBuildr” hat seine Firma ein eigenes Tool entwickelt, um Fans „zu aktivieren”. Auch Rausch sieht in der täglichen Arbeit, wie wichtig es ist, Nutzer zur Mithilfe aufzufordern. „Wenn wir konkret darum bitten, dass Menschen unsere Beiträge liken oder weiterleiten, sehen wir tausende Interaktionen, sonst vielleicht nur einige Hundert”, erzahlt Rausch. Eine dieser Personen, die in sozialen Medien freiwillig und unbezahlt für die Sache von Kurz kämpft, ist Gabriele Beierl. Taucht ein kontroverser Tweet rund um Kurz oder die OVP auf, dauert es meistens nicht lang, bis Beierl sich zu Wort meldet. „Ich komme aus einer hochpolitischen Familie, mein Vater war Sekretär bei Bundeskanzler Julius Raab”, erzählt Beierl dem STANDARD. Sie habe sich selbst auf kommunaler Ebene politisch engagiert, bis sie aufgrund einer schweren Krankheit in Pension ging. Dann fing sie verstärkt an, in sozialen Medien aktiv zu sein; recherchierte etwa über ein illegales Pyramidenspiel, das 2015 aufflog. Dann kam der endgültige Aufstieg von Sebastian Kurz, und Beierl war sofort begeistert und überzeugt von ihm. Jetzt betreut sie eine Facebook-Fanseite für Kurz und ist auf Twitter aktiv. Meistens mache ihr das Spaß, auch wenn sie es „schon fast als Arbeit“ empfinde. Politischen Gegnern schreibt sie nur selten, auch der Tonfall n sozialen Medien macht ihr zu schaffen. Aber sie sei von Kurz „überzeugt” und wolle deshalb dessen Botschaft verbreiten. Zuerst die FPÖ, dann Kurz Beierl ist nicht die Einzige, die man als eine Art Kampfposterin für Kurz bezeichnen kann. Inzwischen engagieren sich zahlreiche User unentgeltlich für die Verbreitung der Anliegen der OVP. Vor dem Aufstieg von Kurz waren es vor allem die Freiheitlichen, die auf diese Art mobilisieren konnten. Die Partei entdeckte früh die Möglichkeiten sozialer Medien und baute ein eigenes Paralleluniversum auf, um ihre Botschaft unter die Leute zu bringen - etwa über parteinahe Blogs, die Youtube-Sendung FPO-TV oder natürlich Straches Facebook-Seite. Bei der OVP sah man derartige Aktivitäten lange als unnötig an - auch weil man es leichter hatte, n klassischen Medien vorzukommen. Verantwortlich sind für die Betreuung von Kurz’ Kanälen übrigens nur Rausch und ein zweiter Mitarbeiter. „Man braucht schon Leute, die grundlegend von dieser Arbeit überzeugt sind”, sagt Rausch. Sie ist jedenfalls auf die Zukunft gespannt: „Ich warte schon darauf, was nach Facebook und Co kommt - oder ob es jetzt immer so weitergeht. Kurz dominiert Facebook-Kommunikation bei ÖVP Antele der Parteiobmänner an Regierungskommunikation aus jeweiligen Parteien Sebastian Kurz und Heinz-Christian Strache sind bei den Facebook-Auftritten der Regierungsmitglieder und - parteien wenig überraschend die zentralen Figuren. Während sch n der FPO-Bundespartei und ihrer Regierungsmannschaft auch andere reichweitenstarke Seiten als die von Strache finden (Harald Vilimsky, Johann Gudenus), erzielt Sebastian Kurz auf seiner Seite fast 80 Prozent der Interaktionen, die die OVP-nahen Seiten der Regierung generieren. *Berücksichtigt wurden die eindeutig zuordenbaren Facebook-Seiten der Bundesparteien und Bundesparteiobmänner, der Generalsekretäre, der Klubobmänner im Parlament, der Minister und Der Standard 19 Staatssekretäre sowie der Ministerien selbst, die der Parte der jeweiligen Minister zugeordnet wurden (ausgenommen wurde die Seite des Bundesheeres, deren Facebook-Postings überwiegend das Tagesgeschäft des Heeres zum Gegenstand haben). Quelle: Crowdtangle, Fotos: Robert Newald, Picturedesk /Georges Schneider",1
neutral,"Der Artikel beschreibt das Gesetzespaket von Jens Spahn, das sich auf mehr Termine, mehr Leistungen und mehr Digitalisierung im Gesundheitswesen konzentriert. Die Reaktionen der Politiker sind gemischt, einige sehen es als Erfolg, andere als Kostenfaktor. Der Artikel beschreibt die verschiedenen Aspekte des Gesetzespaketes, wie die Terminvergabe, die Pflege, die Digitalisierung und die Kosten. Es gibt keine eindeutige positive oder negative Tendenz im Artikel, daher ist die Stimmung neutral.",SZ_Twitter_Offline_21,Zeitungsartikel Offline,"Politik Bayern, Deutschland Das Nächste, bitte! Mehr Termine, mehr Leistungen, mehr Digitalisierung: Jens Spahns größtes Gesetzespaket geht in die Abstimmung Berlin - Jens Spahn ist überaus zufrieden mit der Tagesordnung des Bundestags an diesem Donnerstag. ""Ich find’ s 'ne schöne Fügung', sagt der CDU-Bundesgesundheitsminister dazu, dass sein bislang größtes Gesetzesvorhaben ausgerechnet an diesem 14.März verabschiedet werden soll - exakt ein Jahr nachdem er ins Amt gekommen ist. Am Jahrestag der grofsen Koalition sollen die Abgeordneten Spahns Terminservice- und Versorgungsgesetz verabschieden. Im Prinzip, so hat Spahn es im Vorfeld noch einmal erklärt, besteht sein Gesetzespaket aus drei Päckchen: mehr Termine, mehr Leistungen, mehr Digitalisierung. Vor allem drei ""Aufregerthemen' will er mit seinem Sammelgesetz befrieden. Der erste Aufreger sei, warum der privatversicherte Nachbar nächste Woche einen Arzttermin bekomme, man selbst als gesetzlich Versicherter aber erst in drei Monaten. Nummer zwei: die Pflege. ""Viele haben den Eindruck, da ist der Alltag nicht so, wie er sein sollte"", sagt Spahn. Und schließlich die Digitalisierung, untrennbar verbunden mit der elektronischen Gesundheitskarte, an deren Einführung diverse Gesundheitsminister seit mehr als zehn Jahren regelmäfßsig scheitern. Oder wie Spahn es mit Blick auf den nicht eröffneten Berliner Großflughafen nennt: ""der BER der Gesundheitswirtschaft'. Auch die Koalitionspartner der SPD scheinen das Gesetz allerdings für sich als Erfolg zu verbuchen. ""Ein Megaschritt Richtung Bürgerversicherung, den die SPD durchsetzen konnte‘, twitterte Karl Lauterbach, der die Verhandlungen gemeinsam mit Sabine Dittmar (SPD) geführt hatte, bereits am Dienstag. ""Das ist ein richtiger Abbau der Zweiklassenmedizin', sagte auch die SPD-Vorsitzende Andrea Nahles. Spahns Dreifelderwirtschaft wird die Versicherten jährlich rund 1,8Milliarden Euro kosten. In Sachen Terminvergabe schätzt das Ministerium die Kosten auf 600 bis 800Millionen Euro, weil Ärzte mehr Geld bekommen für die zusätzlichen Leistungen, die Spahn ihnen abverlangt. Künftig müssen niedergelassene Ärzte nämlich mindestens 25Stunden in der Woche als Sprechstunden anbieten, bestimmte Fachärzte (etwa Frauenärztinnen oder Augenärzte) davon fünf als offene Sprechstunden, für Patienten ohne Termin. Die Behandlung von Patienten in diesen offenen Sprechstunden, aber auch von neuen Patienten und solchen, die durch die Terminservicestelle oder einen Hausarzt vermittelt wurden, können Ärzte künftig zusätzlich abrechnen. ""Das ist der Einstieg in den Ausstieg aus der Budgetierung‘, sagt Gesundheitsminister Jens Spahn. Ein Hausarzt wiederum, der seinem Patienten erfolgreich einen Facharzttermin vermittelt, bekommt dafur zehn Euro. Ausgeweitet werden sollen zudem die Leistungen der Terminservicestellen selbst. Von 2020 an sollen sie auch Termine bei Haus- und Kinderärzten vermitteln und rund um die Uhr unter der einheitlichen Nummer116117 erreichbar sein. Die Wartezeit auf eine psychotherapeutische Akutbehandlung darf in Zukunft zwei Wochen nicht überschreiten, mittelfristig soll es auch Apps geben, durch die Versicherte Termine ergattern können. Zuschläge sieht Spahns Gesetz darüber hinaus für Ärzte auf dem Land vor; in Gebieten mit Ärztemangel müssen die Kassenärztlichen Vereinigungen zudem künftig selbst Praxen eröffnen oder Alternativen anbieten, Telemedizin zum Beispiel oder mobile Praxen. Verbesserungen in der Pflege verspricht Spahn sich davon, dass in Zukunft ambulante Pflegedienste auch reine Betreuungsdienste anbieten dürfen - von Hilfe im Haushalt über Spaziergänge bis zu Gedächtnistraining. Das Ziel: eine bessere Pflege zu Hause. Profitieren sollen auch Zahnpatienten: Die festen Zuschüsse der Krankenkassen zum Zahnersatz werden von derzeit 50 auf 60Prozent erhöhen - allerdings erst von Oktober2020 an. Kosten wird das etwa 570Millionen Euro im Jahr. Süddeutsche Zeitung (D) 19 Weitere 600Millionen Euro fließen in höhere Honorare für Physio-, Ergo- oder Sprachtherapeuten. Unter anderem werden die Preise für deren Leistungen angeglichen - und zwar indem sie auf das bundesweit höchste derzeit geltende Niveau gehoben werden. Gegen den Hebammenmangel dagegen finden sich in dem Sammelgesetz, in dem noch zig weitere Regelungen im Gesundheitswesen geändert werden, keine wirklich weitreichenden Vorschläge. Geplant ist lediglich ein Onlineverzeichnis, um die Suche zu erleichtern - und Geld für Kliniken, die ihren Hebammen bei der Vereinbarung von Beruf und Familie helfen, etwa mit Betreuungsangeboten. Das Langzeitdesaster der Digitalisierung Im deutschen Gesundheitswesen will der Minister durch mehr Druck in den Griff kriegen. Bis 2021 müssen die Krankenkassen spätestens elektronische Patientenakten anbieten; Versicherte sollen dann auch vom Handy oder Tablet aus auf ihre Gesundheitsdaten zugreifen können. Ebenfalls 2021 soll der ""Gelbe Schein"" verschwinden; krank geschrieben wird dann nur noch digital. Die mit der elektronischen Gesundheitskarte beauftragte Gesellschaft für Telematik wird zudem künftig zu 51Prozent in der Hand des Gesundheitsministeriums sein. H.ROSSBACH, J.LANG Bild: Gesundheitsminister in Aktion: Jens Spahn (vorne) bei der Besichtigung der Martini-Klinik in Hamburg im Sommer 2018. Foto:Christian Charisius / dpa",1
,,STD_Facebook_Offline_19,Zeitungsartikel Offline,"THEMA Colette M. Schmidt Bundesland Abend, Bundesland Zusammen auf Demos, beim Wirt und im Büro Die Vernetzungen zwischen der Freiheitlichen Partei und der Identitäaren Bewegung sind österreichweit auf vielen Ebenen engmaschig Bei den Identitären mitzutun steht nicht im Widerspruch zu unserem Parteistatut”, stellte der Grazer Vizebürgermeister Mario Eustacchio 2016 fest. Eustacchio, im November 2015 selbst Teilnehmer einer Identitäaren-Demo in Spielfeld, weiß, wovon er spricht. Um über Verbindungen zwischen der FPÖ und den Identitären zu stolpern, kann man auch ganz oben beginnen: in der Bundespartei. In der Regierung. Vizekanzler und FPÖ-Parteichef Heinz-Christian Strache zog erst vor wenigen Wochen eine Klage gegen den Politikberater Rudolf Fussi zurück, der ihm ein „gemütliches Beisammensein” mit Identitären attestiert hatte und das auch mit Fotos belegen konnte - DER STANDARD berichtete. Vertreten wurde Strache von einem Anwalt, der auch Identitären-Chef Martin Sellner zu seinen Klienten zählt. Innenminister Herbert Kick! (FPÖ) bezeichnete bei einer Rede auf dem rechtsextremen Kongress „Verteidiger Europas” 2016 sein Auditorium, das auch aus Identitären bestand, als „Gleichgesinnte“. Berührungsängste hatte man auch auf dem jüngsten Akademikerball im Jänner nicht: Unter den Ballgästen war neben Strache und Sozialministerin Beate Hartinger-Klein (FPO) auch wieder Sellner. Gesellig ging es nach dem Fotomaterial auch im November 2018 bei einem Stammtisch des Rings Freiheitlicher Jugend (RFJ) in Wien zu, an dem der Wiener Vizebürgermeister Dominik Nepp (FPO) gemeinsam mit führenden Identitären teilnahm. „Reiner Zufall”, kommentierte das sein Büro auf STANDARD- Nachfrage. Doch man braucht sich nicht mit zwanglosen Wirtshaustreffen und Tanzveranstaltungen aufzuhalten. Sieht man sich die verschiedenen Ebenen an, in denen blaue Mandatare sitzen, also Parlament, Landtag, Gemeinderäte und Bezirksräte, findet man in einer immer gröfseren Dichte auch Identitäre oder Freunde dieser. Unter den parlamentarischen Mitarbeitern und Mitarbeiterinnen der FPO fanden und finden sich Identitäare. Von manchen musste man sich aus einschlägigen Gründen trennen, andere blieben. In der Steiermark findet man - auch abseits von Eustacchio - quas auf jeder Ebene Bezüge zu den Identitären: Der Dritte Landtagspräsident Gerhard Kurzmann marschierte 2017 bei einer Identitären-Demo in Graz mit. Ihm zur Seite war Luca Kerbl, der 2016 als FPO-Bezirksobmann des Grazer Bezirks Lend und als Identitärer auf das Dach der steirischen Grünen kletterte, wo man ein Transparent entrollte und Kunstblut verschüttete. Der Standard 19 Besonders gut vernetzt ist der Grazer Gemeinderat und Burschenschafter Heinrich Sickl, der 2018 unter Protest angelobt wurde. Der 1973 n Kärnten geborene Sickl ist Obmann des Freiheitlichen Akademikerverbandes und war in dieser Funktion lange Mitherausgeber der rechtsextremen und 2018 eingestellten Aula. Er ist der Vermieter der Identitären Bewegung Österreich, die ihre Zentrale in Graz hat. Auch der RFJ Burgenland pflegte immer wieder gute Kontakte zum rechtsextremen Verein und richtete 2015 mit ihm einen Vortrag zum Thema „Der große Austausch” aus. Die Sprache der Freunde Man trifft sich auf Demos, in Büros, am Stammtisch und in sozialen Medien, und die Sprache der Identitären hat längst in blaue Politbüros Einzug gehalten. Die Grenzschutzübung der Ministerien von Innenminister Kick| und Verteidigungsminister Mario Kunasek in der Südsteiermark fand 2018 unter dem Titel „Pro Border”, einem Identitären-Slogan, statt. Strache postete 2016 und 2017 auf Facebook, dass der „Bevölkerungsaustausch”, den die Identitären als Verschwörungstheorie verbreiten, bereits vollzogen sei. Ein Begriff, der nicht nur ihm gefällt: Das Manifest des mutmaßlichen Attentäters von Christchurch heißt „The Great Replacement“. Bild: Dieses Bild war Gegenstand eines Gerichtsverfahrens: Vizekanzler Heinz-Christian Strache am Wirtshaustisch mit Identitären. . Bild: Foto: Screenshot Facebook / via FPÖ Fails",-1
neutral,"Der Artikel beschreibt die Wahl im Kanton Zürich und die Wahl von Frauen in das Parlament. Es wird erwähnt, dass der Frauenanteil im Parlament gestiegen ist, aber es wird keine eindeutige Meinung oder Bewertung geäußert. Der Artikel beschreibt die Wahl von einzelnen Frauen und ihre Erfolge, aber es wird keine emotionale oder parteiische Haltung eingenommen.",NZZ_Twitter_Offline_8,Zeitungsartikel Offline,"Schweiz Michael von Ledebur, Lena Schenkel, HALUKA MAIER-BORST Schweiz Das Zurcher Parlament wird weiblicher als je zuvor Die Wahlberechtigten bevorzugten Frauen gegenüber Männern auf den Wahllisten - bei den Bürgerlichen wie bei den Linken Michael von Ledebur, Lena Schenkel, HALUKA MAIER-BORST Die Abwahl von Hans-Jakob Boesch aus dem Kantonsrat passt zum missglückten Wahlsonntag aus freisinniger Sicht. Weil die FDP in den Wahlkreisen 3 und 9 einen Sitz einbüsst, verpasst Boesch die Wiederwahl. Der Parteipräsident bleibt mit einer Differenz von 28 Stimmen hinter einer jungen Frau zurück, die erstmals für den Kantonsrat kandidiert hat und über wenig politische Erfahrung verfügt: Angie Romero, mit der Boesch teilweise gemeinsam Wahlkampf gemacht hatte. Dass sie auf seine Kosten ins Parlament einzieht, trübt ihre Freude über den ersten grossen politischen Erfolg. Sie sagt: «Einerseits freue ich mich, andererseits nicht.» Romero steht für einen Trend. Noch nie waren so viele Frauen im Kantonsrat wie in der kommenden Legislatur. 7/2 Frauen haben den Einzug ins Parlament geschafft: Heute sind dort 60 von 180 Parlamentariern weiblich. Bereits im Vorfeld war die hohe Zahl weiblicher Kandidaturen aufgefallen. Diesmal wird es auch tatsächlich zu einem hohen Frauenanteil im Kantonsrat führen. Der Anteil Frauen bei den Kandidierenden lag bei 41,4 Prozent, im Kantonsrat sind es bald 40 Prozent - nur noch ein minimer Unterschied. Romero hat sich stark für ihre Wahl eingesetzt. Davon zeugt ihre Twitter-Timeline: Selfie von der FDP-Demo, Selfie von der Flyer-Aktion, Kurzvideos vor allem zu Bildungsthemen. Sie ist Mutter zweier Kinder im Kindergartenalter und sitzt in der lokalen Schulbehörde. Beruflich arbeitet die Juristin am Bezirksgericht Zürich als Geschäftsleitungsmitglied. Als Ersatzrichterin lag ein Parteieintritt nahe, und für Romero war es klar, dass es die FDP sein muss. Als Frau sei sie in der Partei mit offenen Armen empfangen worden und habe einen guten Listenplatz erhalten. Davon, dass sie als Frau bei den Wahlberechtigten einen Vorteil haben könnte, habe sie im Wahlkampf nichts gespürt. Womöglich haben auch lokale Gegebenheiten eine Rolle gespielt, denn es trat eine Altstetterin gegen einen Wiediker an. Altstetten stellt deutlich mehr Wahlberechtigte, und Romero ist als Mitglied des lokalen Quartiervereins und über den Vorstand des Alters- und Pflegezentrums Herrenbergli stark vernetzt. Man mag einwenden, dass der gestiegene Frauenanteil eine Folge des Linksrutsches im Kanton Zürich sei. Die Wahlsiegerinnen, die Grünen und die GLP, waren mit Zebra-Listen - abwechslungsweise einer Frau und einem Mann - angetreten oder setzten gezielt Frauen auf potenzielle Nachrutschplätze ihrer Listen. Doch die Zahlen zeigen etwas anderes: Sowohl linke als auch bürgerliche Wählerinnen und Wähler strichen männliche Bewerber durch oder notierten Frauen doppelt und liessen sie auf der jeweiligen Liste nach vorne wandern. Neue Zürcher Zeitung (CH) 19 Vier Plätze gut machte etwa Nina Fehr Düsel (svp.) im Bezirk Meilen: Sie überholte alle (männlichen) Parteikollegen und wurde mit 8631 Stimmen komfortabel wiedergewählt. Die Neu-Küsnachterin war zuvor als aus der Stadt Zürich Zugezogene hinter die Bisherigen auf die Liste gesetzt worden. Trotz dieser für sie schwierigen Ausgangslage und obwohl die Partei im Bezirk einen Sitz verlor, schaffte Fehr Düsel die Wahl problemlos. Ausgerechnet in der SVP, die mit einem Viertel den geringsten Frauenanteil auf ihren Wahllisten auswies, findet sich auch das extremste Beispiel einer weiblichen Senkrechtstarterin: Daniela Rinderknecht figurierte im Wahlkreis Bülach auf dem aussichtslosen Listenplatz 13 und wurde am Ende als Vierte ins Parlament gewählt. Eindrucksvoll war auch die Performance, die Sara Akanj (sp.) hinlegte. Akanj, Captain und Gründerin der Frauenmannschaft des FC Winterthur und Schwester von Nationalmannschaftsverteidiger Manuel Akanj, holte 8557 Stimmen und überflügelte bei ihrer ersten Kandidatur für ein politisches Amt sämtliche Mitbewerber. Akanj wurde bekannt, weil sie sich in Winterthur mit Erfolg für ein Spitzenteam im Frauenfussball eingesetzt hat. Darauf fuhrt sie ihren Wahlerfolg zurück. In der Parteipolitik sei sie ein Neuling, m Politisieren aber nicht, sagt sie. Akanj interpretiert den Wahlerfolg vieler Frauen als Ausdruck des Zeitgeists: «Es war nicht nur eine grüne Wahl, sondern auch eine der Frauen und der Jungen.» Sie sagt, sie selbst habe sich aufstellen lassen, weil ihr ein besseres Abbild der Gesellschaft im Kantonsrat wichtig sei. Diesbezüglich habe der Wahltag einen wichtigen Fortschritt gebracht. Besonders augenfällig ist der gestiegene Frauenanteil in der grünliberalen Fraktion: Auf ihren neu 23 Sitzen werden 12 Frauen Platz nehmen; von den 10 neu Gewählten sind 9 weiblich. Auf die Frage, ob dies auch die Politik im Kantonsrat verändern werde, meint GLP-Co-Parteipräsidentin Corina Gredig, dass ihre Partei ein besonderes Augenmerk auf Gleichstellungsproblematiken und die Vereinbarkeit von Familie und Beruf haben werde. Überparteilich liessen sich hier womöglich neue Mehrheiten finden für Lösungen, welche die Chancengleichheit im Erwerbsleben stärkten wie etwa die Individualbesteuerung oder Betreuungsgutscheine für die Kleinkinderbetreuung.",1
negativ,"Die Textanalyse zeigt, dass die allgemeine Stimmung des Artikels negativ ist. Die Reaktionen von Politikern wie Andreas Scheuer, Linda Teuteberg und Johannes Kahrs sind überwiegend abweisend und kritisieren Kühnerts Ideen als 'rückwärtsgewandt','verschroben' und'sozialistische Auswüchse'. Die Verwendung von Begriffen wie 'Unfug' und 'grober Unfug' unterstreicht die negative Stimmung. Auch die Überschriften wie 'Auferstanden aus Ruinen' und 'Linker Träumer' haben eine negative Konnotation.",Bild_Twitter_Offline_11,Zeitungsartikel Offline,"2 Bund Juso-Chef fantasiert von ""Überwindung des Kapitalismus"" SPD-Kühnert will BMW enteignen SPD-Kühnert traumt vom VEB* BMW pet Die umstrittenen Äußerungen von Kevin Kühnert (29, SPD) Berlin - Auferstanden aus Ruinen: 30 Jahre nach dem Untergang der DDR träumt die SPD wieder vom Sozialismus! Konkret: Juso-Chef Kevin Kühnert (29) nennt im ""ZEIT""-Interview sein Ziel - die ""Überwindung des Kapitalismus’! Kühnert will nichts weniger als die Vergesellschaftung deutscher Konzerne wie BMW! Stofsrichtung: ""Ohne Kollektivierung ist eine Überwindung des lektivierung Kapitalismus nicht denkbar."" Heißst: Enteignung! Der Berliner ist in der SPD-Spitze zusammen mit Mecklenburgs Regierungschefin Schwesig zuständig für das neue Sozialstaats-Konzept. In der ""ZEIT"" gibt's einen Vorgeschmack: Ihm sei ""weniger wichtig, ob am Ende auf dem Klingelschild von BMW ‚staatlicher Automobilbetrieb' steht oder ‚genossenschaftlicher Automobilbetrieb‘"". Entscheidend sei, dass die Verteilung der Profite demokratisch kontrolliert werde. Kühnert: ""Das schließt aus, dass es einen kapitalistischen Eigentümer dieses Betriebes gibt."" Die Frage sei, ‘warum es wenige Menschen geben soll, denen BMW exklusiv gehört und die das weitgehend alleinige Recht haben, über Gewinne zu verfügen‘. Was Kühnert (ohne Berufs- oder Studienabschluss) übersieht: BMW ist schon im ""Kollektivbesitz"" - als Aktiengesellschaft! BMW selbst lehnte eine Stellungnahme gestern ab. Verkehrsminister Andreas Scheuer (44, CSU), zu BILD: ""Zum Glück haben wir den Sozialismus überwunden."" Kühnerts Thesen zeigten ""das rückwärtsgewandte und verschrobene Retro-Weltbild eines verirrten Fantasten.. FDP-Generalsekretärin Linda Teuteberg (37) sprach von ""sozialistischen Auswüchsen. Die SPD muss dringend ihr Verhältnis zum Eigentum klären."" Kühnert solle ""das Godesberger Partei-Programm statt Karl Marx lesen'. Der SPD-Haushaltsexperte Johannes Kahrs (55) twitterte am Abend: ""Was für ein grober Unfug. Was hat der geraucht? Legal kann es nicht gewesen sein."" Bild: Foto: UWE STEINERT / IMAGO Bild: Linker Träumer: Juso-Chef Kevin Kühnert setzt auf Sozialismus Bild: *DDR-Abkürzung für ""Volkseigener BILD (D) 19 Betrieb‘ Bld: Foto: UWE KOCH/ PUBLIC AD",-1
neutral,"Der Artikel beschreibt den Machtwechsel in der SPD in Schleswig-Holstein, bei dem Serpil Midyatli die neue Vorsitzende wird. Der Artikel ist neutral, da er sowohl die positiven als auch die negativen Aspekte der Situation beschreibt. Serpil Midyatli wird als selbstbewusst und spontan beschrieben, während Ralf Stegner als eine Marke und ein Kaltblüter dargestellt wird. Der Artikel beschreibt auch die Themen, die Serpil Midyatli in der Zukunft priorisieren wird, wie Kitas, Migration und Sozialstaat. Der Artikel ist neutral, da er keine klare Meinung oder Bewertung der Situation ausdrückt.",SZ_Facebook_Offline_34,Zeitungsartikel Offline,"Politik Munchen, Bayern Die Frau nach Stegner Serpil Midyatli soll künftig die SPD in Kiel leiten, ihr Vorgänger bleibt Fraktionschef Kiel- Zum Machtwechsel der SPD im Norden gehört auch dies, Serpil Midyatli erwähnt es beim munteren Gespräch in der Kieler Landtagskantine beiläufig. Twitter? ""Ich bin gar nicht auf Twitter‘, sagt die Frau, die am Samstag die erste SPD-Vorsitzende in Schleswig-Holstein werden dürfte. Wozu, ihr genügen Facebook und Instagram. Ralf Stegner, der sein Amt nach zwölf Jahren räumt, twittert dagegen sagenhaft. Er hatte bis zum Freitag um 16.06 Uhr insgesamt 46446 ITweets abgesetzt - circa einen pro Follower, mehr als Donald Trump. Als Titel ganz oben auf seiner legendären Twitter-Seite steht derzeit: #SPDerneuern. ""Parteireform überzeugt mich mehr‘, sagt Stegner. Er sitzt zwei Tage vor der mutmaßlichen Wahl seiner Nachfolgerin leicht nostalgisch in seinem Büro mit Blick auf die Kieler Förde. Wie lange dauere es vom ersten Gedanken bis zum Tweet, wurde er in einer Sendung gefragt, Antwort: ""Manchmal ist das gleichzeitig"", siehe Twitter. Sein Tag begann live im Morgenmagazin sowie wie üblich mit seinem digitalen Morgengruß aus Bordesholm, wo er wohnt, samt Musiktipp ""für euch da draußen im digitalen Orbit. Diesmal: ""Don't give up"" von Peter Gabriel. Gib’ nicht auf, doch in diesem Fall fügt er sich. serpil Midyatli ist die einzige Kandidatin beim Landesparteitag am Wochenende in Norderstedt, Stegner verzichtet. Und ob man das Erneuerung oder Reform nennt - es endet eine Ara. Die 43-jährge Midyatli wird den 59-jährgen Stegner ablösen, das Talent den Mentor. Er hatte sie 2009 so auf die Wahlliste gesetzt, dass sie in den Landtag kam. Sie gab Ende August 2018 ihre Kandidatur bekannt. Er meldete erst danach, dass er nicht mehr antreten werde. Er habe es vorher für sich beschlossen gehabt, sagt er. ""Das einzige, was unrund war, waren die Zeitpunkte, wann wir was gesagt haben. Er unterstützt sie nun. Fraktionsvorsitzender und Vize der Bundes-SPD bleibt der Linksaußen Stegner bis auf Weiteres, für den Fraktionsvorsitz will er im Sommer wieder kandidieren. Man wird sehen. ""Ich gehe nicht in Ruhestand, ich gebe nur eines meiner Amter auf‘, sagt er. ""Ich bin 59 und nicht 79, die Kampfkraft ist noch komplett da. Aber klar, er halt am Samstag seine Abschiedsrede an der Landesparteispitze, er hat wochenlang an dem Text gefeilt. Wehmut? ""Natürlich, ich habe das mit großer Leidenschaft und Emotion gemacht."" Seine Rückschau fällt so zwiespaältig aus, dass Stegner dafür die doppelte Verneinung wählt: ""nicht unzufrieden."" Er hat mit der SPD gewonnen, sie bundesweit mitgeprägt - und mehrere Wahlen verloren. 2017 wurde Daniel Günther von der CDU überraschend Ministerpräsident, nach einem verkorksten Wahlkampf von Vorgänger Torsten Albig und der SPD. Günthers Jamaika-Bündnis folgte der Küstenkoalition aus SPD, Grünen und SSW. Da brodelte etwas in Serpil Midyatl. ""Wenn man so einen Reformprozess macht, dann braucht es auch einen Wechsel an der Spitze, um außerhalb der Partei glaubwürdig wahrgenommen zu werden', sagt sie jetzt. ""Mein Mann sagte nach meiner Entscheidung: na, endlich."" Stegner zog nach. Politisch sind sich die zwei ähnlich, sie vertreten beide die linke SPD, aber ihre Gesichter und Geschichten unterscheiden sich doch erheblich. Stegner ist eine Marke. ""Die meisten wissen, das ist der Sozi', sagt er. Rüstungsexportstopp, Rente, Brexit - Stegner kann man immer fragen, seine Schärfe könnte auch geholfen haben, die AfD in Schleswig-Holstein klein zu halten. Er kann sogar witzig sein. ""Sie sind netter, als ich dachte‘, würden viele Leute zu ihm sagen. ""Besser als umgekehrt‘, findet Stegner. Andererseits halten ihn Zuschauer häufig für mies gelaunt, was er mit dem Hinweis entschuldigt, dass er sich halt nicht gleichzeitig konzentrieren und nett schauen könne. Und im Vergleich zu Serpil Midyatl sei er ""temperamtsmäßig ein Kaltblüter"", sagt Stegner. Sie sei ein politischer Vulkan. Süddeutsche Zeitung (D) 19 Serpil Midyatl kommt beschwingt ins Landtagscafe, holt Kaffee an der Theke und räumt nachher ab. Sie lacht viel. Schleswig-Holsteins künftige SPD-Chefin wurde 1975 in Kiel geboren, ihre Eltern kamen aus der Türkei. Mit 19 eröffnete sie das Familienrestaurant, 2000 wurde sie als Unternehmerin von ihrem Vorbild Heide Simonis auf einer Bühne zur SPD geholt. Frau, Migrationshintergrund, zweisprachig, Muslimin, Mutter: ""Das prägt einen natürlich, weil man sich immer beweisen musste, weil einem wenig zugetraut wurde‘, sagt sie. Die Haare hat sie sich mal aus Protest kurz schneiden lassen. Sie ist spontan, selbstbewusst, sagt Sätze wie: ""Ich war 16 Jahre lang selbständig. Sie gehen nicht mit dem niedrigsten Preis in eine Verhandlung."" Und: ""Ich bin seit zwölf Jahren im Landesvorstand, die Genossinnen und Genossen kennen mich."" Ihre Themen sind Kitas, Migration, Sozialstaat. Sie organisiert gerne, nun soll sie diese SPD führen, 17000 Mitglieder, man wird über Fraktionsvorsitz und Spitzenkandidatur diskutieren. Das Profil der Parte will Midyatl schärfen, sie ""personell breiter aufstellen‘. Stegner? Er habe sie gefördert, ""aber ich habe meine Chancen selbst genutzt‘. Da sei kein Machtkampf. Stegner sagt: ""Serpil wird ein gutes Ergebnis kriegen. Bei ihm am Samstag auch auf Twitter. PETER BURGHARDT Bild: Se will die Parte breiter aufstellen: Schleswig-Holsteins designierte SPD-Chefin Serpil Midyatl. Foto:dpa",0
neutral,"Der Text enthält eine Vielzahl von Themen, darunter Politik, Kritik und rechtliche Anforderungen. Es gibt keine eindeutige positive oder negative Tendenz, sondern eher eine neutrale Darstellung von Fakten und Ereignissen.",STD_Facebook_Offline_31,Zeitungsartikel Offline,"Inland Bundesland, Niederösterreich Seilseil, heilheil: Aufregung um Gudenus’ Passwörter / RH kritisiert Nebenjobs von Uniprofessoren / Gesundheitsberufe: Registration bis 30. Juni KURZ GEMELDET Wien - Die im Netz aufgetauchten Politiker-Logins sorgen für Aufregung. FPÖ-Klubobmann Johann Gudenus verwendete zu einem früheren Zeitpunkt das Passwort „seilseil”. Das bestätigte er der Rechercheplattform Addendum. Login-Versuche auf Facebook mit seiner E-Mail-Adresse legen jedoch nahe, dass auch „heilheil” vorübergehend in Verwendung war. Das dementiert die FPO auf Anfrage des STANDARD. Die Vorwürfe gab es schon 2016. Damals sagte die FPO, das Konto sei gehackt worden. (br) Wien - Der Rechnungshof kritisiert einen zu laxen Umgang mit Nebenbeschäftigungen von Uniprofessoren. In einem neuen Bericht fordert er konkretere Regelungen und regelmäßige Erinnerungen an die Meldeverpflichtungen samt Verweis auf mögliche Sanktionen bei Nicht-oder Falschmeldungen. Ein überraschendes Ergebnis: Obwohl an der Uni Wien fast doppelt so viele Professoren beschäftigt waren, gab es dort nur halb so viele Meldungen zur Nebenbeschäftigung wie in Innsbruck (200 versus 376). () Wien - Der Aufbau des Gesundheitsberuferegisters geht in die Endphase. Die Frist für Anträge endet am 30. Juni 2019. Beschäftigten, die bis dahin nicht registriert sind, drohen der Verlust der Berufsberechtigung und Geldstrafen bis zu 3600 Euro. Die Aufnahme ins Register - persönlich oder online - beantragen müssen Beschäftigte, die schon am 1. Juli 2018 in einem Gesundheitsberuf gearbeitet haben. In den bisher zehn Monaten des Aufbaus hat die AK österreichweit schon mehr als 150.000 Anträge erfasst. ()",-1
negativ,"Der Text beschreibt die politische Karriere von Markus Frohnmaier, einem Mitglied der AfD, und seine Methoden, um politische Macht zu erlangen. Frohnmaier wird als Provokateur dargestellt, der sich auf die Stimulation von Emotionen und die Schaffung von Konflikten spezialisiert. Seine Reden und Äußerungen sind oft aggressiv und beleidigend, was zu einer polarisierten politischen Landschaft beiträgt. Der Text zeigt auch, wie Frohnmaier und die AfD von der Medienlandschaft profitieren, indem sie Provokationen und Konflikte nutzen, um Aufmerksamkeit zu erlangen. Die AfD wird als eine Partei dargestellt, die sich auf die Ausnutzung von Emotionen und die Schaffung von Konflikten spezialisiert, anstatt auf die Lösung von Problemen und die Förderung von Dialogen.",SZ_Facebook_Offline_23,Zeitungsartikel Offline,"Magazin Prnt Der Scharfmacher Der AfD-Bundestagsabgeordnete Markus Frohnmaier lebt vom gleichen Erfolgsprinzip wie seine Partei: der Provokation. Was bleibt, wenn hm diese Methode zu riskant wird? Text RAPHAEL THELEN Fotos THOMAS VICTOR Er trittan das Rednerpult. Eine Deutschlandfahne schlingt sich darum. Seit Hauptschultagen träumt er davon, auf großer Bühne zu stehen. Im Oktober 2015, kaum zehn Jahre und einige Tabubrüche später, ist es so weit. Bjorn Höcke hat ihn eingeladen. Markus Frohnmaier blickt über den Erfurter Domplatz, sieht die 4000 Menschen, die sich bis an die Fachwerkhäuser drängen. Er sieht die Deutschlandfahnen und die Schilder, die Angela Merkel mit Kopftuch zeigen, darunter: »Mutti Multikulti«. Es sind Titelseiten des rechten Magazins Compact. Und er sieht die Smartphones, die ihm entgegengereckt werden. Ein Mann filmt ihn von rechts. Das Video ist auf Youtube zu finden. Frohnmaier hebt das Mikrofon an den Mund. »Die Altparteien«, ruft er, »haben den Rechtsbruch zum Normalfall erhoben!« Er nennt Flüchtlinge »Asylforderer« und die Grünen eine Partei von Pädophilen. »Ich frage euch, liebe Freunde, sind das Volksvertreter?« Die Menge ruft: »Volksverräter!« Er schaut auf sein Manuskript und dann wieder hoch. »Ich sage diesen linken Gesinnungsterroristen, diesem Parteienfilz ganz klar: Wenn wir kommen, dann wird aufgeräumt, dann wird ausgemistet, dann wird wieder Politik für das Volk und zwar nur für das Volk gemacht - denn wir sind das Volk, liebe Freundel« Die Menschen antworten ihm im Chor: »Wir sind das Volk!« Am nächsten Tag wird über hn berichtet. Von »offenen Drohungen gegen Andersdenkende« spricht der Deutschlandfunk. In sozialen Medien wird der Auftritt tausendfach geklickt. Frohnmaier ist nun eine Bekanntheit. Drei Jahre später steigt er in Berlin-Wilmersdorf aus einem Wagen des Fahrdiensts des Bundestages. Er öffnet die Tur eines Zigarrenladens und betritt den begehbaren Humidor. Frohnmaier sagt einem elegant gekleideten Angestellten: »Ich hätte gerne eine Zigarre, cremig, nicht zu stark, neunzig Minuten Rauchdauer und alle Blätter aus einem Anbaugebiet.« Sein Aufstieg ist kometenhaft, wie der der AfD, die innerhalb von fünf Jahren n alle Länderparlamente und den Bundestag einzog. Keiner anderen Partei ist das seit 1945 so schnell gelungen. Frohnmaier arbeitete als Bundesvorsitzender der Jugendorganisation Junge Alternative und als Pressesprecher zweier Vorsitzender intensiv daran mit. Der Mann ist wie eine DNS-Probe: Hat man ihn eingehend betrachtet, kennt man den ganzen Organismus AfD viel genauer, ihre Erfolgsmethoden, ihre Schwachstellen. Mit der Zigarre in der Hand geht Frohnmaier über den dunkelroten Teppich ins Hinterzimmer und setzt sich in einen der schweren, gepolsterten Lehnstuühle. Er lädt Journalisten hierher ein, um über sich zu sprechen. Mit dem SZ-Magazin ist es das erste von rund zwanzig Treffen über anderthalb Jahre hinweg - eine Zeit, in der er kämpft, siegt und verliert. Warum er diese Begleitung zulässt? Es sei besser, mit Journalisten zu reden, als sie als Gegner zu betrachten, sagt er. Mit einem Cutter schneidet er die Spitze seiner Zigarre ab, brennt sie an, pafft schweren Rauch in den Raum und eröffnetdieses erste Gespräch mit den Worten: »Ich bin auch deshalb politisiert worden, weil ich fruh realisiert habe, dass Multikulti nicht funktioniert.« Er blickt seinen Worten hinterher, prüft, welche Wirkung sie auf sein Gegenüber haben. Weil die Welt der Chauffeure, Interviews und Fraktionssitzungen Ihm nicht vorgegeben war, hat es einiges an lalent gebraucht, um sie zu erreichen. Das Talent ist: Provokation. Sein Leben erzählt er so: Er sei 1991 in Craiova in Rumänien geboren und als Kleinkind adoptiert worden. Seine Adoptiveltern -sie gelernte Blumenbinderin, er Elektrotechniker bei Daimler - hätten ihn ins kleine Weil der Stadt in Schwaben geholt. In der Grundschule habe er Schwierigkeiten gehabt, sich zu konzentrieren, deshalb sei er mit den Kindern einer nahe gelegenen Fluchtlingsunterkunft auf die Hauptschule gekommen. Das habe ihn geprägt. Einmal habe der katholische Klassenkamerad auf allen vieren in den Klassenraum kriechen müssen, weil er kein Moslem war. Am 11. September 2001, dem Tag der Terror- anschläge in New York, sei gefeiert worden. Mitschüler hätten aus einem Geodreieck und einem Füller ein Süddeutsche Zeitung (D) 19 Flugzeug gebastelt und die Angriffe nachgestellt. Nach der Schule habe er auf der Couch gesessen und der Richterin Barbara Salesch dabei zugeguckt, wie sie auf Sat.1 ihre pseudodokumentarischen Gerichtsfälle verhandelte. In ihm sei der Wunsch gewachsen, auf der gegenüberliegenden Seite Platz zunehmen, Anwalt zu werden. Ein Berufsberater habe seine Schulklasse besucht, da habe Frohnmaier von seinem Wunsch erzählt. Seine Mitschüler hätten hn ausgelacht und der Berufsberater so etwas gesagt wie: »Da gibt es den Daimler, und da kann man Mechatroniker werden. Das ist gut genug für einen wie dich.« Er erzählt das wie jemand, der sich zu wenig anerkannt fühlt. Oder wie jemand, der daraus Kapital schlagen will, weil den Schwachen oft die Sympathien gelten. Vielleicht ist es beides. Und vielleicht verbindet dieses Ringen um Anerkennung ihn, die AfD und ihre Wähler. Mit 15 Jahren habe er sich die Haare seitlich kurzrasiert, ein Leopardenmuster hineingefärbt und sei auf Punkrock-Konzerte gegangen. Er habe rebellieren wollen und das Schubsen und Springen beim Pogo-Tanzen gemocht. Auch in einer Band habe er spielen wollen. »Ich stehe ja auch gern auf der Bühne«, sagt er. Frohnmaier sagt, er habe sich nicht damit abfinden wollen, Mechatroniker zu werden. Von der Hauptschule schaffte er es auf die Realschule und dann aufs Wirtschaftsgymnasium. Irgendwann sei er auf einem Konzert in Böblingen angepöbelt worden. Der andere habe ein Problem mit der Deutschland-Fahne gehabt, die Frohnmaier auf seinem Parka trug. So etwas sei immer öfter passiert, und er habe gemerkt, dass er nicht in diese Szene gepasst habe. »Ich fand einfach nicht, dass Deutschland sterben muss. Dieses Gerede fand ich zum Kotzen«, sagt er. Er habe von der German Defence League gehört, kurz GDL. Die GDL ist Teil eines europaweiten rechtsextremen Netzes, das Anders Breivik anregte, der auf der norwegischen Insel Uteya 67 Teilnehmer eines sozialdemokratischen Zeltlagers erschoss. Frohnmaier sagt, er sei zum Stammtisch der GDL gegangen, mehr aber nicht - das beteuert er immer wieder. Allerdings: Auf der Brust trägt er die Tätowierung eines Lorbeerkranzes, ähnlich wie die GDL ihn in Verbindung mit ihrem Logo immer wieder verwendet hat. Es gebe Dinge, in denen er mit der GDL übereinstimme. »Ich möchte wie sie, dass dieses Land nicht arabisch-islamisch geprägt ist«, sagt er. Ins Profil seiner Abizeitung, erzählt Frohnmaier, habe ihm ein Mitschüler geschrieben: »Der wird mal Bundestagsabgeordneter!« Sein früherer Religionslehrer sal3 mittlerweile für die FDP m Bundestag, Frohnmaier absolvierte bei ihm nach der Schule 2011 ein Praktikum. »Die FDP war nichts für mich, aber ich war wenigstens schon mal im Bundestag gewesen«, sagt er. Er habe sich in Tübingen für Jura eingeschrieben, die ersten vier Semester aber vor allem die Kneipen studiert. Als 2013 die AfD gegründet wurde, sei er eingetreten, an der Gründung der bundesweiten Jungen Alternative, kurz JA, habe er teilgenommen und den Landesverband n Baden-Württemberg aufgebaut. »Ich wollte die Gruppe führen«, sagt er. Seine Gruppe sei gewachsen. Parteikollegen nannten ihn anerkennend »Frontmaier«. Als Björn Höcke 2015 die »Erfurter Resolution« entwarf, als Angriff der Parteirechten auf die Gemäßigteren, gehörte Frohnmaier zu den Erstunterzeichnern. Der schärfere Kurs drängte viele aus der Partei, die wegenderen Kritik am Euro-Rettungsschirm eingetreten waren. Auch der Parteigrunder Bernd Lucke wurde aus dem Amt gedrängt. Bald darauf wurde Frohnmaier JA-Bundesvorsitzender. Zur Uni sei er kaum noch gegangen, stattdessen habe er die Bild-Zeitung studiert, um zu sehen, wie sie Themen zuspitzt. »Politik Muss so sein, wie die Bild schreibt: einfach, direkt, für die Menschen«, sagt er. Die Parteivorsitzende Frauke Petry engagierte ihn als Pressesprecher, nannte ihn»Kampfzwerg«. Er kämpfte um einen Sitz im baden- württembergischen Landtag, schaffte es jedoch nicht. Als Petry von Ihrer Partei als zu gemäßigt abgesägt wurde, wechselte Frohnmaier zu ihrer Nachfolgerin Alice Weidel. An vielen wichtigen Entscheidungen, sagt er, habe er mitgewirkt. An welchen, dürfe er nicht sagen, weil er eine Verschwiegenheitsklausel unterzeichnet habe. Petry und Weidel ließen Anfragen des SZ-Magazins über ihre Sicht auf Markus Frohnmaier unbeantwortet. Was sind seine Ziele? »Was wir machen, ist ein Generalangriff auf die Werte der Achtundsechziger«, sagt er. Er ist gegen Frauenquoten, gegen die Aussetzung der Wehrpflicht, gegen die Ehe für alle. Weil an Universitäten gelehrt wird,dass Geschlechterrollen sozial konstruiert sind, hält er die deutsche Gesellschaft für degeneriert. Und immer wieder greift er Flüchtlinge und Muslime an. Er sagt: Für männliche Asylbewerber unter fünfzig Jahren soll nach zwanzig Uhr Ausgangssperre gelten. Alle Einreisenden sollen an der deutschen Grenze ihre Geburtsurkunde vorzeigen. Muslime sind abzuweisen. Das Tragen von Kopftüchern im öffentlichen Raum soll verboten werden. Als die Polizei nach einem Taschendiebstahl nahe seiner Heimatstadt erwähnte, die flüchtige Tatverdächtige habe einen »dunklen Teint«, setzte Frohnmaier ein Kopfgeld aus: 500 Euro für die Ergreifung. Die Niederlage bei den Landtagswahlen war bald verwunden, er kampfte um ein Bundestagsmandat und gewann. Mit 26 Jahren im Bundestag, das schafft kaum jemand. Süddeutsche Zeitung (D) 19 Doch obwohl er auf der Klaviatur der AfD so fest in die Tasten haut, bekommt Markus Frohnmaier in seinen ersten Wochen als Parlamentarier einen Dämpfer. Es ist Herbst 2017, die AfD-Fraktion hat sich in einem Konferenzraum des Bundestags versammelt. Die Posten werden verteilt. Draußen wütet ein Sturm. Durch die Fenster sieht man, wie er heftig an den Deutschland-Fahnen auf dem Reichstag zerrt. Frohnmaier bewirbt sich bei seiner Partei um den Posten des zweiten Parlamentarischen Geschäftsführers und fällt durch. Als er aus dem Raum tritt, ist er wütend. Spater bewirbt er sich für den Ausschuss für auswärtige Angelegenheiten. Abgelehnt. Ihm sei erzählt worden, es habe da ein Treffen seiner Fraktionskollegen gegeben. Einer habe gesagt, wie hochgebildet und exzellent vorbereitet sie doch alle seien, dann habe ein anderer gerufen: »Aber der Markus!« Er schafft es nur inden Ausschuss für wirtschaftliche Zusammenarbeit und Entwicklung. Die Kämpfe innerhalb der AfD werden nicht rücksichtsvoller geführt als die mit politischen Gegnern. Kurz vor Weihnachten 2017 ist Frohnmaier zurück in seiner Heimat und auf dem Weg zur Weihnachtsfeier der Jungen Alternative Baden-Württemberg. Eigentlich ein Heimspiel für ihn. Frohnmaier tritt in die schick als Eventlocation renovierte Scheune, bekommt eine Flasche Bier und setzt sich. Der Landesgruppenchef Dirk Spaniel steht vorn und erzählt gerade eine Anekdote aus dem Wahlkampf. Er und andere hätten in der Nacht in Stuttgart Plakate geklebt, als mehrere Antifa-Aktivisten sie angegriffen hätten. »So ein Typ hat mich angesprungen«, ruft Spaniel, »aber einer der unseren hat ihn mit einer Stange niedergeschlagen!« Die Zuhörer johlen. Als Nächster ist Frohnmaier dran. Mit Bierflasche und Manuskript geht er zum Rednertisch. Er stellt die Bierflasche auf den Tisch, greift sich einen Stuhl und hievt hn ebenfalls darauf. Er hat sich so schon öfter ein Pult für sein Manuskript improvisiert, zuletzt mit einem Babystuhl. Er hatte damit einen großen Lacher erzielt. Das Publikum in der Scheune schweigt. »Weihnachten«, sagt Frohnmaier, »ist für uns Deutsche noch immer das wichtigste Fest des Jahres. Es ist die Zeit, in der wir in die warme Stube treten, den Weihnachtsbaum schmücken und in die lächelnden Gesichter unserer Liebsten blicken.« Als er, das rumänische Adoptivkind, »für uns Deutsche« sagt, schallt ihm von hinten ein Lachen entgegen. Da ist wieder das Intrigante in der AfD, das Frohnmaier so gut kennt. »Papierdeutscher« werde er auch genannt, sagt er. Er redet weiter in der ihm eigenen Diktion. Ohne Melodie, nur die Reizwörter betonend. Er sagt, wie wichtig es sei, sich Zeitzu nehmen. »Denn wir haben wenigstens Familie und Freunde, nicht wie so manche Gestalt, die das Jahr über als Gleichstellungsbeauftragte für Unisextoiletten mobil gemacht hat, aber Heiligabend dann alleine zu Hause ist.« Beim Wort »Unisextoiletten« kommt ein zögerlicher Applaus. »Es vergeht kein Tag, an dem wir nicht von einem sexuellen Übergriff lesen, verübt durch die Leute, die von Angela Merkel eingeladen worden sind, ihren Gästen.« Er wird immer drängender und lauter. Das Publikum applaudiert bald nach jeder Pointe. Als er fertig ist, umringen ihn mehrere Männer, wollen Bier mit ihm trinken. Auf Facebook operiert Frohnmaier ähnlich. Er greift Frauen wie Claudia Roth an, bezeichnet den Grünen- Politiker Volker Beck als einen »Homo-Lobbyisten« und wünscht ihm einen »Urlaub in Moskau«. Dort werden Schwule auf offener Straße verprügelt. Es ist das Rezept, das für hn und seine Partei gut aufgeht. Es scheint, als gebe es in einer Gesellschaft, die stark nach Affektkontrolle verlangt, einen Hunger danach, auch mal emotional auszubrechen. Frohnmaier und die AfD leben davon, diesen Hunger zu stillen. In Schwung kommt die Sache, wenn Medien und politische Gegner auf die Provokationen anspringen. Dann ist es wie beim Windrad: Ohne Wind geht nichts. Aber je mehr Wind, desto mehr Energie. Die nachste Weihnachtsfeier, eine Autostunde entfernt, in einem Restaurant in Böblingen. Am Eingang wird Frohnmaier von einem Mann im Knecht-Ruprecht-Kostüum begrüßt, mit Bart und Rute. »Wie läuft es denn in Berlin?«, fragt der Mann. »Es ist schön, zwei Mal im Monat Merkel einheizen zu können«, sagt Frohnmaier. »Nur zwei Mal?«, kommt es zurück. »Das muss noch mehr werden|« Frohnmaier ringt sich ein Lächeln ab und nickt. Am Tisch bestellt er ein Radler und Zwiebelrostbraten. Noch während er isst, wird er nach vorn gerufen, um seine Rede zu halten. Kurz danach ist er wieder draufsen und am Steuer seines Autos. »Im Studium war es immer ziemlich geil. Da sind wir drei- bis viermal die Woche ins Fitnessstudio gegangen«, sagt er. Doch seitdem habe er es kaum noch geschafft. Immer unterwegs, von Parteitreffen zu Parteitreffen. »Das macht fett. Man sitzt jeden Tag auf irgendwelchen Stammtischen, Bierchen trinken, Schnitzel essen. Ich habe locker 15 Kilo zugenommen.« Er habe einen Bekannten gehabt, Führungskraft in einer Bank, der habe immer nur gepowert. Mit Mitte vierzig Süddeutsche Zeitung (D) 19 sei er gestorben. So wolle er nicht enden. Kurz vor der Bundestagswahl hat er mit seiner Frau einen Sohn bekommen - die Ehefrau ist eine russische Journalistin, die er 2016 auf einem Wirtschaftstorum auf der Krim kennengelernt hat. »Ich will schon, dass der etwas von seinem Papa hat«, sagt er. Doch wer auf Provokation baut, darf nicht nachlassen. Sonst wird er vergessen. Mitte Januar 2018 möchte ihn ein Journalist der israelischen Tageszeitung Haaretz interviewen. Kurz nachdem Donald Trump die Verlegung der US-Botschaft nach Jerusalem ankündigt hatte, forderte Frohnmaier die Bundesregierung auf, auch die deutsche Botschaft nach Jerusalem zu verlegen, deshalb das Interview. Auf dem Weg zum Treffpunkt spürt er einen Druck in der Brust, während des Gesprächs kann er sich nicht richtig auf die Fragen konzentrieren und bricht ab. Er lässt sich in die Charite fahren. Die Ärzte stellen fest, dass ein Areal am Herz keilförmig entzündet ist. Wahrscheinlich, weil die Durchblutung durch ein Gerinnsel gestört war. Ein leichter Herzinfarkt. Für das nächste Treffen mit dem SZ-Magazin drei Wochen nach dem Herzinfarkt schlägt er ein Restaurant in Berlin vor. Frohnmaier bestellt Gnocchi mit Salat. Er ist blass, seine Stimme klingt dünn. Blutverdünner und blutdrucksenkende Medikamente nehme er jetzt. Außerdem dürfe er nicht mehr seine geliebten Zigarren rauchen. Aber viel mehr könne man ja nicht machen. Er betont jetzt, dass er mit dem ständigen Provozieren aufhören wolle. Aber nicht wegen des Herzinfarkts, sondern aus Kalkul. »Ich will mich professionalisieren«, sagt er. »Sonst wird das nichts mit den Mehrheiten.« Vor diesem Konflikt stehen viele junge Parteien. Es ist der Lagerkampf zwischen Pragmatikern und Fundamentalisten. Die Pragmatiker setzen auf Lösungsvorschläge, unterstützen Kompromisse. Sie wollen an Posten kommen und mitgestalten. Die Fundamentalisten beschwören ihre Prinzipien, stellen Maximalforderungen, setzen auf Provokation, um die öffentliche Meinung zu beeinflussen. Frohnmaier sagt, er wolle jetzt Pragmatiker werden. In der 22. Sitzung des Bundestags, Mitte März 2018, steht Frohnmaiers erster Parlamentsauftritt an. Er sitzt in der zweiten Reihe seiner Fraktion. Statt eines Pullovers, wie bisher sonst meistens, trägt er einen dunkelblauen Anzug. Seine Frau, erzählt er, habe ihm gesagt, dass er nicht ständig über das jugendliche Aussehen des Juso-Vorsitzenden Kevin Kühnert spotten könne, während er sich doch ähnlich kleide. Es ist nach 22 Uhr, ein Drittel der Sitze ist belegt. Frohnmaier wird über den letzten Tagesordnungspunkt vor dem Sitzungsende sprechen. Er will seinen »Deutschland-Plan« vorstellen. »Herr Präsident! Meine sehr verehrten Damen und Herren! Werte Kollegen!«, sagt er. » Wenn wir über Entwicklungspolitik sprechen, hört man in diesem hohen Hause von der Bundesregierung bis dato nur einen einzigen Ansatz: Brunnen bohren, Mädchenschulen bauen, den CO 2-Ausstoß in Hungergebieten senken und Gender-Mainstreaming im Königreich Lesotho fördern.« Jetzt ruft die Grünen-Abgeordnete Franziska Brantner dazwischen: »Dann zeigen Sie mal Ihre Brust mit den Tattoos! Zeigen Sie mal Ihre Tattoos!« Auch Brantner stammt aus Baden- Württemberg. Sie gibt dem SZ-Magazin gegenüber später an, sich mal in der Antifa engagiert zu haben und von Frohnmaiers rechtsextremer Jugend zu wissen. Frohnmaier blickt irritiert auf, fängt sich, fährt fort, China für seine Entwicklungspolitik zu preisen, denn das ist der zentrale Punkt seines Deutschland-Plans: Nationale Interessen stehen an erster Stelle, Außenpolitik soll nicht wertegeleitet sein. »Von China lernen heißt siegen lernen«, sagt er. Brantner ruft wieder: »Zeig deine Tattoos! Ich will deine Tattoos sehen!« Frohn maier geht zurück an seinen Platz. Am nächsten Tag steht nichts von seinem Auftritt in der Presse. Auch Thesenpapiere zu den Themen Rente und Steuern schreibt er. Aber auch da ist die Resonanz gering. »Viele Redaktionen finden uns blöd«, sagt er. »Wenn wir nicht provozieren, wird nicht über uns berichtet. Es bleibt uns gar nichts anderes ubrig.« Im Anschluss an eine Bundestagssitzung sitzt er in seinem Büro, gerade wurde über die Auslandseinsätze der Bundeswehr abgestimmt. Er sagt, Außenpolitik sei genau sein Feld, und er habe teilweise mit der Regierung gestimmt, um zu zeigen, dass er nicht nur Totalopposition Mache, sondern sich mit jedem Antrag auseinandersetze. Auf die Frage, in welchen Punkten er zugestimmt habe, sagt er: »Das waren fünf oder sechs, das kriege ich aus dem Kopf nicht mehr zusammen, weil die alle so wunderbare englische Bezeichnungen haben.« Ob zu dem Zeitpunkt deutsche Soldaten in der Türkei stationiert sind, weiß er nicht. Fur seinen taktischen Zug, im Bundestag mit der Regierung zu stimmen, muss er das nicht wissen. Vielleicht ist das seine große Schwäche. Dass er keine große Strategie beherrscht, sondern nur kleine Taktik. Aber Taktik, die kann er. In den Tagen nachdem die Grüne Brantner ihn aufgefordert hatte, seine Brust zu zeigen, beginnt er, in seiner Fraktion Unterschriften zu sammeln: wegen Sexismus gegen Männer. Es ist eine PR-Aktion in der Zeit der MeToo-Debatte. Ein Bild-Redakteur interviewt ihn dazu. Frohnmaier sagt ihm: »Ich kann den Auszieh-Wunsch von Frau Dr.Brantner verstehen, weil unter den Männern in ihrer Partei ja vor allem Süddeutsche Zeitung (D) 19 die Müsli-Fraktion vertreten ist.« Außerdem, sagt er, habe er seitdem ein mulmiges Gefühl, wenn er in den unterirdischen Gängen des Bundestags unterwegs sei. »Die könnte ja hinter dem Geldautomat hervorspringen.« Bild bringt die Story auf Seite eins. Auch stern.de, rtl.de, und die Zeit berichten. »War halt wieder eine Steilvorlage von jemandem, die wir medial verwertet haben«, sagt Frohnmaier später. »Da bin ich knallhart effektiv.« Nach Alice Weidel, Alexander Gauland und Beatrix von Storch sei er der mit der größten medialen Wirkmacht n der Partei. Nach Pragmatiker klingt das alles nicht. Schon bald nach seinem Herzinfarkt wirkt Frohnmaier wieder sehr angriffslustig, postet auf Facebook ein Video mit dem Titel »Ich bin wieder da«, steht scherzend mit seinem Team in seinem Büro, das er ein »Start- up« nennt. Zu diesem Team gehört Kevork Almassian, ein syrischer Fluchtling, der auf seinem Youtube-Kanal Propaganda für den syrischen Diktator Baschar al-Assad betreibt. Bei Frohnmaier ist Almassan für Social Media zuständig. Auf einem Beistelltisch in der Sofaecke liegt das Buch Was nun? Vom Sozialstaat zum Ordnungsstaat von Dimitrios Kisoudis. Darin steht auf Seite sechs: »Markus Frohnmaier in Freundschaft gewidmet«. Frohnmaier sagt, es sei sein Lieblingsbuch. Darin wird eine neue Staatsform entworfen. Hauptakteur darin ist die Polizei, sie kontrolliert die Verwaltung und erhält den Großteil des Staatshaushalts. Haupt aufgabe sei es, den »äulseren und inneren Feind« zu identifizieren und präventiv zu handeln. Der Autor Dimitrios Kisoudis Ist »Eurasier«. Die sogenannte eurasische Bewegung sieht Russland und den Westen in einem Kulturkampf und wünscht sich, dass Europa sich von den USA abwendet und sich als Protektorat unter die Herrschaft Russlands begibt. Kisoudis möchte, dass der Staat gemeinsam von »Herkunftsdeutschen«, Russen, Serben und Kroaten regiert wird. Dieser Staat soll das heutige Deutschland ersetzen. »Ich teile die Ansichten des Autors«, sagt Frohnmaier. Seine Hinwendung zu Russland zeigt sich auch darin, dass er auf Einladung der russischen Regierung auf die besetzte Krim reiste und die russisch besetzte Stadt Donezk in der Ukraine besuchte. Außerdem stellt Frohnmaier Manuel Ochsenreiter ein. Er und Ochsenreiter gründeten zuvor bereits das »Deutsche Zentrum für eurasische Studien«. Ochsenreiter fungiert als eine der wichtigsten Figuren des eurasischen Netzwerks in Europa. Er traf sich mit Faschisten in Polen, die der eurasischen Bewegung anhängen, posierte auf einer antisemitischen Konferenz im Iran mit der eurasischen Flagge und besuchte zusammen mit Frohnmaier pro-russische Rebellen in der Ukraine. Die Frankfurter Rundschau berichtet über Ochsenreiter, dessen Hintergrund und darüber, dass Frohnmaier ihn eingestellt hat. Er und seine Partei eilen monatelang von Erfolg zu Erfolg, mit dem Thema Flüchtlinge prägen sie die politische Debatte. In den Schwesterparteien CDU und CSU entbrannte zwischenzeitlich der schärfste Streit seit 42 Jahren. Die Fraktionsgemeinschaft drohte zu zerbrechen. Merkel rückte von ihrer liberalen Flüchtlingspolitik ab. Bei der Bayernwahl im Oktober 2018 verliert die CSU dann 10,4 Prozentpunkte, die AfD gewinnt 10,2 hinzu. »Die Unionsparteien haben sich zu einer Kopiermaschine der AfD entwickelt«, sagt Frohnmaier. Stellt man auf den Fluren des Reichstags Politikern die Frage, was sie der AfD entgegensetzen wollen, herrscht in jenen Tagen Ratlosigkeit. Claudia Roth würgt demonstrativ, als sie Frohnmaiers Namen hört, und erzahlt dann, dass sie gegen Frohnmaiers Hetze vor Gericht klagte und mehrmals verlor. Franziska Brantner sagt, sie bereue ihre Zwischenrufe, weil Frohnmaier sie gegen sie wenden konnte. Pascal Kober, der frühere Religionslehrer von Frohnmaier und heutige FDP-Abgeordnete, sagt, er könne nur darüber staunen, wie gut Frohnmaier das gemacht habe mit seiner Rede in Erfurt. Was dagegen zu tun sei, wisse er auch nicht. Die Prophezeiung, dass der Parlamentsbetrieb die AfD schon bändigen werde, geht bisher nicht in Erfüllung, und weil es so gut lauft, herrscht zwischen den Pragmatikern und den Fundamentalisten der AfD Frieden. Es scheint im Sommer 2018, als habe die deutsche Demokratie den Frohnmaiers nichts entgegenzusetzen. Am 26. August 2018 feiert Chemnitz sein 875. Stadtjubilaum. Um drei Uhr in der Nacht wird in der Nähe des Bahnhofs ein Mann niedergestochen, verdächtigt werden ein Syrer und ein Iraker. Für den nächsten Tag verabreden sich die AfD und rechtsextreme Fußballfans zu Demonstrationen. Frohnmaier schreibt auf Twitter: »\Wenn der Staat die Bürger nicht mehr schützen kann, gehen die Menschen auf die Straße und schützen sich selber. Ganz einfach! Heute ist es Bürgerpflicht, die todbringende Messermigration zu stoppen! Es hätte deinen Vater, Sohn oder Bruder treffen können|!« Seit Monaten fährt die AfD eine Kampagne zum Thema Migranten und Messergewalt. Frohnmaiers Tweet wird tausendfach geteilt und kommentiert. 800 Menschen ziehen durch Chemnitz, tragen T-Shirts mit Aufschriften wie »Skinheads Sachsen« und skandieren: »Für jeden toten Deutschen einen toten Ausländer!«, greifen Polizisten und Afghanen an. Ein Journalist vom Deutschlandfunk fragt Frohnmaier wegen dessen Tweet: »Sie sind für Selbstjustiz in Deutschland ?« Frohn Süddeutsche Zeitung (D) 19 maier sagt: »Ich bin dafür, dass Menschen sich selber schützen und verteidigen dürfen«, und verknüpft mehrfach die Themen Migration und Gewalt. Die ARD-Talkshow Maischberger blendet seinen Tweet ein. Es ist für ihn mal wieder gut gelaufen. Doch dann verschiebt sich etwas. Hans-Georg Maafsen wird als Präsident des Verfassungsschutzes abgesetzt. Sein Nachfolger wird Thomas Haldenwang. Der kündigt an, eine Beobachtung der AfD zu prüfen. In der Partei verhärten sich wieder die Linien zwischen Pragmatikern und Fundamentalisten. Der niedersächsische AfD-Landesvorstand möchte die Social-Media-Accounts aller Mandats-und Amtsträger überwachen und schreibt in einer Handreichung: »Beobachtet der VS eine Partei, verlassen in kürzester Zeit nahezu alle Beschäftigten des Öffentlichen Dienstes diese Partei.« Soldaten, Polizisten, Justizvollzugsbeamte, Richter müssen befürchten, dienstrechtlich belangt zu werden. Ein von der AfD bestellter Gutachter schreibt: »Unbedingt notwendig ist es, folgende Äußerungen und Verhaltensweisen zu unterlassen: pauschale Diffamierungen oder Herabwürdigungen von Ausländern/Immigranten/Flüchtlingen/Muslimen.« Mehreren Mitgliedern mit antisemitischen Ansichten oder Kontakten zu Neonazis wird »parteischädigendes Verhalten« vorgeworfen, Parteiausschlussverfahren gegen sie werden eingeleitet. Auf der anderen Seite baumen sich Björn Höcke und sein Flügel auf. Höcke nennt die Furcht vor der Beobachtung »politische Bettnässerei«, baden-württembergische AfD-Landtagsabgeordnete initiieren den »Stuttgarter Aufruf«. Sie schreiben: »Lähmend aber wirkt das Gift jener, die sich als Mitstreiter ausgeben, tatsächlich aber die Waffen unseres politischen Gegners benutzen und ihm damit in die Hände spielen.« Frohnmaier muss sich entscheiden, auf welcher Seite der Partei er weitermacht. Mitte Januar 2019, Europawahlversammlung der AfD in einer Mehrzweckhalle in Riesa, Sachsen. Frohnmaier lehnt im Foyer am Stehtisch. Die Parteiführung hat verfügt, erst nach 18 Uhr Alkohol auszuschenken, damit niemand über die Stränge schlägt. Frohnmaier macht sich Gedanken wegen des Verfassungsschutzes. Eine mögliche Beobachtung sei ein Makel, der bürgerliche Wähler abschrecke, sagt Frohnmaier. Die Partei müsse sich also von ein paar Leuten trennen, die nicht zu Ihr passen, sonst werde es schwierig bei den kommenden Wahlen. Was ihn darüber hinaus nerve, seien ältere Mitglieder, die schon ein Häuschen und eine gute Rente hätten und meinten: Die Beobachtung kommt eh, da lebt es sich doch jetzt gleich viel ungenierter. Für hn als jungen Familienvater stehe viel mehr auf dem Spiel. Um seinen Jura-Abschluss nachzuholen, habe er bereits vor einiger Zeit angefangen, an einer Fern-Uni zu studieren. Aber insgesamt werde alles gutgehen, er habe keine Sorge vor dem Verfassungsschutz. »Was würden die schon sehen, wenn die mich beobachten ?«, fragt er. »Wie ich zu Hause im Unterhemd mit meinem Sohn auf dem Boden rumliege und Kinderlieder singe.« Am nächsten Tag beginnt in Krakau, Polen, ein Gerichtsprozess. Michal P., Mitglied einer faschistischen pro-russischen Gruppe, soll einen Molotowcocktail auf ein ungarisches Kulturzentrum in der Ukraine geworfen haben. Das Ziel: Spannungen zwischen der Ukraine und Ungarn zu schuüren, von denen Russland profitieren kann. Es klingt wie der Plot eines Ihrillers. Vor Gericht sagt P. aus: Manuel Ochsenreiter, Frohnmaiers Mitarbeiter, habe ihn beauftragt. Ochsenreiter habe außerdem den Tag des Anschlags bestimmt, ihm 500 Euro in einem Buch geschickt und später 1000 Euro persönlich übergeben. Der Prozess macht Schlagzeilen. Am nächsten Morgen geht Frohnmaier hektisch ans Telefon. Er stehe im Bad und habe noch Zahnpasta im Mund. Was da laufe, sagt er verärgert nuschelnd, sei Verdachtsberichterstattung und Vorverurteilung. »Ich werde an Ochsenreiter festhalten, es gibt ja keine Ermittlungen in Deutschland. Und was ist das überhaupt für ein Terrorist, der so etwas für 1500 Euro macht? Da lohnt es sich ja mehr, eine Schwester Ewa auf die Straße zu stellen.« Schwester Ewa Ist eine Rapperin, die damit kokettiert, früher Prostituierte gewesen zu sein. Frohnmaier tut in diesem Augenblick das, was bis jetzt oft gut für ihn und die Partei funktionierte, wenn es schwierig wurde: Er schaltet auf Angriff. Am Nachmittag desselben Tages, 15. Januar 2019, gibt das Bundesamt für Verfassungsschutz eine Pressekonferenz. Sie wird live übertragen. Frohn maier verfolgt sie in einemRaum der Fraktion gemeinsam mit Fraktionskollegen auf großer Leinwand. Thomas Haldenwang erklärt die gesamte AtD zum »Pruüffall«. Damit ist ein Vorstadium einer eventuellen Beobachtung gemeint, in dem der Verfassungsschutz nur Öffentliche Quellen auswerten darf, ohne sich geheimdienstlicher Mittel zu bedienen. Der Verfassungsschutz erklärt zudem die Junge Alternative und Höckes »Flüugel« zum »Verdachtsfall«. Für die JA ist das ein Desaster. Sie darf jetzt observiert und abgehört werden. Misstrauen zwischen den Mitgliedern, wer ein Spitzel sein könnte, scheint unvermeidlich. Und wer später verbeamtet werden will, muss sich jetzt überlegen, Abstand zu halten. Süddeutsche Zeitung (D) 19 Als Begründung für die Entscheidung schreibt der Verfassungsschutz in seiner Mitteilung (Kursivschrift wie im Original): »Den etablierten Parteien, diesen linken Gesinnungsterroristen, diesem Parteienfilz, wird unverhohlen angedroht: Wenn wir kommen, dann wird aufgeräumt, dann wird ausgemistet, dann wird wieder Politik für das Volk und nur für das Volk gemacht - denn wir sind das Volk.« Frohnmaiers Sätze, gedonnert 2015 auf dem Erfurter Domplatz. Der nachste Abend, in Frohnmaiers Buro. Leere Einkaufstüten liegen verstreut auf dem Boden, Frohnmaier murmelt eine Entschuldigung, räumt sie beiseite und setzt sich. Das Kisoudis-Buch ist weg, Ochsenreiter offiziell von sich aus gegangen, das Zentrum für eurasische Studien, sagt Frohnmaier, existiere nicht mehr. Seit Wochen verliert die Junge Alternative laufend Mitglieder, den JA-Landesverband Niedersachsen hat die Parteifuhrung bereits aufgelöst, auch Frohnmaiers Landesverband zerfällt. »Die Junge Alternative«, sagt Frohnmaier, »war so was wie mein Lebenswerk.« Zwei Tage später schreibt er auf Facebook, der Verfassungsschutz bewege sich »auf Indymedia-Niveau« - Indymedia ist eine Internetplattform, der Verbindungen zum Linksextremismus zugeschrieben werden. Mitte Februar 2019, einen knappen Monat nach dem Erscheinen des Verfassungsschutzgutachtens, sechs Jahre und drei Tage nach der Gründung der AfD, feilt Frohnmaier in seinem Heimatort Weil der Stadt im Hinterzimmer eines ehemaligen Klosters, dessen Kirchenschiff heute als Veranstaltungssaal dient, an einer Rede. Heute Abend wollen er und zwei andere Mitglieder der AfD-Fraktion von ihrer Arbeit erzählen. Am Wandschrank neben Frohnmaier hängt eine schusssichere Weste. Er bekomme derzeit Drohungen von Ukrainern wegen Ochsenreiter, aber auch von Polen und Linken. Er habe, sagt er, beim Bundeskriminalamt um Schutz gebeten. Außerdem macht er sich Sorgen, weil der Rapper Kurdo kürzlich einen Song veröffentlicht hat. Er ruft darin zum Widerstand auf, auch gegen Angela Merkel. An einer Stelle fadet der Bass aus, und es kommt ein Einspieler. Wieder sind es Frohnmaiers Worte aus Erfurt. »Aufgeräumt«, »ausgemistet.« Sie verfolgen Ihn, als sei er der Zauberlehrling und sie die Geister, die er rief. Er sagt: »Das Lied ist mir inhaltlich zu aggressiv, zu systemablehnend.« Er wolle Kurdo sogar bald fragen, ob er sich da nicht mäßigen könne. In der AfD wird nun noch härter gekämpft. Der Landessprecher der AfD Nordrhein- Westfalen, Helmut Seifen, hat einen Brief an seine Bezirkssprecher geschrieben. Er warnt: Höcke und seine Anhänger bauten eine »Partei in der Partei« auf. Etwa ein Drittel der rund 33 650 AfD-Mitglieder soll dessen Flügel angehören. Auf der operativen Ebene etablierten sie eigene Strukturen, schreibt Seifen. Er ruft dazu auf, Widerstand zu leisten. Anhänger des »Stuttgarter Aufrufs« wiederum fordern, Seifen wegen dieses Briefs aus der Partei auszuschließen. Höcke, in dem der Verfassungsschutz eine zentrale Figur des rechten Flügels sieht, wird von der Parteiführung nicht kritisiert. Unklar st, ob sie hn fürchtet. Oder unterstützt. Frohnmaier, der damals von Höcke nach Erfurt eingeladen wurde, möchte über ihn ebenso wenig sprechen wie über die Parteiausschlussverfahren. Nur so viel: Er könne diejenigen nicht verstehen, die sagen, in der Partei herrsche keine Meinungsfreiheit mehr. »Meinungsfreiheit ist halt auch nicht absolut, die hat auch Grenzen.« Um kurz nach sieben geht er in Weil der Stadt auf die Bühne und beugt sich zum Mikrofon. » Meine Damen und Herren, ichbin für Sie im Bundestag für den Themenkomplex der wirtschaftlichen Zusammenarbeit und Entwicklung zuständig. Und einige von ihnen werden sich womöglich die Frage stellen, Entwicklungspolitik - was ist das überhaupt?« Am selben Tag, einige Stunden zuvor, treffen sich die Anhänger des »Stuttgarter Aufrufs« in der Stadthalle des nahe gelegenen Städtchens Burladingen. Gegen mehrere von ihnen laufen Parteiausschlussverfahren. Jürgen Elsässer ist als Redner geladen. Er ist Herausgeber des Magazins Compact, dessen Titelseiten bei Frohnmaiers Rede in Erfurt in den Nachthimmel gereckt wurden. An seinem Verkaufsstand stehend, sagt Elsässer: »Einige in der Partei beugen sich dem Druck des Parteienoligarchismus. Eine Partei, die nach oben kommen will, wird immer dessen Zwängen ausgesetzt und darunter leiden, es sei denn, sie definiert sich fundamental anders: als Partei des Volkes.« Später, auf der Bühne, ruft Elsässer: »Warum bin ich heute hier? Weil Städte wie Pforz heim zur islamisch besetzten Zone werden!« Das Publikum applaudiert, El sässer legt nach. In Anlehnung an Donald Trump sagt er: »Deutschland zuerst!« Rufe und Johlen schallen ihm entgegen, wie damals in Erfurt, bei Frohnmaier. Der blättert sich bei seinem Auftritt in Weil der Stadt Seite für Seite durch sein Manuskript, liest Zeile für Zeile ab, spricht von Beschäftigungsförderung, Energieeffizienz, Kleinstmobilität. Als er aufschaut, sieht er in leere Gesichter, zwei Frauen tuscheln in der zweiten Reihe, weiter hinten gähnt jemand. Frohnmaier schliefst mit einem sechzig Wörter langen Satz. Als er seine Abschiedsworte sagen soll, ist noch mal der Augenblick gekommen, um den Menschen einige deftige Worte mitzugeben. Etwas, worüber sie sich empören können. Süddeutsche Zeitung (D) 19 Wind für die Windräder. Frohnmaier tritt an den Rand der Bühne. Er lässt den Blick durch die Reihen schweifen. Er sagt: »Da hinten gibt es noch Butterbrezeln. Bitte nehmen Sie sich was mit nach Hause - vielleicht hat der eine oder andere ja noch Hunger.« RAPHAEL THELEN und Markus Frohnmaier sind ähnlich alt, beide Arbeiterkinder, beide Hip-Hop-Hörer. In den Interviews rutschte manchmal ein »Du« heraus. Doch nach einem Jahr sprach Frohnmaier unseren Autor auf dessen Twitter- Account an. Thelen hatte sich da für die Aufnahme von Flüchtlingen aus gesprochen - und die Stimmung zwischen den beiden war erst einmal unterkühlt. Bild: Gesicht der AfD: Markus Cornel Frohnmaier. Den Namen Cornel gaben ihm seine leiblichen Eltern, die er nach eigenen Angaben nie kennengelernt hat. Bild: Frohnmaier als Anzugträger: Das ist für ihn - hier in seinem Abgeordnetenbüro in Berlin - noch etwas ungewohnt. Bild: Oben: Frohnmalier sagt, er habe nach Alice Weidel, Alexander Gauland und Beatrix von Storch die größte »mediale Wirkmacht« in der Partei - also mehr als der Parteichef Jörg Meuthen, hier rechts von Frohnmaier. Bild: Als Markus Frohnmaier im Februar 2019 im »Klösterle« in Weil der Stadt auftritt, bleibt die Stimmung im Publikum kühl. Bild: Frohnmaier (mittig) mit der AfD-Fraktion in einer Bundestagssitzung im Februar 2019. Bild: Wie erlangt man politische Macht in Deutschland? In dieser Frage wirkt die AfD gespalten. Mitglieder wie Markus Frohnmaier scheinen sich entscheiden zu müssen, zu welchem Lager sie zahlen.",-1
,,STD_Twitter_Offline_7,Zeitungsartikel Offline,"Inland Walter Müller, Mara Sterkl, Wolfgang Weisgram Bundesland Abend, Bundesland Die rote Linie der Blauen franst aus Die Überschneidungen der FPÖ mit den Identitären sind bekannt. Die Abgrenzung scheint schwierig, das zeigt sich auch in der offiziellen Kommunikation der Partei. Die Parteispitze der FPÖ steht von zwei Seiten unter Druck: Einerseits verlangt der Koalitionspartner der FPÖ eine Distanzierung von der Identitären Bewegung (IB). Andererseits sorgt das bei Teilen der FPO-Basis für Unmut, manche Vertreter haben dieser Missstimmung auch schon öffentlich Luft gemacht. Zudem nutzt Identitären-Chef Martin Sellner die tagelange unentgeltliche Dauerwerbung für zusätzliche PR-Arbeit in eigener Sache und ruft für den 13. April zu einer Demonstration vor dem Justizministerium auf. Unklare Klarstellung Die FPÖ-Spitze reagierte auf den Druck mit einer Klarstellung, die alles unklar lässt. Generalsekretär Christian Hafenecker publizierte auf Twitter ein Foto jenes „Beschlusses“ des FPO-Parteivorstands von 2018, der schon damals festgehalten habe, dass ein FPO-Funktionär nicht zugleich Identitärer sein könne. Wörtlich heißt es in dem „Beschlussprotokoll” vom 12. Februar 2018: „Im Zuge der Diskussion wird weiters über die Position der FPO gegenüber der IB gesprochen, wobei Einhelligkeit darüber herrscht, dass es nicht möglich ist, gleichzeitig aktives Mitglied der IB und Funktionär der FPO zu sein.” Dem sei nichts hinzuzufügen, so Hafenecker zum STANDARD. Auf die Frage, wie dieses formlose Übereinkommen exekutiert werde, sagt Hafenecker, dass im Parteivorstand ja schließlich auch alle Landesparteichefs und die Obleute der Vorfeldorganisationen säßen, „dieser Infofluss funktioniert also“. Welche Sanktionen es gebe, falls sich jemand nicht daran hält? „Damit müssen die Länder selber umgehen”, sagt Hafenecker. Die Länder wiederum pflegen ihren jeweils eigenen Umgang mit der Causa. Oberösterreichs Parteichef Manfred Haimbuchner sagte im O1-Interview zwar, dass hinsichtlich FPO und IB „eine klare Trennung zu erfolgen hat. Er fügte aber auch hinzu, dass er in dieser „völlig überzogenen” Debatte „überhaupt keinen Grund” sehe, sich „von allem Möglichen zu distanzieren”, da es ohnehin keine Überschneidungen gebe. Derzeit scheint dieses Erklärungsmuster recht beliebt zu sein. Auch der burgenländische FPÖ-Klubobmann Geza Molnar, der 2015 bei einer Identitären-Veranstaltung gesehen worden war, greift darauf zurück. Heute würde er zu einer derartigen Veranstaltung „nicht mehr hingehen”, erklärt er. Die blauen Steirer hingegen rücken keinen Millimeter von ihrer Nähe zu den Identitären ab. Der Grazer Vizebürgermeister Mario Eustacchio unterstreicht sogar, dass er inhaltlich „alles unterschreiben” könne”, was die Identitären so über den „Großen Austausch” von sich geben. Der dritte steirische Landtagspräsident Gerhard Kurzmann, der wie Eustacchio an einer Demo mit den Identitären teilgenommen hatte, war für eine Stellungnahme am Freitag nicht erreichbar. Der Grazer Gemeinderat Heinrich Sickl, der den Identitären eine Lokalität vermietet, bekräftigt aber im STANDARD-Gespräch, dass er mit Vizebürgermeister Eustacchio Der Standard 19 übereinstimme, wenn dieser von Hysterie spreche. Er werde am Mietvertrag festhalten. Die starre Haltung der steirischen Blauen dürfte nicht nur parteintern für Diskussionen sorgen, sie stößt auch dem Grazer Regierungspartner auf. ÖVP-Bürgermeister Siegfried Nagl, der am Vortag im Verhalten der Blauen noch kein Problem gesehen hatte, ging am Freitag dann doch auf Distanz. Nach Medienberichten, wonach IB- Chef Sellner wegen einer Hakenkreuzschändung einer Synagoge 2006 strafrechtlich verfolgt wurde, erwarte er von der FPÖ, „dass sie sich von jenen Menschen distanziert, die NS-Gedankengut leben und verbreiten”, sagt Nagl zum STANDARD. Eustacchio müsse dazu jetzt „eine klare Stellungnahme abgeben”. Er würde es auch „sehr begrüßen”, wenn Sickl „endlich den Mietvertrag mit den Identitären auflöst”. Wie ernst es der FPÖ mit der Abgrenzung tatsächlich ist, verdeutlicht ein Detail: Jene Videobotschaft, in welcher der frühere FPÖ- und BZÖ-Politiker Gerald Grosz den Kanzler wegen des Umgangs mit den Identitären scharf kritisiert, wurde von einem nicht ganz unprominenten Account weiterverbreitet: vom offiziellen Facebook-Auftritt der Freiheitlichen Partei Österreichs. Bild: Parteichef Heinz-Christian Strache und sein Vize, der oberösterreichische Landesparteichef Manfred Haimbuchner, glauben in der FPÖ-Basis eine „klare Trennung“ von den Identitären zu sehen. Bild: Foto: / Fotokerschi",-1
,,SZ_Facebook_Offline_39,Zeitungsartikel Offline,"Poltk München, Bayern In der Trotzburg ""Jetzt erst recht"" - diese Parole soll der Rettungsanker sein für die durch das Ibiza-Video in die Defensive geratene FPO. Als Antreiber im Hintergrund ist immer noch Heinz-Christian Strache zu erkennen VON PETER MUNCH Wien - Blau ist der Himmel, blau die Bühne, und blau sind auch die Ballons, auf denen steht: ""FPÖ - mit langem Atem für unsere Heimat."" Keiner soll denken, dass den Freiheitlichen die Luft ausgeht nach dieser filmreifen Woche voller Fehl- und Rücktritte, die ganz Österreich erschüttert hat. Hier auf dem Viktor-Adler- Platz im 10. Wiener Gemeindebezirk wird gefeiert zum großen Finale des EU-Wahlkampfes, und alle, na ja, fast alle sind gekommen: der designierte neue Parteichef Norbert Hofer, der geschasste Innenminister Herbert Kickl, der EU-Spitzenkandidat Harald Vilimsky, und natürlich die John Otti Band, die seit ewigen Zeiten das Wahlvolk der FPO beschallt. Umständehalber fehlt nur Heinz-Christian Strache, doch auf den Bannern immerhin ist noch sein Name zu lesen - und die Stimmung prägt er sowieso. Denn die ist kämpferisch und wird zusammengefasst in einem Motto, das in großen Lettern überall zu sehen ist: ""Jetzt erst recht."" Jetzt erst recht - diese Parole soll der Rettungsanker sein für die durch das Ibiza-Video und den Abgang ihres Vorsitzenden Strache in die Defensive geratene Partei. Auf der FPO-Webseite ist ein Clip zur Europawahl zu sehen mit dem aktuellen Dreigestirn der Freiheitlichen: ""Jetzt"" sagt Hofer, ""erst"" schiebt Kickl nach, ""recht"" vollendet Vilimsky. Drei Worte voller Trotz und Wut und Kampfeswillen, die so perfekt zum Markenkern der FPO passen. Das Copyright auf diesen Satz liegt allerdings - zumindest im politischen Osterreich - bei der OVP, die mit diesem Slogan im Präsidentschaftswahlkampf anno 1986 ihren Kandidaten Kurt Waldheim stärkte, nachdem dessen NS-Vergangenheit ruchbar geworden war. Waldheim gewann die Wahl, und was ihm damals recht war, ist der FPO heute nicht zu billig. Denn in diesem Satz lässt sich der ganze Verschwörungs- und Opfermythos bündeln, mit dem die Freiheitlichen auf den tiefen Fall ihres vormaligen Frontmannes Strache reagieren. Die demaskierende Falle, die ihm und seinem Gefährten Johann Gudenus auf Ibiza gestellt wurde, wird zwar vordergründig aufgearbeitet. Dass der Auftritt ""peinlich"", ""katastrophal"" und ""dumm"" war, das hat auch Strache selbst bei seinem Rücktritt eingeräumt. Vor allem aber trommelt die Partei gegen jene finsteren Mächte ""aus dem Ausland"", die als Drahtzieher vermutet werden für ein ""politisches Attentat"" auf Strache, einen ""Anschlag"" auf die Regierungsarbeit von OVP und FPO oder gar einen ""Angriff auf Freiheit und Demokratie"". Als Antreiber im Hintergrund ist dabei immer noch Heinz-Christian Strache zu erkennen, der vor allem über die sozialen Medien präsent bleibt. Dort hatte er auch als Erster die ""Jetzt erst recht""-Losung ausgegeben - allerdings damit zunächst auch seine eigenen Parteifreunde irri- tiert, weil er es womöglich persönlich meinte. Der Standard jedenfalls zitiert aus einer Whatsapp-Nachricht an Spitzenfunktionäre, in der Strache schrieb: Süddeutsche Zeitung (D) 19 ""Wiener Vorstand besteht einstimmig auf meinem Verbleib als Obmann"". Das war schnell wieder vom Tisch. Doch auf Facebook, wo er 800000 Follower hat, sammelt Strache Unterstützung. Am Freitag veröffentlichte er ein neues Rechtfertigungsvideo, in dem er seine Ibiza-Aussagen als unschuldige ""Gedankenspiele"" darstellt und sich zu dem Satz aufschwingt, ""die Gedanken sind frei."" Das Ruder übernommen haben in der Partei nun Hofer, der bereits zum Spitzenkandidaten für die Neuwahl im September erkoren wurde, und Kickl, der die Fraktion im Parlament anführen soll. Die Rollenverteilung ist schon beim ersten gemeinsamen Auftritt der beiden zu Wochenbeginn deutlich geworden: Der allzeit freundliche Herr Hofer umschmeichelt das Wahlvolk, der weniger freundliche Sozius Kickl nimmt die Konkurrenz aufs Korn. Hofers Charmeoffensive konnte in seinen ersten Chef-Tagen kaum einer entkommen: Bei den alten Regierungskollegen bedankte er sich für die gute Zusammenarbeit, auch die Sozialdemokraten bekamen viel Anerkennung. Die Grenzen der Glaubwürdigkeit testete er aus mit einem Lob für die Medien im Allgemeinen und das linke Wiener Wochenblatt Falter im Besonderen. Er versprach die lückenlose Aufklärung aller durch das Ibiza-Video aufgeworfenen Fragen nach einer möglicherweise illegalen Auftragsvergabe oder Spendenpraxis. Und er kündigte einen Wahlkampf an, wie es ihn in Österreich schon sehr lange nicht mehr gegeben hat - ""ohne Schmutzkübel"" nämlich. ""Es war mir immer wichtig, ein gutes Verhältnis zu allen anderen Parteien zu pflegen"", erklärt Hofer. Kurzum: Die moralisch runderneuerte FPÖ will sich nach der anstehenden Neuwahl breitestmöglich wieder als Koalitionspartner in Stellung bringen. Dieser Schmeichel- und Schmusekurs steht allerdings in deutlichem Kontrast zu der von Herbert Kickl gelebten politischen Praxis. Kickl ist ansatzlos zurückgefallen in seine alte Rammbockrolle. Das bevorzugte Ziel seiner Attacken ist Bundeskanzler Sebastian Kurz von der ÖVP, dem er vorhält, ""machtbesoffen"" die Koalition aufgekündigt zu haben. Vor dem Misstrauensantrag gegen den Kanzler im Parlament am Montag lässt er deutlich Rachegelüste erkennen. Und auch gegen den Bundespräsidenten feuert er seine Breitseiten ab: Alexander Van der Bellen habe sich ""von Kurz und seinen Beratern quasi übertölpeln lassen"", schimpfte Kickl. Der Präsident mache sich damit zum ""Steigbügelhalter eines schwarzen Machtkartells"". Mit solchen Sätzen sollen die Reihen geschlossen werden für die Kämpfe, die nun anstehen, weit über die EU- Wahl hinaus. ""Jetzt erst recht"" ruft auch der Sänger der John Otti Band auf dem Wiener Viktor-Adler-Platz. Und weil die Stimmung grad so gut ist, singen alle mit beim nächsten Titel: ""Wir sind eine große Familie."" Bild: Der allzeit freundliche Herr Hofer: Der neue FPÖ-Vorsitzende tritt nach einem Gespräch bei Österreichs Präsident Alexander Van der Bellen in der Hofburg vor die Presse. Foto:Lisi Niesner / Reuters .",-1
positiv,"Der Text beschreibt die positive Stimmung von Mike Mohring nach seiner Krebsbehandlung und seiner Genesung. Er beschreibt sein Gefühl als ""total tolles Gefühl"" und zeigt sich auf sozialen Medien mit seiner neuen Frisur. Der Text ist auch positiv auf den Landtagswahlkampf bezogen, da Mohring sich ""in den Landtagswahlkampf stürzen"" will.",Bild_Facebook_Offline_16,Zeitungsartikel Offline,"Bund CDU-Kandidat Mohring veröffentlicht Selfie nach Chemo-Therapie ""Total tolles Gefühl"" tIk Erfurt - Die Haare und der Bart wachsen wieder! ""Das ist ein total tolles Gefühl"", sagt Thüringens CDU- Fraktionschef Mike Mohring (47, Foto). Nach Chemotherapie gegen seine Krebserkrankung und einer Kur zeigte sich Mohring auf Instagram und in einem Video auf Facebook jetzt erstmals wieder ohne Mütze - und mit Raspelkurz-Frisur. Jetzt will er sich in den Landtagswahlkampf stürzen. Motto: ""Aufbruch 2019"". Bild: Quelle: MIKELMOHRING / INSTAGRAM",1
negativ,"Der Text enthält negative Aussagen über die AfD und Markus Frohnmaier, da er sich gegen Vorwürfe der russischen Einflussnahme verteidigt und von einer 'enthemmten Hetzkampagne' spricht. Die Tatsache, dass er sich als Opfer einer Kampagne darstellt, verleiht dem Text eine negative Tonalität.",NZZ_Facebook_2,Zeitungsartikel Offline,"International International AfD bestreitet Vorwurf russischer Einflussnahme (dpa) - Nach Berichten über russischen Einfluss auf seine Arbeit hat der AfD-Bundestagsabgeordnete Markus Frohnmaier die Vorwürfe zurückgewiesen. «Verrückt. Kann ich mir nicht vorstellen, dass so was geschrieben worden ist. Ich bin hier angetreten, um deutsche Interessen zu vertreten. Das mache ich auch. Jeder, der meine Anträge, Initiativen sieht, der kann das auch nachverfolgen», sagte er gegenüber dem ZDF. Er reagierte damit auf Berichte mehrerer Medien, dass russische Kräfte hn «absolut unter Kontrolle» haben könnten. In einem am Samstag veröffentlichten Facebook-Eintrag schrieb Frohnmaier von einer «enthemmten Hetzkampagne gegen die AfD und auch mich» vor der Europawahl im Mai.",-1
negativ,"Der Text beschreibt die FPÖ als eine Partei, die sich gegen Veränderungen in der österreichischen Gesellschaft wehrt und gegen den 'Bevölkerungsaustausch' mobil macht. Dieser Begriff wird von Rechten und Rechtsextremen verwendet und soll den Widerstand gegen fremde Einflüsse aufs eigene Heimatland und gegen andere Religionen als das Christentum zum Ausdruck bringen. Die FPÖ wird auch für ihre Ablehnung von Ausländern und Menschen, die nicht ins völkische Schema passen, kritisiert. Der Text enthält auch Beispiele für die Diskriminierung von Migranten und Muslimen, wie das Posting von Dominik Nepp auf Facebook, bei dem er Frauen mit Kopftüchern in einem Wiener Park als 'befremdliche Impressionen' bezeichnet. Die FPÖ wird auch für ihre Nähe zu rechtsextremen Gruppen kritisiert, wie die Identitären, die den 'großen Austausch' als Kernthema haben.",STD_Facebook_Offline_3,Zeitungsartikel Offline,"Inland Katharna Mittelstaedt Bundesland Abend, Bundesland FPÖ macht gegen „Bevölkerungsaustausch” mobil Strache hält rechten Kampfbegriff für „Begriff der Realität”, Nepp wettert gegen Mütter Die FPÖ - selbst seit mehr als einem Jahr in Regierungsverantwortung - kampagnisiert wieder verstärkt gegen Veränderungen in der österreichischen Gesellschaft. Er gehe „den Weg für unser Heimatland Österreich und den Kampf gegen den Bevölkerungsaustausch konsequent weiter”, erklärt Vizekanzler Heinz- Christian Strache in einem Interview mit der Kronen Zeitung am Sonntag. Das würden „die Menschen auch von uns erwarten”, ist der Cheffreiheitliche überzeugt. „Bevölkerungsaustausch” ist ein vor allem von Rechten und Rechtsextremen verwendeter Begriff. Auch für die Identitären ist der „große Austausch” eines der Kernthemen. Es soll damit der Widerstand gegen fremde Einflüsse aufs eigene Heimatland und gegen andere Religionen als das Christentum zum Ausdruck gebracht werden. Kurz: die Ablehnung von Ausländern und all jenen, die aussehen, als seien sie solche. „rernreise” n Wien Als Beleg für einen Bevölkerungsaustausch kann somit auch jeder dienen, der nicht ins völkische Schema passt, wie der blaue Vizebürgermeister von Wien, Dominik Nepp, vor ein paar Tagen demonstrierte: Er postete ein Foto aus einem Wiener Park, auf dem Frauen mit Kinderwagen und zwischen den Bäumen herumtollende Kinder zu sehen sind. Viele der Mütter tragen ein Kopftuch. „Kein Fernreise-Bild, sondern befremdliche Impressionen aus dem Türkenschanzpark“, schrieb Nepp dazu auf Facebook. „So schaut’s in unseren ‚Wiener Freizeitoasen aus, zeigte er sich „enttäuscht”. „Da bekommt das Wort Turkenschanzpark plötzlich eine neue Bedeutung”, kommentierte Johann Gudenus, Chef des freiheitlichen Parlamentsklubs. Die designierte Wiener Vizebürgermeisterin Birgit Hebein (Grüne) fragte sich hingegen: „Wie klein im Denken muss jemand sein, der es notwendig hat, eine Gruppe von Müttern mit Kindern an den Hetzpranger zu stellen?” Für Strache ist „Bevölkerungsaustausch” ein „Begriff der Realität”, erklärte er auf Hinweis der Krone- Journalistin, dass es sich um ein Wort aus der rechtsextremen Szene handle. „Wir wollen nicht zur Minderheit in der eigenen Heimat werden.” Um Rechtsextremismus handle es sich nach Definition des Vizekanzlers erst, wenn versucht werde, „politische Ziele mit Gewalt durchzusetzen"". Ähnliche Bedenken wie Strache und Nepp aufßsert der blaue Verkehrsminister Norbert Hofer im Profil: „Wir haben andere Sorgen als Ausrutscher: Dass sich Österreich durch Zuwanderung zu einem Land mit muslimischer Mehrheit entwickelt.” Sabine Schatz, SPÖ-Sprecherin für Gedenkkultur, fragte auf Twitter dann Bundeskanzler Sebastian Kurz (ÖVP), Der Standard j 19 wie viel die Distanzierung der FPO von den Identitären wert sei, wenn Strache „im Identitären-Sprech antwortet”. SPO-Bundesgeschäftsführer Thomas Drozda erinnerte in einer Aussendung an einen Auftritt des steirischen FPO-Politikers Wolfgang Zanger bei einer Kundgebung der Identitären in Judenburg im Februar 2016 - Zanger sitzt bis heute im Nationalrat. Kommentar der anderen Seite 19 Pro und Kontra Seite 20 Bild: Die Verpixelung der Gesichter hat DER STANDARD vorgenommen. Bild: Foto: Facebook/Faksimile",-1
neutral,"Der Artikel beschreibt die Situation von Nationalrat Maximilian Reimann, der sich gegen die Altersguillotine der SVP wehrt und als Kandidat für eine überparteiliche Seniorenliste antritt. Der Artikel gibt eine neutrale Darstellung der Situation und zitiert Reimanns Aussagen, ohne eine klare Meinung oder Bewertung zu äußern. Es gibt jedoch auch negative Aspekte, wie die Diskriminierung von Senioren und die Altersguillotine, die als Problem dargestellt werden.",NZZ_Facebook_15,Zeitungsartikel Offline,"Hintergrund und Meinungen Sonntag Senior von Beruf Maximilian Reimann, ältester Nationalrat der Schweiz, denkt nicht ans Aufhören und umgeht die Altersguillotine der SVP. Er kampft gegen Diskriminierung - meistens. Von Anja Burri Er hätte gute Gründe, sich zufrieden zurückzulehnen. In seinen bald 77 Lebensjahren ist Maximilian Reimann Jurist geworden, Delegierter des Internationalen Komitees vom Roten Kreuz, Fernsehmoderator, Finanzdirektor eines Exportunternehmens, National-und Ständerat, Verwaltungsrat, Ehemann und Vater von zwei Töchtern. Doch nun beschleicht hn ein Gefühl, das er bisher nicht kannte: Er fühlt sich diskriminiert — aufgrund seines Alters. Seine Partei, die SVP Aargau, hat für Nationalräte ab 63 Jahren eine Altersguillotine eingeführt. Wer seinen Platz nicht freiwillig raumt, muss am Parteitag mit mindestens zwei Dritteln der Stimmen nominiert werden. Diesem Verfahren wollte sich Nationalrat Reimann, der seit gut 32 Jahren im Parlament sitzt, nicht stellen und zog Sich zurück. Geschlagen gibt er sich aber nicht. Lieber orientiert er sich an ausländischen Politgrössen: Der Präsident des Deutschen Bundestages Wolfgang Schäuble sei gleich alt wie er, die US-Demokratin Nancy Pelosi sei zwei Jahre älter und Sprecherin des Repräsentantenhauses, schreibt er in einer E-Mail. Reimann tritt auch diesen Herbst als Nationalratskandidat an. Nicht mehr für die SVP, sondern für eine überparteiliche Seniorenliste. Sechs Kandidatinnen und Kandidaten gehören bisher zum «Team 65». «Wenn es die Parteien mit den Altersguillotinen allzu sehr auf die Spitze treiben, müssen sie sich nicht wundern, wenn als Gegenreaktion unabhängige Seniorenlisten lanciert werden», sagt er. Denn auch Senioren müssten angemessen im Nationalrat vertreten sein. Von einem Zerwürfnis mit der SVP könne nicht die Rede sein. Er bleibe Parteimitglied, betont er. Die Beziehung zur Volkspartei scheint dennoch leicht angespannt: Diese Woche ermahnte SVP-Doyen Christoph Blocher den widerspenstigen Senior in seiner Online-Sendung «Teleblocher»: Natürlich schade die Seniorenliste der Partei. Reimann, der seit seiner Geburt im Aargauer Fricktal lebt, stammt aus einer politischen Familie. Sein Vater war Gemeinderat in Frick für die Bauern-, Gewerbe- und Bürgerpartei (BGB), die Vorgängerin der SVP. Er selber schloss zuerst sein Jus-Studium ab, bevor er der CVP beitrat. Ein paar Jahre später wechselte er zur SVP. Als Sportmoderator des Schweizer Fernsehens war er bereits national bekannt, als er 1987 für die SVP in den Nationalrat gewahlt wurde. Dass Politik für Senioren in Zeiten der Überalterung gefragt ist, realisierte Reimann vor knapp zehn Jahren. Er ärgerte sich über die Regel, wonach in der Schweiz Autofahrer ab 70 Jahren einen medizinischen Check-up machen müssen, und überzeugte das Parlament davon, die Altersgrenze auf 7/5 Jahre zu erhöhen. Es ist sein grösster politischer Erfolg der letzten Jahre. Für solche Ziele werde er sich weiter einsetzen, wirbt er in den sozialen Netzwerken und postet dazu eine Foto, die ihn auf einem Traktor zeigt. Er trägt den Freizeit-Look der Senioren, ein Kurzarmhemd, den Pullover über den Schultern, Turnschuhe mit Klettverschluss, und er hält das Neue Zürcher Zeitung (CH) 19 Steuer fest in beiden Händen, als ob er damit sagen wollte: So schnell lässt Reimann nicht los. Die Sicherung der AHV ist ihm ein wichtiges Anliegen. Und er ist Mitglied des Komitees für die Volksinitiative «Schutz vor Altersdiskriminierung». Diese will erreichen, dass gegen Benachteiligungen aufgrund des Alters, etwa am Arbeitsplatz, geklagt werden kann - als Vorbild dient das Gleichstellungsgesetz. Als dieses in den neunziger Jahren eingeführt wurde, sass Reimann im Nationalrat. Er spielte mit drei anderen Bürgerlichen eine zentrale Rolle in den Beratungen, sie versuchten mit zahlreichen Anträgen, das Gesetz abzuschwächen. «Antifeministen sperren sich gegen die Gleichstellung der Frauen», titelte die «Sonntagszeitung». Heute sagt Reimann, selbstverständlich könne er die Frauen verstehen, die sich für Gleichstellung einsetzten. Doch diese Kreise hörten es nicht gerne, dass da auch die Gleichstellung beim Rentenalter dazugehöre, also AHV ab 65 fur alle. Er hat dies im Parlament thematisiert: Weil die Frauen mit 64 Jahren das AHV-Alter erreichen, profitieren sie ein Jahr früher vom Seniorentarif beim SBB- Generalabonnement. «Ein Verstoss gegen die Gleichberechtigung von Mann und Frau?», wollte Reimann vom Bundesrat wissen. Er ist davon zum Glück nicht betroffen: Als Nationalrat hat er Anrecht auf ein SBB- Generalabonnement für die 1.Klasse.",-1
positiv,"Der Text drückt eine starke Unterstützung für jüdisches Leben und eine Ablehnung von Antisemitismus aus. Die Verwendung von Zitaten wie ""Niemals vergessen"" und ""Nie mehr wieder"" impliziert eine Hoffnung auf eine bessere Zukunft und eine Absage an die Vergangenheit.",Kurz_Tweet_301,Tweet,Wir wollen jüdisches Leben aktiv unterstützen und gegen jede Form des #Antisemitismus ankämpfen – damit aus einem „Niemals vergessen“ ein „Nie mehr wieder“ werden kann.,1
positiv,"Die Verwendung von positiven Worten wie 'Herzliche Gratulation', 'tolle Arbeit' und'super Ergebnis' weist auf eine positive Stimmung hin. Die Erwähnung des Erfolgs der FSG in Wien und ihre Platzierung auf Platz 1 unterstreicht diesen positiven Ton.",Rendi-Wagner_Tweet_27,Tweet,"Herzliche Gratulation an Renate Anderl und ihr Team! Auch in Wien hat die FSG auf 60,8 Prozent zugelegt und liegt deutlich auf Platz 1. Tolle Arbeit und super Ergebnis! (prw) #AKWahl #Wien",1
negativ,"Die Aussage ist negativ, da Experten eine Gefahr für die Arbeitslosigkeit sehen und die Bundesregierung als unzureichend darstellen. Die Ankündigung eines Pakets zur Stärkung von Wirtschaft und Beschäftigung kann als Versuch gesehen werden, die Situation zu verbessern, aber die Tatsache, dass Experten eine Gefahr sehen, bleibt im Hintergrund.",Rendi-Wagner_Tweet_60,Tweet,"Viele ExpertInnen warnen davor, dass die Arbeitslosigkeit in den kritischen Bereichen wieder steigen könnte. Die Bundesregierung droht das zu verschlafen. Wir haben ein Paket für die Stärkung Wirtschaft und Beschäftigung zusammengestellt, das 100.000 Arbeitsplätze bringt.",0
positiv,Die Verabschiedung einer koordinierten Strategie zur Umsetzung der nationalen Integrationsagenda wird als positiver Schritt zur Integration von vorläufig aufgenommenen Personen und Flüchtlingen in die Arbeitswelt und Gesellschaft wahrgenommen.,Fehr_tweet_96,Tweet,Regierungsrat verabschiedet eine koordinierte Strategie zur Umsetzung der nationalen #Integrationsagenda. Damit sollen vorläufig aufgenommene Personen &amp; #Flüchtlinge rascher in die #Arbeitswelt &amp; besser in die hiesige Gesellschaft integriert werden. #rrzh,0
positiv,"Der Satz 'Getting Europe right' impliziert, dass man sich bemüht, Europa richtig zu verstehen oder zu handhaben, was eine positive Einstellung und ein Engagement für die europäische Sache andeutet.",Akk_Tweet_4,Tweet,Getting Europe right.,0
neutral,"Der Text beschreibt eine Situation, in der zwei Personen (GOettingerEU und der Autor) sich im selben Stadion befinden, aber unterschiedliche Gefühle haben. Die Verwendung von :) und #BVBVFB @BVB @VfB deutet auf eine neutrale oder humorvolle Stimmung hin, ohne eine klare positive oder negative Emotion auszudrücken.",Lindner_Tweet_1,Tweet,"Neben @GOettingerEU im selben Stadion, aber wir jubeln bei unterschiedlichen Situationen... :) CL #BVBVFB @BVB @VfB",1
negativ,"Der Text beschreibt den FPÖ-Skandal als schädlich für Österreich und kritisiert den Zugang zur Politik. Darüber hinaus wird die Zusammenarbeit in der Regierung als zerstört beschrieben. Die Aussage, dass man sich für eine restlose Aufklärung einsetzen wird, kann als Versuch gesehen werden, die Situation zu verbessern, aber die Kritik an der FPÖ und der Regierung bleibt überwiegend negativ.",Kurz_Tweet_373,Tweet,"Das bekannt gewordene FPÖ-Skandal-Video hat Österreich geschadet, zeigt einen falschen Zugang zur Politik &amp; hat d Zusammenarbeit in d Regierung zerstört. Mit HBP @vanderbellen setze ich mich f eine restlose Aufklärung ein &amp;werde alles tun,um f stabile Verhältnisse in Ö zu sorgen.",-1
positiv,"Der Text wünscht ein 'frohes und gesegnetes Fest', was auf eine positive Stimmung hinweist. Die Verwendung von positiven Adjektiven wie 'froh' und 'gesegnet' unterstreicht diese Stimmung.",Kurz_Tweet_249,Tweet,Die orthodoxe Gemeinde feiert heute #Ostern. Ich wünsche ein frohes und gesegnetes Fest!,1
positiv,"Der Text ist überwiegend positiv, da der Autor sich bei Gust Wöginger bedankt und seine Unterstützung, Freundschaft und Arbeit würdigt. Die Verwendung von Ausdrücken wie 'unermüdlicher Einsatz', 'persönliche Unterstützung', 'enge Freundschaft' und 'alles Gute' unterstreicht die positive Stimmung.",Kurz_Tweet_155,Tweet,"Ich bedanke mich bei Gust #Wöginger für seinen unermüdlichen Einsatz für die neue @volkspartei, die persönliche Unterstützung und die enge Freundschaft! Ich freue mich auf unsere weitere Zusammenarbeit und wünsche ihm alles Gute für die Arbeit in #Schärding und #Parlament!",1
positiv,Der Hashtag #UnserEuropa und die Erwähnung von #26MaiCDU deuten auf eine positive und engagierte Haltung gegenüber der politischen Zukunft Deutschlands und Europas hin. Der Einsatz von Hashtags wie #UnserEuropa suggeriert ein Gefühl von Zusammengehörigkeit und gemeinsamer Vision für die Zukunft.,Akk_Tweet_366,Tweet,Für Deutschlands Zukunft. #UnserEuropa. #26MaiCDU,0
negativ,"Der Text äußert sich kritisch über die Positionen von FDP und SP, indem er behauptet, sie wollten noch mehr Zuwanderung, was als negativ bewertet werden kann. Die Verwendung von #BGIJa! als Reaktion darauf deutet darauf hin, dass der Autor die #Begrenzungsinitiative unterstützt und die Positionen von FDP und SP ablehnt.",Aeschi_Tweet_37,Tweet,"Statt mit der #Begrenzungsinitiative endlich die Zuwanderung wieder eigenständig zu steuern, wollen FDP und SP noch mehr Zuwanderung. #BGIJa!",0
neutral,"Der Text beschreibt Lateinamerika als wichtige Region im Kampf gegen den Klimawandel, ohne eine klare emotionale Haltung zu zeigen. Die Formulierung 'unersetzlich' und 'betroffen' können als neutral interpretiert werden, da sie eher Fakten beschreiben als eine emotionale Meinung ausdrücken.",Maas_Tweet_170,Tweet,Lateinamerika ist die grüne Lunge der Welt. Die Region ist unersetzlich im Kampf gegen den #Klimawandel und zugleich besonders von ihm betroffen. Mit der Dominikanischen Republik haben wir daher das Thema „Klima und Sicherheit“ auf die Tagesordnung des UN-Sicherheitsrats gesetzt.,0
negativ,"Der Text beschreibt die Sperrung des Twitter-Accounts von @SawsanChebli als'maßlos &amp; falsch', was eine negative Bewertung darstellt. Darüber hinaus kritisiert der Text die Kommentare von Personen, die sich vorher für die Kontrolle von Twitter und Facebook eingesetzt haben, was als Ironie und Kritik an der Situation wahrgenommen werden kann.",Lindner_Tweet_371,Tweet,"Die Sperrrung des Twitter-Accounts von @SawsanChebli war maßlos &amp; falsch. Interessant aber die entrüsteten Kommentaren eben jener, die sich vorher dafür eingesetzt haben, dass Konzerne wie #Twitter und #Facebook darüber bestimmen, was online bleibt und was nicht. CL #NetzDG",-1
positiv,"Die Verwendung von Worten wie 'Vielen Dank' und 'gute Diskussion' weist auf eine positive Stimmung hin. Die Erwähnung von aktuellen Themen und Herausforderungen wird durch die Verwendung von Hashtags wie #Reformen, #Österreich, #Brexit in einem neutralen Kontext unterstützt.",Kurz_Tweet_151,Tweet,"Vielen Dank für die Einladung zum Polit-Talk mit Wolfgang Braun &amp; @CKotanko in Linz, @nachrichten_at! Es war eine gute Diskussion zu aktuellen Themen, #Reformen in #Österreich sowie europäische Herausforderungen wie den #Brexit.",1
positiv,"Der Hashtag #unserEuropa und die Erwähnung des 26. Mai, einem Tag der politischen Aktivität, deuten auf eine positive und engagierte Stimmung hin. Die Verwendung von #26MaiCDU weist darauf hin, dass der Text von der Christlich Demokratischen Union (CDU) stammt, was eine politische Partei ist, die in Deutschland eine wichtige Rolle spielt.",Akk_Tweet_374,Tweet,Am 26. Mai geht es um viel: Es geht um #unserEuropa! #26MaiCDU,0
neutral,Der Text enthält eine neutrale Aussage über die Forderung nach Zugang zu Reaktoren für internationale Inspektoren und einen Bericht über ein Gespräch mit dem slowakischen Premierminister. Es gibt keine offensichtlich positive oder negative Tendenz.,Kurz_Tweet_329,Tweet,Wir fordern daher Zugang zu den Reaktoren für internationale Inspektoren. Das war heute auch Thema bei meinem Gespräch mit dem slowakischen Premierminister Peter Pellegrini in Rumänien.,0
positiv,"Die Vorschläge beinhalten Maßnahmen, die auf die Unterstützung von kleinen und mittleren Einkommen, die Förderung von Unternehmen und die Investitionen in die öffentliche Infrastruktur abzielen. Dies deutet auf eine positive Tonalität hin, da die Vorschläge auf Wachstum und Entwicklung abzielen.",Rendi-Wagner_Tweet_61,Tweet,"Das sind unsere Vorschläge für 100.000 Arbeitsplätze: Vorziehen der Steuerreform, um kleine und mittlere Einkommen zu entlasten. Anreize für Unternehmen, die in Arbeitsplätze investieren. Investitionen in die öffentliche Infrastruktur und die Rückkehr der Aktion 20.000!",0
positiv,"Der Text beschreibt eine Zusammenarbeit mit der UN und die Unterstützung von Maßnahmen, die zu mehr Vertrauen zwischen Konfliktparteien führen sollen. Der Hashtag #strongerUNited ist ein positiver Ausdruck, der die Stärkung der Zusammenarbeit zwischen der UN und Deutschland betont.",Maas_Tweet_71,Tweet,"Gemeinsam mit den @UN haben wir Starthilfe für die „Peace Support Facility for Yemen“ geleistet, um vertrauensbildende Maßnahmen zwischen den Konfliktparteien zu befördern. Dem dient nun auch das deutsche Engagement bei UNMHA. #strongerUNited",0
negativ,"Der Begriff #Overtourism impliziert, dass es zu viel Tourismus gibt, was oft mit negativen Auswirkungen auf die Umwelt und die lokale Bevölkerung verbunden ist. Der Mount Everest ist ein besonders sensibles Gebiet, da es ein Naturschutzgebiet ist und die Anzahl der Touristen in den letzten Jahren stark gestiegen ist, was zu Umweltproblemen und Überlastung der Infrastruktur geführt hat.",Aeschi_Tweet_222,Tweet,#Overtourism am Mount Everest,0
negativ,"Der Text enthält negative Aussagen wie 'Nein zu immer noch mehr Ausländerkriminalität', was auf eine negative Stimmung hinweist. Die Verwendung von 'BGI Ja' und 'Zuwanderung endlich wieder eigenständig steuern' kann als Versuch gesehen werden, eine positive Botschaft zu verbreiten, aber die dominierende negative Aussage überwiegt die positive.",Aeschi_Tweet_42,Tweet,#Begrenzungsinitiative #BGIJa! Zuwanderung endlich wieder eigenständig steuern. Nein zu immer noch mehr Ausländerkriminalität!,0
neutral,"Der Text enthält die Wörter 'Interessante Fakten', was darauf hindeutet, dass es sich um eine neutrale Information handelt, ohne eine klare positive oder negative Tonalität.",Fehr_tweet_116,Tweet,Interessante Fakten. @statistik_zh @KantonZuerich,0
positiv,"Der Text beschreibt eine Maßnahme des Fussballverbands, die als 'richtig' und 'erste richtige Massnahme' bezeichnet wird. Dies deutet auf eine positive Stimmung hin, da die Maßnahme als positiv bewertet wird.",Fehr_tweet_115,Tweet,"Fussballverband verfügt Stadionverbot wegen sexistischer Transparente, wie es @akanji_sarah gefordert hat. Eine erste richtige Massnahme. @fcwinti @SFV_ASF",0
neutral,"Der Text ist neutral, da der Autor sowohl die positiven Aspekte des Erfolgs von BeyondMeat als auch die Bedeutung der Wahlfreiheit der Konsumenten und die Möglichkeit der klimaneutralen Produktion von Fleisch erwähnt. Es gibt keine eindeutige positive oder negative Tendenz im Text.",Lindner_Tweet_509,Tweet,"Klein gedacht, lieber @ulfposh. Als glücklicher Aktionär von @BeyondMeat freue ich mich über den Erfolg! Als liberaler Politiker bin ich aber weiter für Wahlfreiheit der Konsumenten. Fleischkonsum kann klimaneutral werden - durch technische/natürliche Kompensation de CO2. CL",1
negativ,"Der Text enthält eine negative Aussage über eine bestimmte Gruppe von Menschen, die als 'Intolerante' bezeichnet werden. Die Verwendung des Wortes'schlimmer' deutet auf eine negative Einstellung hin.",Rickli_Tweet_47,Tweet,Die Intoleranten werden ja immer schlimmer.,-1
positiv,"Die Headline ist interessant und suggeriert, dass das Gesetz positive Auswirkungen haben wird. Der Wortlaut des Communiqués der ZH Regierung, dass Einbürgerungen als Stärkung der Demokratie gesehen werden, deutet auf eine positive Tonalität hin.",Fehr_tweet_70,Tweet,"Interessante Headline für ein Gesetz, das markante Erleichterungen für bringt. In ihrem Communiqu hält die ZH Regierung fest, dass sie Einbürgerungen als Stärkung der Demokratie sieht: Hier der Wortlaut:",0
positiv,"Der Text beschreibt die #Grundrente als Ausdruck des Respekts und der Anerkennung für diejenigen, die 35 Jahre gearbeitet haben. Es wird betont, dass das Konzept solide und gerecht finanziert ist, was eine positive Bewertung nahelegt.",Maas_Tweet_147,Tweet,"Manch einer in der Union mag es #Sozialklimbim nennen. Wir finden die #Grundrente ist Ausdruck des Respekts und der Anerkennung für alle, die 35 Jahre hart gearbeitet haben. 3 Mio. Menschen, davon 80% Frauen, haben ein Recht darauf. Das Konzept ist solide und gerecht finanziert.",1
positiv,Die Verwendung von positiven Begriffen wie 'vorwärts gemacht' und 'freiere Gesellschaft' sowie die Unterstützung einer Organisation wie 'queer altern' weisen auf eine positive Stimmung hin.,Fehr_tweet_31,Tweet,"Hier hat Zürich vorwärts gemacht! GV von ""queer altern"" - eine Organisation, die zeigt, dass eine vielfältige Gesellschaft eine freiere Gesellschaft ist. Meine Grussworte: #jizh, @marco_denoth #RRWahl19 #Regenbogen",1
negativ,"Der Text beschreibt das Flugzeugunglück als 'Unglück' und spricht von 'zahlreichen Opfern und Verletzten', was eine negative Stimmung vermittelt. Darüber hinaus wird 'Beileid' ausgesprochen, was ein Ausdruck von Trauer und Anteilnahme ist.",Maas_Tweet_115,Tweet,"Mit Bestürzung sehen wir die Berichte über das Flugzeugunglück in #Moskau. Unsere Gedanken sind bei den zahlreichen Opfern und Verletzten. Unser tief empfundenes Beileid gilt allen Russinnen und Russen, die bei diesem Unglück einen geliebten Menschen verloren haben.",-1
negativ,"Der Text enthält negative Aussagen über die Beteuerungen von @ManfredWeber und seiner Unterstützer, die als 'unglaubwürdig' bezeichnet werden. Dies deutet auf eine negative Stimmung hin.",Rendi-Wagner_Tweet_103,Tweet,"Im Interview mit der Tageszeitung @welt habe ich klargemacht: Die Beteuerungen von @ManfredWeber, seinem wichtigsten Unterstützer Sebastian Kurz und der Europäischen Konservativen, nicht mit Rechten zusammenzuarbeiten, sind völlig unglaubwürdig. #EUWahl19",-1
positiv,"Der Text beschreibt eine soziale Veranstaltung, bei der bekannte Politiker anwesend sind, was auf eine positive Stimmung hinweist. Die Verwendung von Hashtags wie #freiundsicher, das für die Schweizer Volkspartei (SVP) typisch ist, unterstützt diese Interpretation.",Aeschi_Tweet_143,Tweet,"Sonntagsbrunch der SVP Cham mit Regierungsrat und Ständeratskandidat Heinz Tännler, Nationalrat @UGiezendanner und mir. @SVPch #freiundsicher",0
neutral,"Der Text enthält sowohl eine negative Aussage ('Schlechtes Foto') als auch eine positive Aussage ('Herzliche Gratulation'). Die positive Aussage dominiert jedoch nicht, da sie durch ein Symbol (‼) und ein Hashtag (#wahlen19) begleitet wird, die eher neutral oder sogar negativ konnotiert sein können. Die Gesamtwirkung des Textes ist daher neutral.",Fehr_tweet_98,Tweet,Schlechtes Foto - SUPER Liste‼ Herzliche Gratulation allen Nominierten @spzuerich #wahlen19,1
negativ,"Der Text äußert Kritik an Schwarz-Blau, da es die Anliegen von 500.000 ÖsterreicherInnen, die sich für die Gleichberechtigung und Selbstbestimmung einsetzen, nicht angemessen behandelt. Der Text ist auch positiv gegenüber der FVB, indem er sie als Partnerin für Gleichberechtigung und Selbstbestimmung bezeichnet.",Rendi-Wagner_Tweet_72,Tweet,"Es ist mehr als bedenklich, wie Schwarz-Blau mit 500.000 ÖsterreicherInnen umgeht, die sich für die Anliegen des @frauenvb eingesetzt haben. In uns habt ihr immer eine Partnerin für Gleichberechtigung, Chancengerechtigkeit und Selbstbestimmung an eurer Seite! #OeNR #fvbNR",0
positiv,"Der Text verwendet die Wörter 'hoffentlich wundervollen', was eine positive Konnotation hat und den Lesern ein Gefühl von Freude und Optimismus vermittelt.",Strache_Tweet_23,Tweet,Wir wünschen Euch ALLEN einen hoffentlich wundervollen Ostermontag,1
negativ,"Der Text bezieht sich auf ein schreckliches Ereignis, das als negativ bewertet werden kann. Die Verwendung von Begriffen wie'schrecklich' und 'Opfer' unterstreicht die negative Stimmung. Die Forderung nach Ausbau des Schutzes für verletzliche Gruppen ist jedoch eine positive Note, die jedoch von der überwiegenden negativen Stimmung überlagert wird.",Fehr_tweet_37,Tweet,Weltweite Solidarität mit den Opfern von #christchurch. Wir gedenken der Opfer und zeigen uns solidarisch mit den muslimischen Gemeinschaften. Das schreckliche Ereignis zeigt: Wir müssen den Schutz für ALLE verletzlichen Gruppen ausbauen. via @srfnews,-1
positiv,"Der Text ist positiv, da er die Person @narendramodi und die Wahl in #India gratuliert und die Beziehungen zwischen den Ländern als ""exzellent"" beschreibt.",Kurz_Tweet_393,Tweet,Congratulations to @narendramodi for a formidable victory at the recent parliamentary elections in #India - the largest democratic exercise in human history! I look forward to further deepening our excellent bilateral relations.,1
neutral,"Der Text beschreibt eine Situation ohne emotionale Ausprägung, sondern eher als Beobachtung. Die Verwendung von 'keine Klarheit gebracht' und 'für und nicht nur immer gegen' deutet auf eine neutrale Haltung hin.",Kurz_Tweet_99,Tweet,"Die gestrigen Abstimmungen im britischen Unterhaus haben erneut keine Klarheit gebracht. Fast drei Jahre nach dem #Brexit Referendum ist es nun aber an der Zeit, auch einmal für und nicht nur immer gegen etwas zu sein.",-1
positiv,"Der Text zeigt eine positive Einstellung gegenüber den Menschen, die die Ausstellung bewachen, und gegenüber dem Thema des Gedenkens an die Opfer des Holocaust. Die Verwendung von Begriffen wie 'couragiert' und 'gegen das Vergessen' unterstreicht die positive Tonalität.",Rendi-Wagner_Tweet_132,Tweet,"In den letzten Tagen wurden Bilder von Holocaust-Überlebenden geschändet. Danke an die couragierten Menschen, die die Ausstellung nun rund um die Uhr bewachen. Das ist ein deutliches Zeichen gegen das Vergessen. Ich habe ihnen heute Verstärkung vorbeigebracht. #GegenDasVergessen",0
positiv,"Die Aussage ist positiv, da sie die Unterstützung der Mehrheit der österreichischen Bevölkerung für die Forderung nach Abschaffung der ORF-GIS-Zwangsgebühren ausdrückt. Die Verwendung von 'Freiheitliche Forderung' und 'unterstützt' weist auf eine positive Einstellung hin.",Strache_Tweet_11,Tweet,Die Freiheitliche Forderung nach Abschaffung der ORF-GIS-Zwangsgebühren in dieser Regierungsperiode wird von der Mehrheit der österreichischen Bevölkerung unterstützt!,0
positiv,"Der Text enthält ein Exklusivpronomen 'wir', was auf eine positive Einstellung hinweist. Die Verwendung des Wortes 'gegen den Widerstand' impliziert, dass die Maßnahme trotz Schwierigkeiten durchgeführt wird, was auch eine positive Tonalität vermittelt.",Strache_Tweet_8,Tweet,Wir ziehen die Mindestsicherung Neu auch gegen den Widerstand des rot-grünen Wiens durch!,-1
positiv,"Der Text betont die Bedeutung der Unterstützung für die Opfer sexualisierter Gewalt und ruft die VN-Mitgliedstaaten dazu auf, ihnen zu helfen. Dies deutet auf eine positive Stimmung hin.",Maas_Tweet_91,Tweet,"2. Ins Zentrum gehören die Opfer sexualisierter Gewalt! Die Resolution ruft alle VN-Mitgliedstaaten dazu auf, sie zu unterstützen. (3/4)",0
negativ,"Der Text enthält negative Aussagen über eine Person, indem sie als kindisch und weinerlich dargestellt wird. Die Verwendung von Worten wie 'Jetemy eins auf die Nase haut' und 'weinerlich' vermittelt eine negative Stimmung.",Fehr_tweet_107,Tweet,"@mbinswanger @natasja_sommer @JudithWittwer @tagesanzeiger Ja und er wird ja dann auch von seiner Frau getröstet, wenn ihm Jetemy eins auf die Nase haut. Und ja, er geht mit grünen Schuhen zum Einkaufen und sein neuer Lippenstift ist plötzlich so versöhnlich.",-1
positiv,"Der Text ist überwiegend positiv, da der Autor sich über die Aufgabe freut und betont, dass Zürich vorwärts macht. Er lobt auch die Mitarbeiter und verwendet positive Wörter wie 'tolle Arbeit' und 'freue mich sehr'.",Fehr_tweet_82,Tweet,"Ich freue mich sehr, dass ich für weitere vier Jahre der Direktion der Justiz und des Innern vorstehen darf . Zürich macht vorwärts, daran will ich weiterarbeiten. Zusammen mit den rund 2000 Mitarbeitenden, die jeden Tag tolle Arbeit leisten! #jizh #fürschi @kantonzuerich",1
negativ,"Der Text enthält eine negative Aussage über die Grünen, indem sie als 'Verhinderer' bezeichnet werden. Die Aussage 'nicht gebaute Wohnungen' wird als negative Konsequenz ihrer Handlungen dargestellt. Der Kontext des #Bundestags und der Themen #Enteignungen und #Mietenwahnsinn legt nahe, dass der Text eine kritische Haltung gegenüber den Grünen und ihren Politiken einnimmt.",Lindner_Tweet_223,Tweet,"""Alleine in Berlin gehen 11.000 nicht gebaute Wohnungen auf das Konto der Verhinderer von den Grünen!"": habe eben im #Bundestag zu #Enteignungen &amp; #Mietenwahnsinn gesprochen. CL",-1
positiv,"Die Textstelle ist positiv, da sie die Menschen Japans gratuliert und die Freundschaft zwischen Japan und Österreich hervorhebt. Die Erwähnung von 150 Jahren diplomatischer Beziehungen und der Feier des Thronbesteigungszeremoniells des Kaisers Naruhito unterstreicht die positive Stimmung.",Kurz_Tweet_264,Tweet,"I would like to offer my warmest congratulations to the people of #Japan at the occasion of the enthronement ceremony of H.I.H Emperor #Naruhito. I am happy that Japan and Austria are connected through a bond of friendship, celebrating 150 years of diplomatic relations this year.",1
negativ,"Der Text enthält eine kritische Haltung gegenüber der EU und ihren Mitgliedern, insbesondere wenn es um Schulden, illegale Migration und Verstöße gegen die Rechtsstaatlichkeit geht. Die Forderung nach 'harten Konsequenzen' und 'klaren Sanktionen' deutet auf eine negative Einstellung gegenüber der aktuellen EU-Politik hin.",Kurz_Tweet_284,Tweet,"Es braucht einen neuen zeitgemäßen #EU-Vertrag mit klaren Sanktionen gegen Mitglieder, die Schulden machen, Strafen für Länder, die illegale Migranten nicht registrieren und durchwinken, sowie harte Konsequenzen bei Verstößen gegen d Rechtsstaatlichkeit und liberale Demokratie.",-1
negativ,"Der Text beschreibt eine Situation als'sozialpolitische Schande', was eine starke negative Bewertung darstellt. Die Verwendung von Worten wie 'betroffen' und 'geschmissen' unterstreicht die negative Stimmung.",Strache_Tweet_10,Tweet,"Ich bin tief betroffen, wie die SPÖ in Wien mit betagten und pflegebedürftigen Wienerinnen und Wienern umgeht. Wenn diese Menschen aus ihrer Betreuungseinrichtung geschmissen werden, dann ist das eine sozialpolitische Schande.",-1
negativ,"Der Text enthält negative Aussagen über die möglichen Folgen des institutionellen Rahmenabkommens mit der EU, wie z.B. sinkende Löhne und Preise auf EU-Niveau. Der Hashtag #InstANein und die Erwähnung der SVP (eine politische Partei in der Schweiz) deuten auf eine kritische oder ablehnende Haltung gegenüber dem Abkommen hin.",Aeschi_Tweet_242,Tweet,Das Konzept der @NZZ kennen wir: Das #institutionelleRahmenabkommen mit der EU unterzeichnen. Dann sinken die Schweizer Löhne und der Schweizer Wohlstand auf EU-Niveau und im Kielwasser werden sich auch die Preise an EU-Niveau anpassen. #InstANein! @SVPch #freiundsicher,-1
negativ,"Der Text enthält negative Aussagen über die FPÖ und fordert, dass Personen, die mit der FPÖ in Verbindung gebracht werden, nicht mehr in Österreich bleiben oder hereinkommen dürfen. Die Sprache ist emotional und ablehnend.",Strache_Tweet_7,Tweet,"Die #FPÖ wirkt in der Regierung! Wir wollen solche Personen NIE mehr in unserem Land haben und müssen alles dafür tun, damit sie auch nicht mehr hierher kommen können!",-1
positiv,"Der Text enthält positive Formulierungen wie 'danken', 'Vertrauen', 'freuen' und 'Zusammenarbeit', die auf eine positive Stimmung hinweisen. Die Erwähnung von 'Vorreiterrolle' und '5G' als positiv bewertetes Thema verstärkt diese Interpretation.",Kurz_Tweet_307,Tweet,"Wir danken der @deutschetelekom für Ihr Vertrauen in den #Standort #Österreich und freuen uns auf die Zusammenarbeit mit #Magenta, um Österreichs Vorreiterrolle im Bereich #5G weiter auszubauen.",1
positiv,"Die Entscheidung der OMV wird als großer Erfolg für den Standort Österreich bezeichnet, was auf eine positive Stimmung hinweist. Die Erwähnung von erfolgreichen Unternehmen wie ABB, Infineon und Deutsche Telekom unterstreicht die Bedeutung der OMV und unterstützt die positive Tonalität.",Kurz_Tweet_362,Tweet,"Nach Investments von #ABB, @Infineon oder der @deutschetelekom ist die Entscheidung der #OMV, einem der wichtigsten global tätigen und erfolgreichsten österreichischen Unternehmen, ein weiterer großer Erfolg für den Standort #Österreich.",1
,,Maas_Tweet_132,Tweet,"Darum freue ich mich, dass heute im Auswärtigen Amt das europäische Netzwerk „Combatting Antisemitism Through Education“ gestartet ist. Den Kampf gegen Antisemitismus werden wir auch zu einem Schwerpunkt unserer EU-Ratspräsidentschaft im kommenden Jahr machen. (3/3)",1
negativ,"Der Text enthält eine negative Bewertung der Kohäsions-Milliardenzahlung an die EU und der SVP wird als einzige Partei genannt, die diese Zahlung ablehnt. Die Verwendung von Worten wie 'erpressen' und 'eineseitige Geldzahlungen' vermittelt eine negative Stimmung.",Aeschi_Tweet_35,Tweet,Einzig die SVP lehnt die Kohäsions-Milliardenzahlung an die EU ab! Die Schweiz darf sich nicht erpressen lassen und plötzlich für den gegenseitigen Marktzugang einseitige Geldzahlungen leisten,-1
positiv,"Der Text zeigt Mitgefühl und Solidarität mit den Franzosen, indem er sagt, dass man mit ihnen weint. Die Verwendung von 'Wir' und'mit Euch' schafft ein Gefühl von Gemeinschaft und Unterstützung.",Lindner_Tweet_261,Tweet,An alle Franzosen: Wir weinen mit Euch! A tous les Franais: Nous pleurons avec vous! CL #NotreDame #Paris,-1
neutral,Der Text beschreibt historische Ereignisse und die Bedeutung des Karfreitagsabkommens für den Frieden in Nordirland. Die Aussage über den Brexit ist neutral und konzentriert sich auf die Vermeidung eines neuen Gewaltrisikos und die gemeinsame Verhinderung einer harten Grenze. Es gibt keine offensichtlich negativen oder positiven Emotionen im Text.,Maas_Tweet_69,Tweet,"3500 Leute starben im Nordirlandkonflikt. Die Grenzposten waren eins der Hauptangriffsziele. Erst mit dem #Karfreitagsabkommen heute vor 21 Jahren kam der Frieden. Beim #Brexit müssen wir alles tun, dass kein neues Gewaltrisiko entsteht und gemeinsam eine harte Grenze verhindern.",-1
negativ,"Der Text hat eine negative Tonalität, da der Autor die Widerspruchslösung von @jensspahn ablehnt und sie als Einschnitt in die freie Selbstbestimmung der Menschen bezeichnet. Der Autor bevorzugt eine andere Lösung, nämlich mehr Information und aktives Nachfragen beim Behördengang.",Lindner_Tweet_175,Tweet,"Ich bin überzeugter Organspender. Die Widerspruchslösung von @jensspahn ist aber ein Einschnitt in freie Selbstbestimmung der Menschen und läuft darauf hinaus, dass Schweigen Zustimmung ist. Besser wäre: mehr Information und aktives Nachfragen beim Behördengang. CL #Organspende",0
positiv,"Die Aussage ist positiv, da der Sprecher Camille lobt und eine Fortsetzung seiner Arbeit erwähnt, was auf eine positive Einstellung hinweist.",Aeschi_Tweet_95,Tweet,"Danke für die Unterstützung, Camille. Natürlich braucht es eine zweite Folge: Wenn dir Abstimmungscouverts in den Haushaltungen sind. Weiter so!",1
negativ,"Der Text hat eine negative Tonalität, da er die Situation der Asylwerber in Österreich kritisch darstellt und die Steuerzahler als Opfer darstellt. Die Aussage, dass Asylwerber eine Vollversorgung erhalten, wird als negativ bewertet. Die Schlussfolgerung, dass sie sich ehrenamtlich einbringen können, wird als milderndes Moment angesehen, aber nicht ausreichend, um die negative Stimmung des Textes zu ändern.",Strache_Tweet_15,Tweet,"Eine emotional geführte Debatte. Doch Asylwerber erhalten in Österreich eine Vollversorgung durch die österreichischen Steuerzahler! Mit den 1,50 pro Stunde können sie sich zusätzlich ehrenamtlich einbringen und damit der Gesellschaft etwas zurückgeben!",0
positiv,"Der Text äußert sich positiv über Bayern und Manfred Weber, indem es sie als wichtige Verbündete im EU-Wahlkampf bezeichnet und sie als ausgezeichneten Kommissionspräsidenten würdigt. Der Text betont auch die Bedeutung eines starken Europas, das in großen Fragen wie dem Schutz der Außengrenzen aktiv ist, aber in kleinen Fragen zurückhaltender ist. Dieser Ansatz wird als positiv bewertet, da er ein Gefühl von Stärke und Selbstbewusstsein vermittelt.",Kurz_Tweet_275,Tweet,"#Bayern ist ein wichtiger Verbündeter im #EU-Wahlkampf. Wir unterstützen @ManfredWeber voll &amp;ganz, d ein ausgezeichneter Kommissionspräsident wäre. Wir brauchen ein #Europa, das stark ist in großen Fragen, wie dem Schutz d Außengrenzen &amp; sich in kleinen Fragen mehr zurücknimmt.",1
negativ,"Der Text äußert Sorge über die mangelnde Kenntnis der jungen Deutschen über den Holocaust, was als negativ zu bewerten ist. Die Verwendung von Begriffen wie 'große Sorge' und 'Millionenfacher Massenmord' unterstreicht die negative Tonalität.",Maas_Tweet_131,Tweet,40 % der jungen Deutschen wissen laut einer CNN-Studie kaum etwas über den millionenfachen Massenmord an den europäischen Juden. Mir bereitet das große Sorge. Das Verständnis der eigenen Geschichte ist mehr als nur Wissen um die Vergangenheit. #EuropeAgainstAntisemitism (1/3),-1
positiv,"Der Text enthält positive Wörter wie 'beeindruckend', 'vielen Dank', was auf eine positive Stimmung hinweist. Die Erwähnung einer Delegation und des Erfahrens von etwas Neuem lässt auf eine positive Erfahrung schließen.",Kurz_Tweet_238,Tweet,"Es war beeindruckend heute, im Rahmen des Empfangs der Österreichischen #Wirtschaft in #Peking, eine Delegation aus ihrem Mutterkloster in #Henan kennenzulernen und aus nächster Nähe zu erleben. Vielen Dank!",1
positiv,"Der Text beschreibt eine positive Entwicklung, nämlich die Schaffung einer Serviceplattform, die den Kontakt zwischen Staat und Bürgern erleichtert. Die Verwendung von Wörtern wie 'direkt' und 'digital' unterstreicht die Vorteile dieser Plattform.",Kurz_Tweet_46,Tweet,"#Amtswege sind oft kompliziert und zeitaufwendig. Mit haben wir nun eine #Serviceplattform geschaffen, die den #Kontakt zwischen Staat und Bürgerinnen &amp; Bürgern direkt und #digital möglich macht.",0
negativ,"Der Text hat eine negative Tonalität, da der Autor besorgt und enttäuscht ist, dass es aus dem Westen keine internationale Solidaritätsbekundungen gibt, insbesondere wenn die Opfer Muslime sind. Dies deutet auf eine negative Einstellung gegenüber der Situation und der Reaktion der westlichen Welt darauf hin.",Fehr_tweet_23,Tweet,"Viel gibt es dazu nicht zu sagen: Nachdenklich macht mich, dass es aus dem „Westen“ kaum internationale Solidaritätsbekundungen gibt. Weil die Opfer Muslime sind? @NZZ",-1
negativ,"Der Text enthält eine Aufforderung zum Handeln (geht wählen) und eine Warnung vor der Macht der Mehrheit (50 über eure Zukunft entscheidet), was auf eine negative Einstellung gegenüber der Demokratie oder der Macht der Mehrheit hinweist.",Fehr_tweet_28,Tweet,"Liebe Junge, geht wählen. Kann ja nicht sein, dass 50 über eure Zukunft entscheidet! #Wahlen19",0
negativ,"Der Text enthält eine Kritik an der FDP und ihrem Plädoyer für den EWR-Beitritt der Schweiz, was auf eine negative Stimmung hinweist. Die Verwendung von 'keine Schnittmenge' impliziert, dass es keine gemeinsamen Interessen gibt, was ebenfalls auf eine negative Tonalität hinweist.",Aeschi_Tweet_28,Tweet,@KathyRiklin @sonntagszeitung @HPPortmann: Die @FDP_Liberalen will möglichst noch heute das #Rahmenabkommen unterzeichnen und Du hast immer für den #EWR-Beitritt der Schweiz plädiert. Ich sehe hier keine Schnittmenge...,-1
positiv,"Der Text betont die Verbesserungen bei Menschenrechten und Rechtsstaatlichkeit in Afghanistan, was eine positive Tonalität ergibt. Die Aussage, dass diese Verbesserungen bewahrt werden müssen, um eine künftige Zusammenarbeit zu ermöglichen, unterstreicht die positive Einstellung.",Maas_Tweet_6,Tweet,"Was #Afghanistan an Verbesserungen bei Menschenrechten und der Rechtsstaatlichkeit, aber auch für viele vor allem junge Frauen in den letzten Jahren erreicht hat, gilt es zu bewahren. Dafür machen wir uns stark, denn das ist auch Voraussetzung für unsere künftige Zusammenarbeit.",1
negativ,Der Text äußert sich kritisch über die Ablehnung des Brexit-Abkommens und beschreibt sie als fahrlässig. Die Verwendung von Worten wie 'fahrlässig' und 'ungeregelte' vermittelt eine negative Stimmung.,Maas_Tweet_9,Tweet,"Mit dem #brexitvote in UK rücken wir einem No-Deal-#Brexit immer näher. Wer das Abkommen ablehnt, spielt auf fahrlässige Weise mit dem Wohl der BürgerInnen und der Wirtschaft. Klar hoffen wir auch die kommenden 17 Tage noch, dass wir den ungeregelten Brexit vermeiden können.",-1
positiv,"Der Text ist voller positiver Formulierungen wie 'Herzliche Gratulation', 'Spitzenleistungen' und 'erholsamen Sommer', was auf eine positive Stimmung hinweist. Die Wertschätzung und Anerkennung der Athleten und Betreuer unterstreichen die positive Tonalität.",Strache_Facebook_224,Facebook-Post,Wertschätzender Empfang der –SV-Athleten (Medaillengewinner und Weltcupsieger) im Bundeskanzleramt. Herzliche Gratulation zu den erbrachten Spitzenleistungen in der letzten Saison. Ich wünsche allen Athleten und Betreuern einen erholsamen Sommer und verletzungsfreie Vorbereitung! ‘»,1
positiv,"Die Verwendung von 'Herzliche Gratulation' und 'historisches & starkes Ergebnis' weist auf eine positive Stimmung hin. Die Erwähnung, dass die Mehrheit der SP- gebrochen werden konnte, wird als positiver Erfolg dargestellt.",Kurz_Facebook_176,Facebook-Post,Herzliche Gratulation an Andrea Völkl zu diesem historischen & starken Ergebnis mit 45 4 Prozent für die Volkspartei! Seit 1945 konnte heute zum ersten Mal die Mehrheit der SP– gebrochen werden.,1
positiv,"Der Text beinhaltet positive Aussagen über Harald Vilimsky und die EU-Wahl, wodurch eine positive Stimmung entsteht.",Strache_Facebook_114,Facebook-Post,Spitzenleistung von unserem Harald Vilimsky! Am 26.05.2019 - X - FP– - Austehen für ein starkes –sterreich - EU WAHL! ‘»,1
positiv,"Die Verwendung von'sensationell' und 'beste Ergebnis' weist auf eine positive Stimmung hin. Die Formulierung ist auch sehr feierlich und lobend, was auf ein positives Ergebnis schließen lässt.",Rendi-Wagner_Facebook_174,Facebook-Post,Ich gratuliere zu diesem sensationellen Ergebnis! In Kärnten hat die FSG mit ihrem Spitzenkandidaten Günther Goach das beste Ergebnis erreicht das es je bei einer AK-Wahl gegeben hat.,1
positiv,"Der Text enthält positive Aussagen über ein starkes solidarisches Europa, Sicherheit und sozialdemokratische Werte. Die Erwähnung einer erfolgreichen Podiumsdiskussion und der Dank an die Mitdiskutanten unterstreicht die positive Stimmung.",Rendi-Wagner_Facebook_132,Facebook-Post,Wir müssen den Rechtspopulisten Stoppschilder entgegen halten! Wir brauchen ein starkes solidarisches Europa. Ein Europa das Sicherheit bietet! Das gemeinsame Projekt Europa muss eine starke sozialdemokratische Handschrift tragen damit wir es zusammenhalten können. Das habe ich heute bei der Podiumsdiskussion Was Europa jetzt braucht in der Anker-Expedithalle betont. Vielen Dank an meine Mitdiskutanten - Frans Timmermanns der Spitzenkandidat der europäischen Sozialdemokraten Franz Vranitzky Brigitte Ederer Ferdinand Lacina und Andreas Schieder! Das war ein schöner und interessanter Abend!,1
negativ,"Der Text beschreibt die Diskriminierung von LGBTIQ-Personen und die Gefahr, die sie in einigen Teilen der Welt laufen. Die Erwähnung von Hass im Alltag und dem Todesurteil als Konsequenz von Homosexualität vermittelt eine negative Stimmung.",Maas_Facebook_15,Facebook-Post,Homosexualität ist in Teilen der Welt noch ein Todesurteil. Um die Rechte von LGBTIQ-Personen zu stärken fördert Deutschland daher weltweit entsprechende Projekte. Doch auch hier erleben sie Hass im Alltag. Es liegt an uns allen für eine offene Gesellschaft einzustehen. #IDAHOBIT,0
positiv,"Der Text beschreibt die Saison der österreichischen Skiverband als erfolgreich, was eine positive Tonalität vermittelt. Der Besuch im Bundeskanzleramt wird auch positiv erwähnt, was auf eine gute Beziehung zwischen dem Skiverband und der Regierung schließen lässt.",Kurz_Facebook_147,Facebook-Post,Eine erfolgreiche Saison liegt hinter den Athletinnen und Athleten des –sterreichischen Skiverbands. Gestern waren sie zum Saisonabschluss zu Besuch im Bundeskanzleramt. Mehr dazu:,1
positiv,"Der Text ist überwiegend positiv, da er die Arbeit des Amts für Justizvollzug des Kanton Zürich als vielfältig und wertvoll darstellt. Die Erwähnung des 20-jährigen Jubiläums und der Dankesadresse an die Journalist*innen und Fachleute unterstreicht die positive Stimmung. Zudem wird der Fokus auf die Wiedereingliederung der Strafgefangenen als wichtigen Auftrag hervorgehoben, was auch eine positive Konnotation hat.",Fehr_Facebook_99,Facebook-Post,Ab heute erhältlich: Sonderheft Justizvollzug (https://bit.ly/2TBgNhx) zum 20 Jahr-Jubiläum des Amts für Justizvollzug des Kanton Zürich gibt Einblick in die vielfältige Arbeit der Profis. Danke allen Journalist*innen und Fachleuten für ihre kritischen und kompetenten Beiträge. Mit dem Blick hinter die Kulissen resp. hinter die Mauern möchten wir zeigen wie wir arbeiten und welche Fragen wir in Zukunft zu beantworten haben. Kernauftrag bleibt die Wiedereingliederung. Denn für 99 Prozent der Strafgefangenen öffnet sich früher oder später die Gefängnistür. Sie werden wieder zu unseren Nachbarn. Der Zürcher Justizvollzug leistet einen wesentlichen Beitrag damit sie zu besseren Nachbarn werden.,1
positiv,"Die Aussagen sind überwiegend positiv und ermutigend, da die Kandidatin ihre Nominierung als ""Freude"" bezeichnet und auf die ""kommenden Monate"" hinaus blickt. Sie betont auch die Werte, die Österreich in den letzten Jahrzehnten stark gemacht haben, und fordert die Österreicher auf, gemeinsam für ein anderes Österreich zu streben, was als positives und optimistisches Signal interpretiert werden kann.",Rendi-Wagner_Facebook_6,Facebook-Post,Ich wurde heute vom Parteivorstand einstimmig zur Spitzenkandidatin für die Nationalratswahlen nominiert. Ich freu mich auf die kommenden Monate! Zeigen wir dass wir für ein anderes –sterreich stehen. Nämlich für ein –sterreich des Zusammenhalts des Miteinanders und des sozialen Ausgleichs. Für all jene Werte die –sterreich über Jahrzehnte stark und erfolgreich gemacht haben aber in den letzten 17 Monaten der Schwarz-Blauen Regierung vernachlässigt wurden. Gemeinsam für ein anderes –sterreich!,1
positiv,"Der Text enthält positive Wörter wie 'Vielen Dank' und 'freue mich', was auf eine positive Stimmung hinweist. Die Aussage 'Teil unserer Bewegung' impliziert auch ein Gefühl von Gemeinschaft und Zusammenhalt.",Kurz_Facebook_142,Facebook-Post,Vielen Dank für die Unterstützung! Ich freue mich immer wieder Menschen persönlich kennenzulernen die Teil unserer Bewegung sind.,1
positiv,"Der Text ist überwiegend positiv, da er die Arbeit des Amts für Justizvollzug des Kantons Zürich feiert und stolz auf ihre Leistungen zurückblickt. Die Verwendung von Worten wie 'Herzliche Gratulation' und'stolz' unterstreicht die positive Stimmung. Zudem wird der Fokus auf die Wiedereingliederung der Strafgefangenen und ihre Vorbereitung auf ein deliktfreies Leben als zentrales Anliegen des Justizvollzugs hervorgehoben, was auch eine positive Konnotation hat.",Fehr_Facebook_100,Facebook-Post,20 Jahre JuV! Das Amt für Justizvollzug des Kantons Zürich feiert und blickt stolz auf zwei Jahrzehnte zurück in denen Zürich den Schweizer Strafvollzug weitgehend neu erfunden hat. Herzliche Gratulation! Unsere Profis wissen: Für 99 Prozent der Strafgefangenen öffnet sich früher oder später die Gefängnistür. Sie werden wieder unsere Nachbarn. Deshalb ist der zentrale Auftrag des Justizvollzugs die Wiedereingliederung also die Vorbereitung der Strafgefangenen auf ein deliktfreies Leben. Damit sie zu besseren Nachbarn werden. Meine Festrede: https://bit.ly/2HfWIH3,1
positiv,"Der Text ist überwiegend positiv, da der Autor sich bei den Lesern bedankt und ihre Unterstützung und Hilfe würdigt. Er betont auch die Bedeutung von Gerechtigkeit und Mut, was eine positive und motivierende Stimmung vermittelt.",Strache_Facebook_21,Facebook-Post,Wer sind die Auftraggeber und wer die Nutznießer dahinter? Ich werde hier nicht locker lassen. Die Wahrheit ist eine Tochter der Zeit... Und die Gerechtigkeit setzt sich auf Dauer durch. Ich danke Euch von ganzem Herzen für Eure unzähligen Unterstützungsnachrichten und Euren großen Zuspruch in dieser schwierigen Zeit! Danke für Eure Kraft und euren Rückhalt Ich bin beeindruckt von eurem Mut eurem investigativen Engagement eurer Hilfe und eurem Kampfgeist! Danke! FP– ’,1
positiv,"Der Text beschreibt den Empfang beim ungarischen Ministerpräsidenten als 'herzlicher und wertschätzender', was auf eine positive Stimmung hinweist. Darüber hinaus werden die Gespräche als 'interessant' und 'konstruktiv' beschrieben und es wird eine 'inhaltliche Übereinstimmung' in Bezug auf die Zukunft Europas festgestellt. Der Text endet mit einer 'herzlichen Dankesadresse' für die Gastfreundschaft, was auf eine positive Beziehung zwischen Österreich und Ungarn hinweist.",Strache_Facebook_81,Facebook-Post,Es war ein sehr herzlicher und wertschätzender Empfang beim ungarischen Ministerpräsidenten Viktor Orb¡n in Budapest. Europa braucht eine starke Allianz gegen eine Islamisierung! ‘» Ein interessantes und konstruktives Treffen mit Ungarns Premier Viktor Orb¡n in Budapest. Wir haben in unseren Gesprächen sehr viel inhaltliche bereinstimmung gefunden insbesondere in Bezug auf die zukünftige Entwicklung Europas. Ich freue mich über die freundschaftlichen Beziehungen zwischen –sterreich und Ungarn und bedanke mich sehr herzlich für die Gastfreundschaft! ‡‡ ‡‡,1
positiv,"Der Text beschreibt das Gauderfest im Zillertal als eine große Freude und eine wunderschöne Gegend, die Tradition und Brauchtum lebt. Der Autor fühlt sich mit der Gegend besonders verbunden und kommt gerne wieder. Die positiven Rückmeldungen für Harald Vilimsky werden auch erwähnt, was den positiven Ton des Textes unterstreicht.",Strache_Facebook_56,Facebook-Post,Es ist immer wieder eine große Freude das Gauderfest im Zillertal besuchen zu dürfen. Schön zu sehen wie hier Tradition und Brauchtum gelebt werden. Da ein Teil der Familie meiner Frau aus dem Zillertal stammt fühlen wir uns mit dieser wunderschönen Gegend besonders verbunden und kommen immer wieder gerne hier her! Noch dazu wenn die positiven Rückmeldungen für unseren Harald Vilimsky hier besonders zahlreich ausgefallen sind ‰,1
positiv,"Der Text enthält das Wort'schöner', was eine positive Konnotation hat, und beschreibt eine soziale Veranstaltung, was eine positive Atmosphäre nahelegt.",Rickli_Facebook_33,Facebook-Post,Ein schöner Abend beim Eiger-Club Winterthur!,1
positiv,"Der Text enthält positive Aussagen wie 'Ich freu mich drauf' und eine offene Einladung, was auf eine positive Stimmung hinweist. Die Diskussion um wichtige Themen wie Klimaschutz und EU-Gegner wird als Herausforderung und nicht als Problem dargestellt.",Lindner_Facebook_21,Facebook-Post,In weniger als einer Woche ist die Europawahl. Deswegen diskutiere ich heute Abend mit den anderen Parteivorsitzenden zum Thema Europa. Es wird um Klimaschutz Deutschlands Rolle in der EU den Umgang mit EU-Gegnern und vieles mehr gehen. Ich freu mich drauf ‰ Seid ihr um 21h dabei? CL,1
neutral,"Der Text enthält eine Mischung aus neutralen und positiven Aussagen. Die Erinnerung an die Wahlbeteiligung und die Aufforderung zur Abstimmung sind neutral, während die Nennung von Personen und die Verwendung von Hashtags wie #RRWahl19 und #KRWahl19 eine positive Tonalität andeuten. Allerdings ist die Gesamtwirkung des Textes eher neutral, da die positive Tonalität nicht übermäßig stark hervorsticht.",Fehr_Facebook_89,Facebook-Post,SP calling ü. Mit Cline Widmer bei der Schlussmobilisierung. Die Wahlbeteiligung ist nach wie vor tief! Deshalb: Spätestens morgen mit Couvert zum Briefkasten und für Spätentschlossene an die Urne! Liste 2 und Mario Fehr Jacqueline Fehr Martin Neukom und Walter Angst in den RR . #RRWahl19 #KRWahl19,0
positiv,"Die Aussage ist positiv, da die FDP Fraktion Bundestag ihre Bemühungen für konstruktive Lösungen wie den Neubau von Wohnraum und den Schutz liberaler Demokratien in Europa hervorhebt. Zudem wird das Recht auf selbstbestimmtes Sterben für Schwerkranke unterstützt, was ein wichtiger Aspekt der Menschenrechte ist.",Lindner_Facebook_78,Facebook-Post,Diese Woche wird viel über Enteignungen diskutiert. Wir als FDP Fraktion Bundestag kämpfen dafür Wohnraummangel durch Neubau statt Enteignungen zu lösen. Außerdem setzen für uns diese Woche im Bundestag unter anderem für den Schutz liberaler Demokratien in Europa und das Recht auf selbstbestimmtes Sterben für Schwerkranke ein. TL,0
negativ,"Der Text enthält negative Aussagen über die chinesische Regierung und ihre Prioritäten, sowie eine skeptische Haltung gegenüber der Idee einer 'Schönen neuen Seidenstrasse'. Der Ton ist zynisch und kritisch, was auf eine negative Stimmung hinweist.",Fehr_Facebook_33,Facebook-Post,Schöne neue Seidenstrasse! Willkommen in der Welt der Zukunft! Ein bisschen Menschenrechtsdialog wird‚Äs dann schon richten - wenn China dann grad Zeit hat. Ja man kann in Zynismus verfallen. Aber vielleicht sollten wir uns besser nochmals ein paar grundsätzliche berlegungen zu unserer Aussenwirtschaftspolitik machen.,-1
positiv,"Der Text beschreibt die Abordnung von Soldaten nach Mali als einen wertvollen Beitrag zur Entwicklungshilfe und betont die positiven Ziele der Mission, wie die Ausbildung der Sicherheitskräfte und die Bekämpfung der Kriminalität. Die Tatsache, dass es um die Schaffung von Bleibeperspektiven für die lokale Bevölkerung geht, unterstreicht die positive Absicht hinter der Mission.",Strache_Facebook_68,Facebook-Post,Gemeinsam mit Verteidigungsminister Mario Kunasek verabschiedete ich am Mittwoch die Hälfte der insgesamt rund 50 Soldaten des Bundesheeres nach Mali. Das –sterreichische Bundesheer wird in Afrika einen wertvollen Beitrag zu Entwicklungshilfe (Training und Ausbildung der dortigen Sicherheitskräfte) vor Ort leisten. Es geht vor allem aber auch um Ausbildung der Mali-Sicherheitskräfte im Kampf gegen die organisierte Kriminalität Drogenmafia die Bekämpfung der Migrationsursachen und der Schleppetmafia vor Ort - dafür braucht man ein stabiles Umfeld um Bleibeperspektiven für die lokale Bevölkerung zu schaffen.,0
positiv,"Der Text enthält positive Aussagen wie 'Pionier in Europa sein' und 'den Wirtschaftsstandort Österreich stärken', die auf ein positives Engagement und eine positive Zukunftsaussicht hinweisen. Der Ausbau der digitalen Infrastruktur wird als positiver Schritt zur Stärkung des Wirtschaftsstandorts dargestellt.",Kurz_Facebook_169,Facebook-Post,Wir möchten Pionier in Europa sein! Mit dem Ausbau des 5G-Netzes möchten wir die digitale Infrastruktur ausbauen und den Wirtschaftsstandort –sterreich stärken.,1
neutral,"Der Text beschreibt eine Veranstaltung und die Teilnehmer, ohne eine klare Meinung oder Emotion auszudrücken. Die Worte 'Mensch statt Konzern' können als Motto interpretiert werden, das eine positive Botschaft vermittelt, aber im Kontext des Textes bleibt die Stimmung neutral.",Rendi-Wagner_Facebook_131,Facebook-Post,Live vom SP–-Wahlauftakt zur Europawahl 2019 unter dem Motto Mensch statt Konzern. Gemeinsam mit Pamela Rendi-Wagner Andreas Schieder Michael Ludwig und Frans Timmermans.,0
positiv,"Der Text ist überwiegend positiv, da der Autor sich als Europäer und Deutscher identifiziert und Europa als sein Zuhause bezeichnet. Er betont die Bedeutung der gemeinsamen Identität und fordert zum Teilen und Stärken dieses Zuhause auf. Der Text ist auch von Dankbarkeit gegenüber Ali Can gegenüber und verwendet das Hashtag #we2, was auf eine positive und einladende Stimmung hinweist.",Maas_Facebook_12,Facebook-Post,Europa schenkt uns eine zusätzliche gemeinsame Identität. Ich bin Deutscher und Europäer. Das Saarland ist meine Heimat - in Europa fühle ich mich zu Hause. Lasst uns dieses Zuhause gemeinsam teilen und stärken “ jetzt erst recht. Danke Ali Can für #we2.,1
positiv,"Der Text ist positiv, da er Pflegefachkräften und pflegenden Angehörigen für ihre Arbeit dankt und sich für eine Verbesserung ihrer Situation einsetzt. Die Formulierung ""wir sollten auch dafür sorgen"" zeigt eine positive Einstellung und ein Engagement für die Verbesserung der Situation.",Lindner_Facebook_35,Facebook-Post,Heute ist nicht nur Muttertag sondern auch Tag der Pflege. Wir wollen den tausenden Pflegefachkräften und pflegenden Angehörigen die jeden Tag für bedürftige Menschen da sind nicht nur danken. Wir sollten auch dafür sorgen dass es bald mehr Pflegefachkräfte und weniger Bürokratie in der Praxis gibt damit mehr Zeit für Zuwendung besteht. CL,0
positiv,"Der Text hat eine positive Tonalität, da der Begriff 'Angstmacherei' negativ konnotiert ist und der Autor ihn ablehnt. Der Ausdruck 'Pflichtlektüre' impliziert, dass der Text wichtig und wertvoll ist, was ebenfalls eine positive Note setzt.",Fehr_Facebook_72,Facebook-Post,Die besten Argumente gegen die Angstmacherei! Pflichtlektüre für die Politik im Kanton Zürich vor allem für die kommunalen Behörden die als Trägerorganisationen für die KESB verantwortlich sind!,-1
negativ,"Der Text bezieht sich auf rechtsextreme Netzwerke und eine politische Person (Kickl), die als fragwürdig dargestellt wird. Der Text fordert auch auf, eine Petition zu unterzeichnen, die sich gegen diese Person richtet, was auf eine negative Einstellung hinweist.",Rendi-Wagner_Facebook_150,Facebook-Post,Die Probleme die von rechtsextremen Netzwerken wie den Identitären ausgehen stellen eine reale Gefahr dar. Das muss transparent und unabhängig aufgeklärt werden! Kickl hat durch die Nähe seiner eigenen Fraktion zu rechtsextremen Netzwerken eine fragwürdige Glaubwürdigkeit. – Unterschreibe hier die Petition STOPP KICKL : https://stoppkickl.spoe.at,-1
negativ,"Der Text enthält eine extreme Form von Aggression und Gewalt, wobei der FP-Minister und seine Anhänger bedroht werden. Die Verwendung von Schimpfwörtern und die Drohung mit körperlicher Gewalt weisen auf eine sehr negative Stimmung hin.",Strache_Facebook_171,Facebook-Post,Hass-Attacke gegen FP–-Minister. Unfassbar! Wenn du fette unfähige Sau mein Kind bedrohst dann ziehe ich die lebendig die fette Haut vom Körper bevor ich dich mit der Axt in 1000 Teile hacke.. ende! ... Jeder Fpöler und jeder –VPler sollen verrecken. So wird im Standard-Forum gehetzt.,-1
negativ,"Der Text enthält negative Aussagen über Sebastian Kurz und seine Regierung, wie z.B. 'er hat seine Chance verspielt' und 'er trägt die volle Verantwortung für das Scheitern dieser Regierung'. Der Text spricht auch von 'einer der möglicherweise größten Korruptionsskandalen der Zweiten Republik', was eine negative Konnotation hat. Die Aussage 'Kurz muss hier echte Konsequenzen ziehen' ist auch negativ konnotiert.",Rendi-Wagner_Facebook_42,Facebook-Post,Für uns als Sozialdemokratie ist völlig klar: Es braucht eine lückenlose Aufklärung eines der möglicherweise größten Korruptionsskandale der Zweiten Republik. Das erwarte ich mir von einem Bundeskanzler. Sebastian Kurz hatte seine Chance für sein türkis-blaues Experiment und er hat diese Chance verspielt. Er trägt die volle Verantwortung für das Scheitern dieser Regierung. Verantwortung steht für mich immer an oberster Stelle. Kurz muss hier echte Konsequenzen ziehen. Ich werde persönlich an der Spitze der SP– alles dafür tun um die Menschen davon zu überzeugen dass es eine andere Politik braucht.,-1
negativ,"Der Text äußert sich kritisch über Harald Vilimsky und die Bedrohung der Pressefreiheit, die nach Meinung des Autors von innen kommen kann. Die Verwendung von Worten wie 'lachhaft' und 'Wehleidigkeit' unterstreicht die negative Einstellung des Autors gegenüber Vilimsky und seiner Handlungen.",Strache_Facebook_89,Facebook-Post,Anneliese Rohrer in der Presse: Heinz-Christian Strache hat recht: Journalisten müssen Kritik aushalten. Es ist doch lachhaft dass jemand wie Harald Vilimsky (FP–) die Pressefreiheit in diesem Land bedrohen soll. Die Bedrohung kann nur von innen kommen - von Wehleidigkeit mangelnder Selbstreflexion und mangelndem Selbstwertgefühl.,-1
negativ,"Der Text enthält negative Aussagen über die SP- und ihre Politik, insbesondere in Bezug auf die Behandlung betagter und pflegebedürftiger Menschen. Die Verwendung von Begriffen wie 'Falschheit', 'Scheinheiligkeit','sozial kalt', 'Skandal','sozialpolitische Schande' und 'rote Misswirtschaft' unterstreicht die negative Tonalität des Textes.",Strache_Facebook_265,Facebook-Post,Hier wird einmal mehr die Falschheit und Scheinheiligkeit der SP– deutlich. Wer hier wirklich sozial kalt agiert und regiert zeigt dieser rot-grüne Skandal sehr deutlich! Ich bin tief betroffen wie die SP– in Wien mit betagten und pflegebedürftigen Wienerinnen und Wienern umgeht. Wenn diese Menschen aus ihrer Betreuungseinrichtung geschmissen werden dann ist das eine sozialpolitische Schande. Verantwortlich dafür: SP–-Bürgermeister Ludwig und SP–-Sozialstadtrat Hacker. Ein weiteres Beispiel dass es auch in Wien bei der nächsten Wahl Veränderung braucht und die rote Misswirtschaft endlich gestoppt werden muss!,-1
negativ,"Der Text äußert sich stark ablehnend gegenüber Gewalt an Frauen und fordert eine strafrechtliche Verfolgung. Die Aussage, dass die Verantwortlichen ""über die Bücher"" gehen sollten, deutet auf eine strenge Bestrafung hin, was ebenfalls ein negativer Ton anzeigt.",Rickli_Facebook_1,Facebook-Post,Das ist ein Aufruf zu Gewalt an Frauen und muss strafrechtlich verfolgt werden! Und falls es stimmt dass da minutenlang nichts unternommen wurde müssen die Verantwortlichen über die Bücher.,-1
neutral,"Das Pressestatement enthält keine emotionalen Ausdrücke oder Bewertungen, sondern stellt lediglich Fakten und Informationen dar. Es scheint sich um eine neutrale Darstellung der Ereignisse zu handeln, ohne eine klare Meinung oder Stellungnahme zu äußern.",Kurz_Facebook_22,Facebook-Post,Mein Pressestatement zu den aktuellen Ereignissen.,0
negativ,"Der Text enthält negative Aussagen über eine angebliche Islamisierung und Bevölkerungsveränderung, sowie eine Kritik an der Politik von Angela Merkel. Der Schwerpunkt liegt auf der Ablehnung bestimmter Gesetze und der Betonung der Bedeutung der FPÖ in der österreichischen Regierung.",Strache_Facebook_57,Facebook-Post,Unglaublich. Aber eine Islamisierung bzw. ein Bevölkerungswechsel findet ja angeblich nicht statt..... Gott sei Dank haben wir in –sterreich die FP– in der Regierung. Wir wollen kein Merkel-Einbürgerungs- und Viel-Ehe-Gesetz. So etwas hat bei uns nichts verloren!,-1
negativ,"Der Text hat eine negative Tonalität, da der Ausdruck 'empören sich' negativ konnotiert ist und der Satz 'Traurig!' ein Gefühl der Enttäuschung und des Bedauerns ausdrückt.",Strache_Facebook_46,Facebook-Post,Und wieder empören sich alle politischen Mitbewerber über Verhaltensregeln welche selbstverständlich sein sollten. Traurig!,-1
negativ,"Der Text beschreibt die Antwort der SP-Stadträtin Sima als 'eiskalt' und 'lächelnd', was eine negative Tonalität impliziert. Die Aussage, dass Listenhunde eine starke Stimme von Frauchen oder Herrchen bekommen werden, wenn es zur nächsten Wien-Wahl kommt, kann als ironische und negative Bemerkung interpretiert werden.",Strache_Facebook_257,Facebook-Post,FP–-Tierschutzsprecherin Philippa Strache: Wie eiskalt kann man sein... lächelnd antwortet SP–-Sima auf die Frage ob Listenhunde aus Wien weg sollen mit Ja ...—traurige Realität - Das ist die Tierschutz Stadträtin der SP–... Ich freue mich auf die nächste Wien Wahl. Da bekommen dann ihre ach so verhassten Listenhunde eine starke Stimme von Frauchen oder Herrchen. Beitrag: Hundekontrollen auf der Donauinsel ’,-1
positiv,"Die Textpassage ist überwiegend positiv, da sie eine Aufforderung zum Handeln und zur Wachsamkeit gegenüber politischer und menschlicher Verrohung enthält. Die Verwendung von Begriffen wie 'herzliche Gratulation' und 'beeindruckende Produktion' unterstreicht die positive Stimmung. Zudem wird die Bedeutung von Wachsamkeit und Engagement für ein gutes Zusammenleben hervorgehoben.",Rendi-Wagner_Facebook_66,Facebook-Post,Doris Bures hat heute mit dem Wiener Burgtheater zur Vorstellung Alles kann passieren! in den Plenarsaal des –sterreichisches Parlament eingeladen. Eingeblendet waren die mahnenden Worte des Schriftstellers Erich Kästner: Man darf nicht warten bis aus dem Schneeball eine Lawine geworden ist. Man muss den rollenden Schneeball zertreten. Die Lawine hält keiner mehr auf. Sie ruht erst wenn sie alles unter sich begraben hat. Wir erleben wie ständig die Grenzen des politischen und menschlichen Anstandes überschritten und neu gesetzt werden. Das Gefährliche daran: die Gewöhnung. Aber wir dürfen uns nicht daran gewöhnen! Wenn sich die Bevölkerung an jede Verrohung jede Missgunst und jeden Hass gewöhnt ist unser Zusammenleben in Gefahr. Herzliche Gratulation allen Beteiligten heute zu dieser beeindruckenden und mahnenden Produktion! (Fotos: Parlamentsdirektion/Zinner),-1
negativ,"Der Text bezieht sich auf negative Ereignisse wie das KZ Dachau und die Wiederkehr von Anfeindungen und Gewalt gegen Jüdinnen und Juden. Der Appell, gegen Faschismus, Rassismus und Antisemitismus zu stehen, ist ein Ausdruck von Ablehnung und Widerstand gegen diese negativen Kräfte.",Maas_Facebook_28,Facebook-Post,Das KZ Dachau wurde vor 74 Jahren befreit. Wenn Anfeindungen und Gewalt gegen Jüdinnen und Juden bei uns wieder zunehmen dürfen wir nicht tatenlos wegsehen. Wir müssen wachsam bleiben und handeln: Stehen wir auf gegen Faschismus Rassismus und Antisemitismus immer und überall!,0
negativ,"Der Text beschreibt die Mindestsicherung als Sprungbrett in die Armut, die Regierung wird vorgeworfen, Kinderarmut zu fördern und die Gesellschaft zu spalten. Die Sozialdemokratie wird als Gegner des Sozialabbaugesetzes dargestellt, was eine negative Haltung gegenüber der Regierung und ihrer Politik ausdrückt.",Rendi-Wagner_Facebook_100,Facebook-Post,Alle Menschen sollen die gleichen Chancen haben. Gerade die Mindestsicherung sollte ein Sprungbrett in die Arbeitswelt sein. Die Regierung macht sie zu einem Sprungbrett in die Armut. Das raubt den Kindern die Zukunft und spaltet die Gesellschaft. Einem solchen Sozialabbaugesetz wird die Sozialdemokratie niemals zustimmen - natürlich auch heute nicht im Nationalrat. Kein Kind kann von 1 50 Euro am Tag leben. Die Regierung produziert und fördert hier sehenden Auges Kinderarmut!,-1
negativ,"Der Text enthält negative Aussagen über die Islamisierung und die Politik in Österreich und Wien. Der Verfasser kritisiert auch den Bürgermeister und die Freiheitlichen, die sich gegen eine Islamisierung einsetzen. Die Tonalität ist ablehnend und kritisch.",Strache_Facebook_60,Facebook-Post,Aber eine Islamisierung findet nicht statt - es gibt auch keinen Bevölkerungswechsel... nicht in Europa nicht in –sterreich und schon gar nicht im rot-grün regierten Wien: Bestimmt sind im (bislang noch) christlich geprägten –sterreich auch schon vor Jahren Viel-Frauen-Ehen aufgrund liberaler bzw. christlicher Grundwerte gefordert worden.... Und der Wiener SP-Bürgermeister Ludwig sieht natürlich tatenlos zu..... Nein solche Entwicklungen haben bei uns nichts verloren und wir Freiheitlichen treten konsequent gegen eine Islamisierung unserer Gesellschaft auf!,-1
negativ,"Der Text kritisiert die Passivität von Menschen, die den Nationalsozialismus und den Holocaust nicht verhindert haben, und warnt vor der Wiederholung solcher Ereignisse. Er betont die Bedeutung von Verantwortung und der Bekämpfung von Rassismus, Antisemitismus und Extremismus.",Maas_Facebook_49,Facebook-Post,Der Nationalsozialismus und der Holocaust waren auch deshalb möglich weil viel zu viele Menschen weggeschaut haben. Und das dürfen wir nie wieder tun. Wir dürfen nicht schweigen wenn uns Rassismus Antisemitismus und Extremismus im Alltag begegnen “ egal ob im Bus auf dem Fußballplatz oder auf der Straße. All das hat etwas mit Verantwortung zu tun auch international. Wenn wir uns dem neuen Nationalismus nicht entschieden entgegenstellen müssen wir uns die Frage stellen wie viel Verantwortung wir selber dafür tragen.,-1
negativ,"Der Text drückt Empörung und Bestürzung über die neue Gesetzeslage in Brunei aus, die Homosexuelle mit der Todesstrafe bestraft. Die Aussage 'Niemand darf wegen seiner sexuellen Orientierung verfolgt werden!' unterstreicht die Ablehnung von Diskriminierung und die Forderung nach Gleichberechtigung.",Kurz_Facebook_151,Facebook-Post,Ich bin erschüttert dass Homosexuellen in Brunei ab heute die Todesstrafe droht. Niemand darf wegen seiner sexuellen Orientierung verfolgt werden!,-1
negativ,"Der Text enthält negative Aussagen über eine'schleichende Islamisierung' und 'Bevölkerungsverdrängung', die als bedrohlich und negativ konnotiert sind. Der Sprecher behauptet, sich nicht vorschreiben lassen zu wollen, was eine ablehnende und konfrontative Haltung gegenüber anderen Meinungen andeutet.",Strache_Facebook_86,Facebook-Post,Er Strache werde sich auch künftig seine Wortwahl nicht vorschreiben lassen: Es gibt eine schleichende Islamisierung einen Bevölkerungswechsel bzw. eine Bevölkerungsverdrängung. Ich werde mir hier den Mund nicht verbieten lassen.,-1
negativ,"Der Text beschreibt eine Serie von Affären und Skandalen, die als 'ungustiöse Vermischung von Partei- und Stadtinteressen' bezeichnet werden. Außerdem wird die SP-Stadtregierung für die 'Verschwendung' von 595.000 Euro Steuergeld kritisiert. Die Verwendung von Worten wie 'ungustiöse', 'Verschwendung' und 'Unfassbar' weist auf eine negative Stimmung hin.",Strache_Facebook_188,Facebook-Post,Die Serie der roten Pleiten Affären und Skandale reißt nicht ab. Nach der ungustiösen Vermischung von Partei- und Stadtinteressen bei der Vergabe von Förderungen an Vereine wurde nun bekannt dass die SP–-Stadtregierung 595.000 Euro Steuergeld allein für ein einfallsloses Wien-Logo verschwendet hat. Unfassbar wie Ludwig und Co. agieren!,-1
neutral,"Die Angabe einer Pressekonferenz ohne weitere Kontextinformationen lässt auf eine neutrale Tonalität schließen, da keine Emotionen oder Meinungen ausgedrückt werden. Die Tatsache, dass es sich um eine Pressekonferenz handelt, deutet auf eine informierende und neutral gehaltene Kommunikation hin.",AKK_Facebook_2,Facebook-Post,LIVE: Pressekonferenz mit Annegret Kramp-Karrenbauer und Carsten Meyer-Heder,0
positiv,"Der Text beschreibt eine Besichtigung des ehemaligen Konzentrationslagers Mauthausen, was eine negative Erfahrung darstellt. Allerdings wird die historische Verantwortung Österreichs anerkannt und es wird betont, dass man gegen Antisemitismus kämpfen will. Dieser positive Aspekt dominiert den Text und überwiegt die negative Erinnerung an das Konzentrationslager.",Kurz_Facebook_72,Facebook-Post,Heute war ich im ehemaligen Konzentrationslager Mauthausen dieser Ort erinnert daran wohin Krieg Hass und Unmenschlichkeit führen können. –sterreich steht zu seiner historischen Verantwortung. Daher wollen wir jüdisches Leben aktiv unterstützen und gegen jede Form des Antisemitismus ankämpfen!,0
positiv,"Der Text hat eine positive Tonalität, da die FDP ihre Antworten in der Klimapolitik aktualisieren und neue Wege für Klimaschutz und freies Leben erkunden möchte. Die Verwendung von Begriffen wie 'neues Denken', 'Technologieoffensive' und 'Forschung fördern' unterstreicht die positive Einstellung. Die Kritik an Verboten und Subventionen wird als Chance gesehen, um neue Lösungen zu finden.",Lindner_Facebook_134,Facebook-Post,Die Schülerdemos und die emotionale öffentliche Debatte sind der Anlass für uns als FDP unsere Antworten in der Klimapolitik zu aktualisieren. Wir wollen zeigen dass Klimaschutz und freies Leben zugleich möglich sind. Die Vielzahl von Verboten und Subventionen haben bisher nichts gebracht außer Kosten - neues Denken und eine Technologieoffensive in alle Richtungen sind nötig! Deswegen wollen wir den Emissionshandel ausweiten und Forschung gezielt fördern. CL https://www.fdp.de/content/antrag-des-bundesvorstandes-zum-70-ord-bundesparteitag-liberale-klimapolitik,0
negativ,"Der Satz 'Warum auch in die Ferne schweifen' hat eine negative Tonalität, da er eine Frage über die Sinnlosigkeit von Träumereien und Abwesenmindedheit stellt. Der Satz suggeriert, dass es sinnvoller ist, sich auf die Gegenwart und die Realität zu konzentrieren, anstatt sich in Träumereien zu verlieren.",Fehr_Facebook_45,Facebook-Post,Warum auch in die Ferne schweifen...,0
negativ,"HC Strache ist ein umstrittener Politiker, der in der Vergangenheit für seine kontroversen Aussagen und Handlungen kritisiert wurde. Die Erwähnung seines Namens kann daher oft mit negativen Emotionen wie Ablehnung oder Wut verbunden sein.",Strache_Facebook_185,Facebook-Post,HC Strache,0
negativ,"Der Text bezieht sich auf den Tod von Carl von Ossietzky und die Rüstung Deutschlands, was eine negative Stimmung vermittelt. Die Aussage, dass Deutschland wieder für den Kampf rüstet, und die Betonung der Notwendigkeit eines einigen Europa als Voraussetzung für Frieden, weisen auf eine kritische und ablehnende Haltung gegenüber der aktuellen politischen Situation hin.",Maas_Facebook_23,Facebook-Post,Carl von Ossietzky starb heute vor 81 Jahren. Er kämpfte für den Frieden als Deutschland längst wieder für den Kampf rüstete. Der Frieden - das war ihm klar - liegt nur in einem einigen Europa. Das müssen wir uns auch heute immer wieder bewusst machen. #europaistdieantwort,0
positiv,"Der Text enthält eine direkte Aufforderung an die Bürger, sich für eine Stärkung der EU einzusetzen. Der französische Präsident Emmanuel Macron betont die Dringlichkeit der Maßnahmen und verwendet das Hashtag #unserEuropa, was auf eine positive und engagierte Haltung hinweist.",AKK_Facebook_53,Facebook-Post,Der französische Präsident Emmanuel Macron wandte sich an die Bürger in #Europa. Es müsse dringend gehandelt werden. Darauf kann es nur eine Antwort geben: #unserEuropa muss stärker werden. ‡‡ https://www.cdu.de/artikel/europa-richtig-machen-getting-europe-right ‡‡,0
neutral,"Die Pressestatements nach dem Ministerrat sind in der Regel neutral gehalten und informieren über die Ergebnisse der Besprechung. Sie enthalten keine emotionalen Ausdrücke oder Bewertungen, sondern lediglich Fakten und Aussagen der beteiligten Politiker.",Strache_Facebook_254,Facebook-Post,Die Pressestatements nach dem Ministerrat mit Bundeskanzler Sebastian Kurz Vizekanzler HC Strache Bundesministerin Elisabeth Köstinger und Bundesminister Norbert Hofer.,0
negativ,"Der Text beschreibt den Bund als schuldig, da er Geld von den Menschen erhoben hat, ohne eine entsprechende Leistung zu erbringen. Der Autor kritisiert die Situation und schlägt vor, dass der Staat das Geld zurückgeben sollte, um die Kaufkraft zu ankurbeln. Die negative Tonalität wird durch die Verwendung von Worten wie 'abgenommen wurde ohne dass eine Leistung dafür erbracht wurde' und 'Das sollte der Staat auch tun' unterstrichen.",Lindner_Facebook_144,Facebook-Post,Der Bund hat 2018 einen berschuss von 11 2 Milliarden Euro erzielt. Das ist Geld das den Menschen abgenommen wurde ohne dass eine Leistung dafür erbracht wurde. Im Geschäftsleben gibt man das zurück. Das sollte der Staat auch tun. Das wären 125 Euro für jeden und würde die Kaufkraft ankurbeln! Diese Idee und andere im Interview mit der BAMS! TL,0
negativ,"Der Text enthält negative Aussagen über die aktuelle wirtschaftliche Situation und die Politik, insbesondere die GroKo. Die Verwendung von Begriffen wie'verlieren wir Dynamik' und 'Wirtschaftskrise' weist auf eine negative Stimmung hin. Die Forderung nach'steuerlich Luft zum Atmen' kann als Ausdruck von Unzufriedenheit und Frustration interpretiert werden.",Lindner_Facebook_42,Facebook-Post,Laut der Steuerschätzung verlieren wir Dynamik. Die GroKo kann keine Kamelle mehr verteilen jetzt müssen Prioritäten gesetzt werden. Unsere: private Investitionsanreize und Massenkaufkraft statt Wirtschaftskrise. Schaffen wir steuerlich Luft zum Atmen! CL,0
positiv,"Die Textpassage beschreibt die Arbeit der Jugendanwaltschaft als erfolgreich, da die Zahl der Gewaltdelikte unter dem Höhepunkt von 2009 liegt und die meisten Beschuldigten nach einem Delikt nie mehr gesehen werden. Dies deutet auf eine positive Wirkung der Kombination aus Sanktionen und Hilfsangeboten hin.",Fehr_Facebook_52,Facebook-Post,Einmal im Jahr ziehen unsere Jugendanwältinnen und Jugendanwälte Fazit: Die aktuellen Zahlen zeigen einen leichten Anstieg der Jugendkriminalität. Die Zahl der Gewaltdelikte liegt aber immer noch massiv unter dem Höhepunkt aus dem Jahr 2009. Und: Die meisten Beschuldigten sieht die Jugendanwaltschaft nach einem Delikt nie mehr. Das zeigt wie gut die Arbeit der Jugendanwaltschaft - eine Kombination aus Sanktionen und Hilfsangeboten - wirkt.,0
negativ,"Der Text beschreibt die nationalistische Politik als Bedrohung für Errungenschaften der Europäischen Union und erwähnt die Gefahr für Freiheit, Sicherheit und soziale Gerechtigkeit. Es wird auch von einer 'Politik der Hetze' gegenüber einer 'Politik der Hoffnung' gesprochen, was eine negative Tonalität vermittelt.",Rendi-Wagner_Facebook_72,Facebook-Post,Der 9. Mai ist Europatag denn am 9. Mai 1950 wurde auf den Trümmern des Zweiten Weltkrieges der Grundstein für ein friedliches und demokratisches Europa gelegt. Heute 69 Jahre später sind viele Errungenschaften der Europäischen Union wie Meinungs- und Pressefreiheit Rechtsstaatlichkeit und Frauenrechte durch die nationalistische Politik der Spaltung wieder in Gefahr - doch diesen rechten Kräften wird sich die Sozialdemokratie entschlossen entgegenstellen. Wir kämpfen für ein Europa der Menschen denn Europa wird nur dann eine Zukunft haben wenn es Freiheit Sicherheit und soziale Gerechtigkeit garantiert. Wir stehen vor einer wahren Richtungsentscheidung zwischen einer Politik der Hetze und einer Politik der Hoffnung. Gemeinsam werden wir Europa wieder eine Zukunft geben.,0
positiv,"Der Text betont die Bedeutung einer gesunden Zukunft für die Jugend und die Verantwortung der Erwachsenen, dafür zu sorgen. Die Verwendung von Wörtern wie 'Recht' und 'Pflicht' unterstreicht die positive und verpflichtende Stimmung.",Rendi-Wagner_Facebook_1,Facebook-Post,Heute ist WeltnichtraucherInnentag: Die Jugend hat ein Recht auf eine gesunde Zukunft und wir haben die Pflicht dafür zu sorgen dass sie zu ihrem Recht kommen.,0
negativ,"Der Text enthält negative Aussagen über die Zuwanderung in das Sozialsystem und die Bundesregierung. Die Aussage, dass 62 Prozent der Mindestsicherungsbezieher einen Migrationshintergrund haben, wird als Problem dargestellt und als Grund für die Einführung der Mindestsicherung NEU genannt. Die Schlussfolgerung, dass dies im Sinne der sozialen Fairness und Gerechtigkeit handelt, wird als Begründung für die negative Tonalität des Textes angesehen.",Strache_Facebook_303,Facebook-Post,Mit der Mindestsicherung NEU wird die Zuwanderung in unser Sozialsystem gestoppt. Es kann doch nicht sein dass 62 Prozent der Mindestsicherungsbezieher die beim AMS gemeldet sind Migrationshintergrund haben. Dank dieser Bundesregierung wird sich das nun endlich ändern. Wir handeln eben im Sinne der sozialen Fairness und Gerechtigkeit!‘‡‡,0
negativ,"Der Text enthält negative Aussagen über die EU-Politiker und die europäischen Völker, die als 'ausgetauscht' bezeichnet werden. Die Anrede 'STERREICH BRAUCHT DICH' und die Forderung 'Aufstehen für unsere Heimat –sterreich' lassen auf eine nationalistische und anti-europäische Einstellung schließen.",Strache_Facebook_12,Facebook-Post,–STERREICH BRAUCHT DICH! Tauschen wir heute die EU-Politiker aus bevor diese die europäischen Völker ausgetauscht haben. Aufstehen für unsere Heimat –sterreich und für ein Europa der Vaterländer - X - FP–! ’,0
positiv,"Der Text hat eine positive Tonalität, da er die Idee eines CO2-Preises als Anreiz für die Reduzierung des CO2-Ausstoßes begrüßt. Der Autor betont die Effektivität dieses Ansatzes und kritisiert alternative Maßnahmen wie Subventionen, Quoten und Verbote, die nicht zum Ziel geführt haben. Der Text ist auch optimistisch, da er Deutschland als Vorreiter in der Umsetzung dieses Ansatzes sieht.",Lindner_Facebook_115,Facebook-Post,Wir wollen die Innovationskraft der Marktwirtschaft in den Dienst der Umwelt stellen. Wenn wir dem CO2-Ausstoß einen Preis geben schafft das Anreize. Denn Verbraucher und Firmen werden versuchen CO2 zu vermeiden. In der EU gibt es das schon für die Energiewirtschaft. Wir brauchen es aber auch für den Verkehr die Landwirtschaft und Gebäude. Das wäre besser als die vielen Subventionen Quoten und Verbote die nicht zum Ziel geführt haben. Am besten machen wir das europäisch aber in Deutschland könnten wir Vorreiter sein. CL,0
neutral,"Der Text ist neutral, da er lediglich eine Ankündigung enthält und keine Meinung oder Bewertung zum Thema Fridays for Future und Klimaschutz ausdrückt.",Lindner_Facebook_133,Facebook-Post,Jetzt LIVE: Ich stelle mich euren Fragen zum Thema Fridays for Future und Klimaschutz! CL,0
positiv,"Der Text impliziert, dass die Grünliberale Partei durch die Anerkennung einer sozialen Schweiz zu einer offeneren, liberaleren und fortschrittlicheren Schweiz werden könnte. Dies deutet auf eine positive Einstellung gegenüber politischem Fortschritt und die Idee, dass eine soziale Schweiz ein wichtiger Schritt in diese Richtung wäre.",Fehr_Facebook_80,Facebook-Post,Wie viel mehr politischer Fortschritt wäre möglich wenn die Grünliberale Partei erkennen würde dass nur eine soziale Schweiz auch eine offene liberale fortschrittliche Schweiz bleibt.,0
positiv,"Der Text betont die Wichtigkeit der Achtung der Menschenwürde und der Einheit in Europa, was als positiver Aspekt angesehen werden kann. Die Verwendung von Begriffen wie 'Feind unserer Verfassung' und 'Verderben' kann jedoch auch als warnend oder kritisch interpretiert werden, was den Gesamtton jedoch nicht negativ beeinflusst.",Maas_Facebook_16,Facebook-Post,Wer anderen die Würde abspricht weil sie anders aussehen anders sprechen oder anderswo geboren sind der ist ein Feind unserer Verfassung. Das Grundgesetz stellt auch eine zentrale Aufgabe von uns schon in der Präambel klar: dem Frieden in der Welt zu dienen. Auch der Weg dorthin ist klar: in einem vereinten Europa. Die Mütter und Väter des Grundgesetzes wussten: Nationale Alleingänge führen ins Verderben.,-1
negativ,"Der Text enthält negative Aussagen über die aktuelle Situation in der EU, insbesondere über die Kosten und die ineffiziente Organisation des Parlaments. Der Verfasser kritisiert die bestehende Situation und fordert Reformen an.",Kurz_Facebook_47,Facebook-Post,Mir ist wichtig dass es endlich mehr Hausverstand in der EU gibt. Allein die Tatsache dass wir zwei Parlamentssitze haben und alle Abgeordneten jeden Monat zwischen Brüssel und Straßburg übersiedeln kostet Unsummen und ist ein Relikt aus der Vergangenheit. Das gehört abgestellt! Mehr zu meinen EU-Reformplänen im Interview.,0
negativ,Der Text kritisiert das Handeln des Parlaments und betont die Bedeutung verantwortungsvollem Handeln im Interesse des Volkes. Die Verwendung von Begriffen wie 'Rachespiele' und 'Kosten der Republik' weist auf eine negative Einstellung gegenüber der aktuellen politischen Situation hin.,Kurz_Facebook_8,Facebook-Post,Am Montag hat das Parlament das Wort am Ende entscheidet aber das Volk - nämlich bei der Wahl im September! Unser Land braucht verantwortungsvolles Handeln im Interesse des Ganzen und nicht Rachespiele auf Kosten der Republik.,0
negativ,"Sebastian Kurz ist ein umstrittener Politiker, der in der Vergangenheit mit Korruptionsvorwürfen in Verbindung gebracht wurde. Seine politische Karriere war von Kontroversen und Skandalen geprägt, was eine negative Stimmung in der Öffentlichkeit hervorgerufen hat.",Kurz_Facebook_29,Facebook-Post,Sebastian Kurz,0
neutral,"Die Frage von CL im Interview mit der B.Z. ist neutral, da sie eine sachliche und kritische Frage zu einem politischen Thema stellt. Sie zeigt, dass CL über die Situation nachdenkt und eine Antwort erwartet, ohne eine bestimmte Meinung oder Emotion auszudrücken.",Lindner_Facebook_76,Facebook-Post,Wenn öffentliche Flächen in Berlin aus politischen Gründen nicht genutzt und Aufstockungen verweigert werden “ warum sollte man dann andererseits das Eigentumsgebot des Grundgesetzes aushebeln? fragt CL im Interview mit der B.Z.. Was meint ihr? TL,0
positiv,"Der Text ist überwiegend positiv, da der Sprecher ein klares Zeichen setzen will, dass Deutschland zu seiner Verantwortung steht und sich für eine friedliche Konfliktlösung und wirtschaftliche Entwicklung einsetzt. Der Sprecher betont auch die Verbesserungen im Bereich der Menschenrechte und der Rechtsstaatlichkeit in Afghanistan und will diese bewahren. Die Aussagen sind überzeugend und zeigen eine positive Einstellung gegenüber der Situation in Afghanistan.",Maas_Facebook_54,Facebook-Post,Ich bin gestern Abend nach Afghanistan gereist um ein klares Zeichen zu setzen: Deutschland steht zu seiner Verantwortung die wir als zweitgrößter Geber und Truppensteller hier übernommen haben. Das ist gerade jetzt ein wichtiges und notwendiges Zeichen: Denn die richtungsweisenden Präsidentschaftswahlen in Afghanistan sind für Juli angesetzt. Und in die Bemühungen um einen Friedensprozess mit den Taliban ist Bewegung gekommen auch dank der Initiative der USA. Unser Ziel ist es den Menschen vor Ort zu versichern dass wir uns auch weiterhin für eine friedliche Konfliktlösung und die wirtschaftliche Entwicklung der Region einsetzen. Für uns ist aber auch klar: Ein Friedensprozess muss den Menschen in Afghanistan tatsächlich den Weg in eine sichere Zukunft eröffnen. Er darf keine Rückkehr in eine schmerzhafte Vergangenheit bedeuten. Was Afghanistan an Verbesserungen im Bereich der Menschenrechte und der Rechtsstaatlichkeit aber auch für die Lebensbedingungen vieler vor allem junger Frauen in den letzten Jahren erreicht hat gilt es zu bewahren. Dafür werden wir uns stark machen denn das ist auch Voraussetzung für unsere künftige Zusammenarbeit.,0
negativ,"Der Text äußert sich kritisch gegenüber der Senkung der Unternehmenssteuern und plädiert dafür, dass das Geld für die Pflege der Menschen verwendet wird. Dies deutet auf eine negative Einstellung gegenüber der aktuellen Politik und eine positive Einstellung gegenüber der Pflege der Menschen hin.",Rendi-Wagner_Facebook_163,Facebook-Post,Es ist die Sache des Staates die Pflege zu finanzieren. Das Geld dafür ist da - verwenden wir es für die Menschen statt für die Senkung der Unternehmenssteuern.,0
negativ,"Der Text enthält negative Begriffe wie 'böses Erwachen', was auf eine negative Stimmung hinweist. Zudem wird die FP-Partei aufgerufen, was in diesem Kontext als negative Einstellung gegenüber der EU-Wahl und möglicherweise gegenüber der EU selbst interpretiert werden kann.",Strache_Facebook_48,Facebook-Post,Damit es am 27. Mai kein böses Erwachen gibt: Steh auf für –sterreich! ‡‡ ¡Am 26. Mai bei der EU-Wahl: FP– - jetzt erst recht!,0
positiv,"Der Satz 'Die Wahrheit kommt ans Licht!' impliziert eine positive Entwicklung, da die Wahrheit oft mit Gerechtigkeit und Aufklärung in Verbindung gebracht wird. Die Verwendung des Wortes 'kommt' suggeriert auch eine positive Bewegung, wie wenn etwas langsam aber sicher ans Licht kommt.",Strache_Facebook_5,Facebook-Post,Die Wahrheit kommt ans Licht!,0
positiv,"Der Text beschreibt eine positive Erfahrung im Tageszentrum Lichtblick in Steyr, Oberösterreich. Der Autor betont die Bedeutung flexibler Betreuungsformen und die positiven Auswirkungen des Erfolgs des Tageszentrums auf die Betroffenen, wie Entlastung für pflegende Angehörige, positiven Einfluss auf den Krankheitsverlauf und Entlastung im stationären Bereich.",Rendi-Wagner_Facebook_142,Facebook-Post,Heute bin ich wieder auf Bundesländertour “ diesmal im sonnigen Oberösterreich. Die erste Station ist das Tageszentrum Lichtblick der Volkshilfe Oberösterreich in Steyr das auf Menschen mit Demenz spezialisiert ist. Hier konnte ich mich mit Nationalrat Markus Vogl und Stadtrat Michael Schodermayr davon überzeugen wie wichtig auch andere flexiblere Betreuungsformen “ abseits von stationär oder daheim - sein können. Aus den Erfahrungen von Steyr können wir viel mitnehmen denn der Erfolg des Tageszentrums Lichtblick hat positive Auswirkungen für die Betroffenen: Eine Entlastung für die pflegenden Angehörigen mit Beratung und Unterstützung einen positiven Einfluss auf den Krankheitsverlauf und eine Entlastung im stationären Bereich.,1
