id,text,text_short,emotion_gold,worry,anger,disgust,fear,anxiety,sadness,happiness,relaxation,desire,nchar,ntok
1,"I am more worried about getting access to my normal healthcare at  the moment, than being concerned about Corona. My usual treatments have been halted, so my health will deteriorate even if I don't catch the virus!
I am struggling to get routine prescriptions and medical appointments, which is making me feel powerless and anxious.
I am also feeling very sad, as I can not see my children and grandchildren and can not celebrate birthdays and anniversaries with them.
I have been advised to stay inside my house for twelve weeks. The thought of this is making me unhappy, as all that I want to do is to go outside for a walk, but that is not possible right now.",Not being able to cuddle my family sucks!,anxiety,6,2,2,5,5,5,4,4,4,662,132
2,"I am a little concerned that so many people are not staying at home and risking themselves and others just to enjoy the sunshine. I think the situation will get worse of the next few weeks but, hopefully, will then start to slowly improve. I'm worried what state the country will be left in as so many businesses will close down and the way we live in this country will be changed forever. So many small businesses and self-employed workers will struggle to survive. I am hopeful that a vaccine will be developed before the end of the year.","Spending time at home with the family and working from home as I normally do. The big difference is not going out. I miss going for a drive out the the beach or the countryside with my dogs, or just to wonder around some shops and stopping for a coffee when I want. Stay safe ",relaxation,6,1,1,1,2,2,5,6,4,540,106
3,"I feel relaxed. I'm aware of the risks and I'm doing my very best to mitigate against them & I'm also pleased to see others in my local community doing the same. I feel positive about the future & about life going forward from this point. I find it hard to conceive of the disease touching me personally, yet I know there is every chance that it will. I have concern for older relatives, particularly my mother, and for other people I know in the community. I'm trying to remain positive and look ahead to the end of the lockdown period whenever that may be.","I'm OK, I'm feeling positive, but also a little apprehensive. On the whole, I believe we will get through this very soon.",relaxation,3,2,1,2,2,4,6,8,7,558,114
4,"I feel a little stressed by it all, I would like to go outside and have my freedom back and just do normal things again. The issue of grocery shopping is a stress too, as it is almost impossible to get a delivery slot, so I may need to go to the supermarket, which is not exactly in keeping with the lockdown and social distancing.
It feels a little claustrophobic at times being stuck indoors.
I feel that it will take a lot longer than most people think to get back to normal, with a longer lockdown than anticipated.","Feeling stressed about the whole situation, wish the lockdown and virus was over already.",anxiety,5,2,2,2,4,2,3,3,1,519,108
5,"I am fed up about not being able to go out when I want, I miss going to the shops and seeing other people.  I don't like schooling my child from home as it takes up time that I could be doing other things.  But it is good to be able to spend more time with my child and my husband.  I miss being able to go out for dinner.  Its annoying that we do not know how long this is going to last and I am worried that my holiday may get cancelled, as, as a family we have all been looking forward to it since last year, ",frustrated at staying home and not knowing when this will end,relaxation,5,3,1,4,2,3,7,7,2,512,117
6,"At this very moment, I am feeling very fearful and sad about the Corona situation. I am afraid of contracting the virus and fear for my health and the health of my family. I am also very worried and anxious about the financial impact the situation will cause now and in the future. I'm feeling sad about the loss of life and about life coming to a standstill. I miss my family and friends keeping in touch by text and video call just isn't the same, I'm upset that I can't give them a hug. I also feel very helpless as I can't really do much to help anyone or the situation.","I'm feeling quite sad today, the enormity of the Corona situation comes in waves. I miss my normal life and wonder if life will be normal ever again.",sadness,9,4,1,9,9,9,1,1,1,574,120
7,"I feel worried and anxious although a sense of relief that having seen other european countries having reached peak that we will to. I know that this wont last forever and i cant control things outside my home but i can control my family and what is in my power to get through the worst. i feel the fear of the unknown is what is making it worse, not being able to plan things. i feel worried that when things to start to return to normal that im not sure how i will feel. i just want to be able to fast forward time when this wont consume my thoughts 24/7",i am scared for now but positive for the future,anxiety,9,7,5,8,8,8,1,2,2,556,118
8,"I am confused, there are conflicting opinions from different sources about the best way to handle things. I am sad, mainly for others who are suffering greater hardship that me, but also for myself. I am missing my family and friends, I worry for them. I am anxious about the outcome, not only in terms of the health implications, but also for the economic future of the world. I also feel proud of the way the uk government are handling the crisis, and pleased that the vast majority of citizens who are complying with the new rules. ",#we will come through this,anxiety,7,1,1,2,7,4,1,1,1,535,109
9,"After resigning myself to the lockdown situation, I planned to do my best for my family and myself by self isolating and felt that was the right thing to do,

As a result, I have been frustrated with monitoring news about other people, and seeing how they have not adhered to the recommendations of isolation - for the good of themselves and others. This has left me feeling frustrated.

All in all, I feel drained, anxious and have negative feelings for the near future, especially as I have given the situation some thought and can see some illogical reasoning going on, such as distanving musct go ahead but the governement not doing anything to distance key workers when they have to travel by public transport.","I feelk frustrated at both the public and government. The public still don't fully get the messge and flout the advice given about social distancing, and the government are acting too draconian. Both need to learn some balance to their argument and actions!",anxiety,7,4,2,6,8,4,1,2,1,715,136
10,"I am 65 but have not left the house for 3 weeks apart from a walk.   I am finding the whole thing frightening and scary,  as what will happen when we are all allowed out of lockdown,  will it still be around and am I likely to catch it.  Now Boris Johnson is very poorly it has made me very jittery poor man,  brings home how anybody can be affected and he was saying eariler he had only mild symptons yet a week later he is in ICU.   I wake up in the mornings and realise this is not all a dream just the reality of 2020 I just hope me and my family get through this.","Anxious and afraid of coronavisus what is happening in this world,  hope we can all get through this.  I want to keep myself and family safe",anxiety,9,2,1,9,9,6,2,4,1,568,124
11,"I am worried that i could gt it and annoyed at the people who are not caring and are still going out socialising. They do not seem to understand that they could be carriers of the virus and could kill someone else with their stupidity, I am having to stay at home due to an autoimmune illness so why can't they. I think this will go on for a longer than it needs to unless there is a lock down that stops people doing what they want to. I am worried and scared as I do not want to die because of someones else being careless. ",This will not end until people listen and do not socialise. #Corona,anxiety,7,4,4,7,8,4,3,3,1,526,111
12,"I feel lonely as can't meet up with friends and family and miss them. I feel fearful as worried about me, my family or friends getting the virus. I feel slightly sad as nothing to look forward to as not sure how long this will be going on for, can't seem to get excited about anything as there is nothing planned. I'm hopeful that things will improve in the future and hopefully life will get back to normal. The news is depressing and not sure if it is being exaggerated or whether it is the truth, no nice news coming out",News on the corona virus is depressing #fearful,fear,7,4,2,8,8,5,5,4,2,523,108
13,"I am both frustrated and anxious about how some people are ignoring the lockdown rules. I want to have hope but just cant see it at the moment and instead have an overwhelming feeling of despair. If attitudes don't change soon they may either go on until next year or never get any better.
As a key worker myself (as well as my wufe) I am constantly anxious about infection and bringing it home to my children. It is a horrible situation to be in when you are constantly scared to do your job or be suspicious of your coworkers and be worried about working with them","I'm scared, anxious and frustrated about Corona virus and about being in public and doing my job",anxiety,7,2,1,4,7,2,4,6,2,566,113
14,I am very worried about me and my family getting coronavirus and getting seriously ill and dying. I am also worried about my partner losing his job and struggling financially.. I am finding is stressful having my daughter off school and not knowing when she will be going back. I also have a newborn which I think makes the situation more stressful and I think is affecting my mental health as I have lost my support network. Not knowing when the lockdown and restrictions are going to end is hard to deal with and knowing it will probably be for a while.,"So done with Coronavirus, can we just skip this year?",anxiety,7,4,2,3,6,3,5,2,2,555,108
15,"I am angry due to the fact that people are unaware of the fact that Corona virus is a common flu virus and anybody who has got flu in the past will still have it in their body.  There is no test out as yet for covid19 (if there is any virus like that at all).  The figure of people infected is just magnified artificially as """"""""""""""""tested positive"""""""""""""""".  The cause of death despite of being from other health factors/condition is classified as covid death.  This pandemic is a global cover up for something more sinister.",Is this pandemic caused by a Corona virus? Think again!! The fact that most of us who have flu in the past will have corona virus in our body. Does covid19 even exists? or is this is a cover up of something more sinister.,anger,4,8,1,2,2,2,4,6,6,513,108
16,"With the current coronavirus situation, I am more worried in regards to my assessments for my Master's degree more than possibly becoming infected with the new coronavirus. My university had one of the first recorded cases in my area and so had decided to stop face-to-face lectures and halted laboratory work as well before the government introduced the lockdown regulations. I am also more concerned that my family/friends may become infected with it and that it could become severe, possibly damaging their health in the long-term.","Although the coronavirus situation is severe and has impacted everyday life, it will get better over the long run. Its effects will be limited to the immediate future and as a society, we will overcome it.",relaxation,6,2,2,3,4,4,6,7,6,534,93
17,"It's very frustrating and when I think of how long we all have to stay apart I get annoyed. Also the fact that you can't physically go shopping, or get a Mcdonalds or anything is annoying. All because China can't be trusted. They've done it many times before creating pandemics, and they're pretty much the only country that has. You wouldn't see huge flu pandemics originating in the United Kingdom! There should be laws placed on the things they do in that country. 

However at this precise moment I am trying not to think about it too much so I'm fairly relaxed. I don't really watch the news, go on Facebook etc because it's all people can talk about and I've had enough of seeing it.",If certain countries didn't start pandemics all the time we wouldn't be in this situation. Also our government is about as useful as a chocolate teapot. Take a leaf out of Germany's book I say!,relaxation,6,2,2,2,3,3,5,7,2,689,137
18,"I feel incredibly hopeless. As a single person who is around an age when they really should be finding someone, it feels like wasted time. People who are in relationships and married at least have someone they can confide in during this situation. 

I wake up with a sense of resignation, knowing that I won't see anyone or do anything interesting. One of the only good things is that I can work from home and for me this is so much better. I don't have to worry about commuting, so I don't waste that extra time and money. I can now focus on hobbies such as learning languages.",Feeling hopeless and incredibly lonely during this difficult time.,anxiety,6,2,2,6,8,8,2,4,3,578,118
19,"I am not worried about the effect of coronavirus on those that I love or myself. I am sad for all those who are suffering in all kinds of ways not just from coronavirus but also from the efforts being made to deal with it. I am also angry about the lack of resources and capabilities to deal with this pandemic

I am worried about how this pandemic will be brought to an end and the longer term impact of the pandemic on society, the ecomony and individuals. I for one will live my life differently as soon as I am able to.",How is this going to end? Life will never be the same again.,sadness,6,6,2,3,6,8,2,3,3,523,108
20,"I have conflicting feelings.

What's happening in the world is horrible, there's no doubt about that, it incredibly sad to see and hear of so many deaths in the world because of this awful disease and I really do hope that we find a way to contain/cure this soon and save as many lives as possible.

Looking for a silver lining, however, I'm working from home and my mental health has massively improved because of it. My day usually involves waking at 5am, driving 30 miles to work usually stressing out in traffic, and once I get to work I'm tired before I've even started, then I have to do it again in the evening, usually getting home late in the evening, not having time to cook properly because I just want a few hours on the couch to switch off before I have to go to bed and get up at 5am again.
With my current working from home situation, I'm getting twice as much sleep as I normally do (usually only get around 4 or 5 hours tops), I'm not stressed and tired from driving for over an hour, I'm able to switch off at a reason time in the early evening and actually cook healthier meals, spend more time with my partner etc.
So although the whole reason we're in this mess is awful, by being forced to stay home and work, my mental and physical health has hugely improved.","Praying for all of the family affected by this awful disease, and that we find a cure soon. Huge respect to the key workers keeping us safe during this difficult time. Stay home, save lives!",relaxation,7,3,5,3,4,6,2,6,3,1282,268
21,"I feel sad about the people who are ill and have died. The situation doesn't seem to be improving. all the people out of work. The world is going to be in a right state when everything gets back to normal. Airlines, Travel companies, pubs and shops will all go out of business.  I am sick of lock down. it is boring nothing open nowhere to go. The weather is nice now and all you can do is sit in the garden .I hope the situation improves soon or everyone is going to go crazy. It is hard to keep busy and I hate sitting around doing nothing, Watching TV. The days just drag. ",Deepest sympathy to the victims of corona virus and their families and thanks to all the nurses and doctors doing their best for the victims. I am also worried about the state the world is going to be in  when everything gets back to normal. Loads of unemployed people  lost jobs.,sadness,4,3,3,2,3,8,3,3,3,576,128
22,"I think it's an incredibly sad situation that the world will take a very long time to process and recover from. I think it is essential we learn from this and invest more heavily in healthcare and scientific research, whilst also increasing political pressure on countries that fail to adhere to ethical practices. 

I wish there was more I could do to help, but at the moment I think the most important thing is to stay inside and refrain from social contact with others. I hope this is over soon and things can return to normal","It's a very sad situation with everything happening concerning coronavirus, I hope the situation improves soon and things can go back to normal. Please stay inside.",anxiety,6,5,3,6,6,5,5,5,5,529,101
23,"I am anxious as to how the symptoms would present for myself, my friends and family as no one really knows the level of severity you would experience until you get it. I am relieved there has been a drop in deaths today however there are many more days to come and we must not be complacent. I worry about my husband who still has to go out to work. I am angry at those people who choose not to follow social distancing instructions. I am happy myself and my children and wider family are currently safe.",Anxiety rules my head. Hope fills my heart.,anxiety,7,2,2,5,8,6,5,4,3,504,103
24,"I am very anxious about the situation and that myself and my family may get ill.  I am also concerned about the financial impact, both personally and for the economy.  I long to go back to 'normal' and the freedom that we all didn't appreciate.  I long for no more suffering and no more deaths.  I am very worried and concerned.  I am desperate to protect my family and keep them safe and I am trying my hardest to do this therefore I am stressed, tired and anxious a lot but trying to put a brave face on for my children.",Please #stayathome protect yourselves protect others protect the NHS,anxiety,8,4,3,7,8,7,5,3,6,522,111
25,"I am very worried about the future.I have 3 part timejobs but i'm not getting paid or furloughed from any of them at present I have diabetes so i'm classed as at risk..My daughter is stuck over 100miles away and a have lost a friend and relative in the past week . My brother lives in the USA where things are getting worse.The uncretainty is the worst part,nothing like this has happended before so no one knows what the future holds. Cant think of anything else to comment on at present, this is like doing an English assisgnment",too much uncertainty,anxiety,8,4,2,8,8,6,5,3,1,531,105
26,I feel very anxious as it’s an uncertain situation and not sure how long this will last or what future implications will be. I am scared and wonder how it will affect everyone. I think people aren’t taking this seriously but the government should put orders out rather than instructions as there are people that think they will be the only ones going out etc. but that isn’t the case. I don’t understand how people are thinking like that or why people are letting them go out etc. as I know that if I said something about going out or whatever that people would tell me to stay in and hold me accountable.,People need to start acting like they or their loved ones do have Corona rather than thinking that it won’t happen to them.,anxiety,9,5,5,7,9,7,2,2,1,606,119
27,"A confusing time with many contrasting thoughts. Future seems extinct and very lonely, sad, skint and worried. The uncertainty is the worst thing. I feel the big businesses and banks and super rich will be the only beneficiaries of this. A cruel world. I feel like its dog eat dog and the only way is to be ruthless. The government have been indecisive, however I think they are just puppets dancing to the pied piper. How much longer can we go on? What will the country and indeed world look like after this? Are these measures necessary?","Looking at a game of who goes hungry first, where the survivors will be the richest and most privileged. Government packages seem to be an underhand way to reduce the welfare bill and an epidemic of greater proportion than the virus to follow. ",anxiety,7,8,6,9,9,7,2,3,5,539,110
28,"I’m Feeling a bit worried and anxious about corona. I’m concerned that my sister will catch it and be seriously ill or die as she has congenital heart disease. I’m also feeling bored at being cooped up in the house. every day is very repetitive with the same activities and I feel that life is just passing by.

I am also annoyed at people who are carrying on as if nothing is happening as they are spreading the virus and will make us all stay in lockdown for much longer. I am annoyed at people going shopping to unnecessary shops to buy items that are not essentials. ","Stay at home protect yourself, your family and others. The longer you don’t listen the longer we all suffer #stayathome",anxiety,6,2,1,5,5,3,2,4,2,571,113
29,I fear that someone in my family will get the virus. I am worried for my children if I were to get it. I am anxious about being able to provide enough food for my family. I am anxious about having enough  money to pay my bills. I try to keep my anxiety and worries to myself so my children aren't affected but they are missing their grandparents and friends. I am worried about what will happen afterwards - if my job will be safe. The economy will surely suffer and no one knows how long it will take to recover.,#nervouswreck,anxiety,7,2,6,7,8,6,1,1,1,513,108
30,"I am pleased that people have stopped panic buying but all this stuff going on with the US stealing masks destined from other countries isn’t constructive at all. I am still relatively relaxed about the situation, but I have switched to online shopping but still try to get out when I need something essential but I just go into the garden for some exercise. I think the peak should come soon, and I, like many others, will most definitely be looking into holidays and trips for afterwards. When it does all finish, I hope people will support local business as much as possible.","The peak is near and I just wish people would stay in unless they have to go out, so we can all work together and get this over and done with.",anxiety,3,2,3,4,5,3,7,8,6,578,112
31,"I feel anxious about what might happen next. There is so much uncertainty. I am worried for friends and family. I wonder how long lockdown will last. I worry they will take away our ability to exercise once daily as it’s something that helps with my mental health. However I am fortunate to have a garden and understand that we need to protect vulnerable people and our NHS.
There is a lot of misinformation which is very frustrating. A lot of squabbling about hoarding and how long it is appropriate to exercise for. It’s difficult to tear myself away from social media and news - I know it’s not helpful for my mental health, it’s exhausting but it’s compulsive. ","Coronavirus is stressful, anxiety-inducing and exhausting. We must look after ourselves, other people, and protect the NHS",anxiety,7,3,1,7,8,4,7,5,4,665,129
32,"Life would be simpler without this. Life would also be simpler if we had a Government who were even borderline competent! I'm very concerned about the health of my elderly relatives (my mother-in-law is currently in hospital with CV, and my mother -- who is in a nursing home -- is showing symptoms which may be it). I'm also annoyed that the virus has taken away many enjoyable things -- like the celebratory dinner party I was supposed to be holding last weekend, and the holiday I was due to leave for tomorrow.",Fuck coronavirus!,anxiety,7,5,4,6,7,5,3,2,3,514,101
33,"Mixed emotions at the moment. It's my husband's birthday and we had some good news too that will help us to cope financially, so feeling happy about that. Feeling very anxious about the coronavirus in general. My husband is a """"""""""""""""key worker"""""""""""""""" so there is a chance he could infect us even though the rest of the family are staying at home. I'm worried for people's health, that their relatives might die, their financial situations, and I worry for my mum. I don't know when she will be able to leave the house again. ","Feeling anxious about coronavirus. Worried for my job and for the economy, worried about family and friends. Praying that the NHS will cope and hope all the staff can get the equipment that they need ",anxiety,6,1,1,4,6,3,6,5,1,515,108
34,"i am scared my anxiety is through the roof as i am a vulnerable person. I am angry at people that are not listening or taking heed of the goverment advice and guidelines. I am scare of what this means for the world now how different things will be in the future. I am anxious that a vaccine will not be found soon enough . 
I am angry that vulnerable adults are being asked and may not get ventilation should they need it die to a lack of ventilators. I am worried what it means for our children they are missing out on so much both ediication seeing their freinds etc.",anxiety through the roof,anxiety,9,8,8,9,9,9,3,1,1,569,116
35,"It feels like we've all been driving along on a coach journey and suddenly we all have to get off and sit in the service station, for an unknown period of time. No-one can tell us when we can get back on the coach again, and continue as before. 
The days start to roll into one another and you lose your footing, but at the same time you're enjoying the quiet, and the slower pace of life, while missing the things you usually do. 
Italy is worrying, with its disproportionately high number of victims. And also the PM being ill and hospitalised. ","Indoors. In need of sunshine. But enjoying reading, watching films and rediscovering hobbies. #surrealsituation",anxiety,5,2,3,5,6,4,4,5,1,547,113
36,"I'm worried. I'm missing my family, I normally see my parents, sister and nephew every week at least and I haven't seen them for a few weeks now because of this. I'm worried about my finances and my family's health. My son wants back to school. It's scary and many people aren't taking it seriously enough and are still going out. I'm furloughed right now and I'm thankful that for now I still have a job but it's an ongoing worry about what will happen in the future, depending on how long this situation goes on for. ",Worried about the general state of things re covid19. Worried for my family and loved ones. Miss them too.,anxiety,9,3,1,8,9,9,5,4,1,519,106
37,Its making me sad seeing the numbers come in everyday and seeing the nurses and health care staff that are dying as they don’t have the protective equipment and access to testing. I’m also a key worker and it’s a very stressful situation and frustrating when people don’t listen to the government and are still going out and seeing friends or going to look around shops because they are bored. I’m hopeful for better testing in the coming weeks. The U.K. daily briefings are helpful and informative at this time,Please stay home.,sadness,7,6,3,6,5,8,2,5,3,512,94
38,"Incredibly sad that the world will never be the same again - and fearful for what will remain when we leave lockdown.  The isolation didn't bother me at first but living alone can be a lonely experience.  It is the not knowing when normal life will resume that is the most difficult aspect of this whole thing to comprehend and absorb.  

I feel terribly sorry and appreciate all the good work that all of our emergency services are currently doing - From the nhs to the police to all retail employees - they are making a horrible situation bearable for everybody else, and putting themselves at risk whilst doing it - This is a really thankless task that they are undertaking and we all really appreciate it",So sad to be at home but fully understand why this needs to be the case.  Hopefully we all appreciate what we have when the world eventually goes back to some sort of normality,anxiety,8,5,4,8,9,8,2,4,1,708,131
39,"I am concerned for the ill and especially the vulnerable who may suffer in the future. I am also sad about the poor government preperation and response to the pandemic - I believe that its effects in the UK would be less had preventative actions been taken.

I also think the media response has been somewhat mixed. While it is indeed sad that the Prime Minister is in hospital suffering with the corona virus, he and his government have consistently damaged the NHS's ability to act correctly and his own lacklustre leadership has only cemented this. His """"""""""""""""herd immunity"""""""""""""""" strategy all of a sudden doesn't seem so smart when he and his ministers realise their wealth and power doesn't put them above the rest of the herd, does it?","Sad for all those currently affected by the Corona virus - hope you, your loved ones and everyone else stays safe & well.",sadness,4,2,1,3,2,4,1,1,1,731,140
40,"I have just got back from a shift at a small rehabilitation hospital. It's fine at the moment, everything carrying on as normal.  No suspected or confirmed cases but everybody is waiting for the 'storm' to arrive. PPE is not available in quantities. We are being asked to use the same mask all day when it should be changed every 30 minutes at least.  This goes against infection control procedures which we are used to using and is worrying  for when we do get confirmed cases. It feels like the NHs is not fully prepared in the area where I live. ",I am carrying on with my life but I have a big cloud hanging over me.,relaxation,7,2,1,6,7,4,3,7,1,549,111
41,"I feel calm and sensible. I understand the risks and I follow the NHS guidance of limiting my time outside of my home and practising social distancing when I am out and about. 

Covid-19 will be with us for a long time and we must be calm and rational in how we deal with everyday life.

I am currently working from home with ease. I keep in regular contact with work colleagues and friends and family using video conferencing. I live with my wife, so I don't suffer from any self-isolation issues. We have regular chats about the current situation. 

I feel wider society need to play their part by respecting the rules of social distancing and not leaving the home for unnecessary trips.

I feel that after this crisis is over key workers and NHS staff will be more valued than ever. ","I feel calm, focussed and relaxed. I am proud and respectful for all those on the front line of the NHS but feel frustration and disappointment for those in society that choose to ignore the rules of social distancing. Stay home, Save lives....it's not that hard to do!",relaxation,6,1,1,1,1,1,5,9,1,786,153
42,"There is a lot of misinformation in social media and people believe it which is very frustrating, if people were more educated and properly understood and didn't believe this false information we would be in a much better position. The stay home guidance is effective in some areas but there are too many people flouting this for reasons not defined as exceptions and just leading their normal lives without realising they are going to make this worse for everyone with their selfish behaviour. I am concerned as I am severe risk if I catch COVID-19 and I am therefore taking all precautions I have to but simple things like getting an online delivery is challenging, supermarkets still say I haven't been recognised as vulnerable even though I have had letters and texts saying I am. I understand this is unprecedented but I do feel it could still be handled better.","Stay home, don't be an idiot, don't believe everything you see no social media ",anxiety,5,2,2,3,5,4,6,7,6,867,156
43,"I am really worried, worried about how it is going to affect my finances, my husband's job. my own earnings, my investments.  I am concerned about my daughter missing school as she has GCSE's next year, my older daughter missing her life and studies at universities, she is depressed as she is missing her boyfriend.   I am fed up myself of staying in, constantly cooking, not being able to meet my friends etc.  The worse thing is not knowing when it is going to end.  I know that death figures have gone down in the UK today but I am just worried how long we are going to be like this","fed up of staying up, but its got to be done #staysafe",anxiety,8,4,3,7,7,7,2,6,1,586,123
44,"somewhat anxious but doing my best to stay balanced. I hope we won't be affected, we are following the recommended advice in order to stay safe. Not sure what else I can say. It is worrying but we are adapting to the situation. It is frightening hearing some of the details, and it can also be annoying to hear of people behaving in helpful ways, and to have to listen to colleagues boasting of their isolation activities. I wonder how long it will go on for and hope we can cope. we are trying to be brave","keep calm, carry on, look after those you care about",anxiety,4,3,4,6,7,6,2,2,2,506,106
45,"Worried about the government response especially now Boris johnson is in intensive care and unable to lead the country. Nurses and medics are dying and there is not enough personal protection equipment to keep staff safe. I feel quite anxious and stressed about the future and the impact on my family particularly my children who are in their twenties.
My elderly mother and my father in law are both self isolating and they are lonely and no real idea how this will end. The ecomonic impacts will be felt for a long time after the pandemic has passed. ",I see no end in sight and worry for the future,anxiety,8,6,3,7,8,8,2,3,3,553,103
46,"I am very worried for my families health as we have a number  members with poor health. Can see not end to this and feel like I am helpless to keep my family safe Also worried about the long term effect this will have on all of our daily lifes. So overwhelmed with the amount of news and information come towards us every day frighten I missed the important bit that keeps use all safe.
Very confused as what the best thing is to do not my family also. 
Feel so helpless and also amazed how poorly so many Governments have dealt with this issue.","Worried, Scared and anxious about how we are all going to survive this safely and have a good future.",fear,8,7,4,9,8,8,2,2,1,545,110
47,"I am fortunate that I can work from home but I do still worry about the long term affects that it may have on our business and in turn my and my colleagues jobs. More than that though I am concerned about the health if my family and those most vulnerable in society. I hope that there is an end in sight at some point, even if it is many months away. Things like antibody tests will help, and personally I would be very keen to be tested to find out if I have had the virus and whether I am part of heard immunity.","Anxious and concerned about how long the lockdown  may be necessary and the people that are ignoring the instructions to stay at home, putting us all at risk and prolonging the measures.",anxiety,8,5,4,7,8,7,4,5,5,514,111
48,I feel that my govenment is doing a good job to try to bring the situation under control.  I feel anxious to know when this will end but calm that my family will be ok as we are at home and not putting ourselves and others at risk.  I feel anxious about other members of my family that I can't see at the moment but we are in regular contact.  I also feel annoyed at people who don't follow the lockdown rules as they are putting others at risk.  I am thankful to all the people who are still working and putting themselves at risk.,"Hopeful the lockdown won't last too long, but anxious for people to stay at home and follow the rules.  Thanks to all the NHS staff and other key workers still working.",anxiety,7,2,1,5,7,5,1,3,1,532,110
49,"I'm quite relaxed about the situation - we're fortunate enough to have a roof over our heads, are able to work remotely, have sufficient food, and contact with family and friends.  If we all follow the lockdown guidelines and maintain social distancing, we should be able to see the end of this crisis in due course.  There is little point worrying about it, as it's completely out of my control.  I also feel that I have to lead by example to my elderly parents, and my team at work - by being fairly laid back about it while staying at home.","Working from home, covered in cats, and easiest commute ever!  Have I got enough wool to keep me knitting through the lockdown? #HappyAtHome",relaxation,8,1,1,2,2,1,6,8,2,543,111
50,"At this moment in time I have by now accepted the huge changes that this pandemic has bought about in my personal/family life. I feel anxiety about the potential of the disease to affect any of my family and friends, but the anxiety about loss of work/schooling/uncertainlty over finances/holidays etc has subsided with my acceptance of the situation. I am focussed on playing my part in beating this virus. To some degree I am enjoying taking the time to take in the simple things - family time, walks, spring, birdsong, peaceful roads.",Acceptance that I need to play my part and resolve that we will get through it together.,relaxation,8,1,2,4,4,3,6,7,2,537,109
51,"I feel worried about my job, my children and my family’s health. I am concerned that this may go on for a long time and that the chance to buy a house will not be possible.
I don’t know anyone who has illness and I am concerned that my friends may catch it and be very poorly due to existing health issues. I am a single parent and if something happens to me the children would go to live with their father who is completely feckless. 
 I am enjoying having no deadlines and the freedom that that brings but I miss the structure of the day when I was working and the children were at school. 
I’m concerned that the children will fall behind in maths and English but I am enjoying doing things such as baking and gardening that we wouldn’t usually have time for.
","I’m worried about the future, even though there are positives I can take away from this I know my life has been set back for who knows how long. ",anxiety,7,6,2,8,9,8,4,6,2,763,153
52,"I am fearful for the health of two relatives; one my husband who has many health issues and I suspect would not survive if he were infected by COVID19; also my daughter in law, a young mother of two, who has cystic fibrosis. We are self isolating ( in two separate households) and feel relatively safe at the moment, but until a vaccine is available, the threat will remain. We expect scientists to achieve this within a year. I'm so glad we have the internet and phone to keep in touch with family, and would feel distraught if these lines of communication were cut. We are so far doing supermarket shopping online but slots are becoming harder to secure so the future is uncertain.",COVID19 is a threat to us all,sadness,8,2,2,6,6,7,4,5,5,683,137
53,"I don't like lockdown and look forward to being free to go where I like. I am constantly confused by the statistics and analysis and am not totally convinced that this strategy is necessary although I comply with it. There is a background concern that I may get it despite all the precautions and I Sorry that members of my can't may become I'll.
It surprises me that there is not a global response in place for this pandemic since it has been a concern for the who.
I am also puzzled that countries like Germany are reporting low mortality rates whilst other European countries report much higher rates. It's the same virus and similar populations.

",Concerned for the well being of my family and concerned to understand some consistent and provable statistics,anxiety,7,3,4,5,7,3,2,1,1,651,122
54,"Completely fed up with the whole situation and feel that it could of been avoided by China.
If they had closed their borders and stopped all travel to and from the country there would be no problem, but instead they were bad at handling the situation and now everyone has to suffer.
There always seems to be a problem with virus's coming out of countrys like that so maybe they should be held accountable for all the issues people have faced due to this.
It has made the whole world panic and have to adjust to being stuck at home all the time and even people have lost jobs due to this.",Fed up with it all.,anxiety,8,6,3,6,8,4,2,4,2,587,117
55,"I feel very annoyed about having my freedom taken away. I am sick of being stuck at home with my children. I think it’s an over reaction. I feel the huge loss of jobs, the crumbling economy and the impact on cancer patients not getting treated, is just so we can stop eighty year olds from getting the virus and potentially dying. The elderly and those with underlying health conditions should stay home rather than the entire country. People should be given the choice. How long can this go on for and when are we getting an exit date?",Let people choose whether they want to self isolate or not,anxiety,6,6,7,7,8,6,1,2,1,536,108
56,This seems to be blown out of proportions and the fear is used to introduce new laws etc. I do not think this is anything more than common flu and the big media campaign has been manufactured to create fear in the population. I stay away from media hysteria and don't need to leave the house to work so my life has not been affected and I'm looking at the outcome the lockdowns are going to create worldwide.This seems to be blown out of proportions and the fear is used to introduce new laws etc. I do not think this is anything more than common flu and the big media campaign has been manufactured to create fear in the population. I stay away from media hysteria and don't need to leave the house to work so my life has not been affected and I'm looking at the outcome the lockdowns are going to create worldwide.,Stay away from the media,relaxation,1,1,1,1,1,2,5,6,1,816,160
57,"I find myself feeling quite short tempered and anxious. I feel that """"""""""""""""life is on hold"""""""""""""""" at the moment, and there is nothing I can do about it.
I feel upset that I have had to cancel my holiday in May, and frustrated not knowing when life will return to some sort of normality.
I would like to be able to see my granddaughter, and to help my son and his partner move house, but I don't think I will be able to.
It is very frustrating. I have re-booked my holiday for next April, I hope I will be able to go then. I also hope that I will be able to go to visit my Son, his partner and my granddaughter in their new home in Devon.","I am feeling anxious, angry, short tempered and not a very nice person to be around at the moment.",anxiety,4,6,4,6,6,5,4,3,5,627,146
58,"Terrified of Corona virus. It has already taken one member of our family who was practising government guidelines .  The state of the country and what we have to do to survive this is frightening and where we will be at the end of it. i worry for my children and grandchildren , finding it difficult to sleep and i am in here for 12 weeks without seeing them. I want to believe the government are telling us the truth about figures and equipment being sourced but it is hard to believed them.  We have had different figures etc from different people . I also know the government said there were no corona patients and there was because a family member ( a nurse) works with the patients . It does not help with anxiety or trust",Stay safe - Stay indoors -  Save Lives,anxiety,9,1,1,9,9,8,3,3,1,727,142
59,"I feel anxious about it everyday. I pray to calm myself as that helps. Everytime I feel any type of symptom, I get very worried and stressed out. I get anxious everytime I read the papers or watch the news and being indoors indefinitely gives me alot of anxiety. My daughter is tired of being home too and I feel sorry for her. Going food shopping or for any essentials makes me nervous as I worry about the people I am coming in contact with. Being outside, even in the open air, gives me serious anxiety because I fear the virus may be in the air. Sounds crazy but isolation will do that to you. It is just a very trying time. Thankfully, I'm working from home and even as challenging as it has been, I am grateful for something to keep me busy and to still be earning. ",Feeling anxious about the coming days but am grateful to be alive and not have any family member in hospital. Let's stay hopeful and pray this passes too. Stay safe!!,anxiety,8,3,3,7,7,5,5,4,4,772,164
60,I feel fed up and resigned to the current situation. I feel worried about elderly members of the family particularly my father who lives 300 miles away on his own. At least I am happy we are fit and healthy and able to go out for a walk.  I don’t mind working from home too much although not ideal of course.  Being able to see and talk to colleagues helps things and makes it easier to do things. As long as the technology works! At least I am happy when I get things finished or sorted out. Not sure though how upbeat we will be the longer this goes on.,"Another day, same again, at least weather is improving and I can enjoy the garden. ",anxiety,7,2,3,6,7,3,2,4,2,555,118
61,"I feel quite anxious about my family and not wanting any of them to catch it.
I also feel uncertainty with regards to how long we will be in lock down for and what it will mean for the economy when this is all over.
I am enjoying spending more time with my family but i worry about my sons schooling because i don't want him to fall behind.
I am also anxious because we don't know how long it will be until we get a vaccination for Corona or how effective it will be.
I am also worried and anxious about money and if we will be alright in the future",I feel anxious and still a little shocked about what is happening here and around the world with the Corona panedemic,anxiety,6,3,4,6,7,6,3,4,2,549,116
62,"Apprehensive about the future, even though we are very successfully self-isolating we need to go food shopping sometime this week and are apprehensive of avoiding any crowds. 
We have enough tasks to do around the house but are getting increasingly frustrated about not going out and meeting up with our friends
The future still looks rather bleak and when this wave of infection is over there will undoubtedly be a second(and third?) wave in the future. It will be a long time for things to return to normal.",Apprehensive and scared for the future we press on suppressing our  feelings of foreboding and gloom,anxiety,7,3,3,7,7,6,4,8,6,509,96
63,"I am a bit worried but not overly so. I can still work, I'm not ill and I can get to the supermarket without much fuss. The news is full of stories but trying to look at the positive ones. I do feel for those not in my situation. I think the government have done largely whats been required but the timeliness and presentation has been terrible. I haven't been out and its a shame that not everyone is sticking to this. I'm sure we will come out the otherside but I wonder what the long term affects will be.                                                                                            ","I am a bit worried but not overly so. I can still work, I'm not ill and I can get to the supermarket without much fuss. The news is full of stories but trying to look at the positive ones. I do feel for those not in my situation. ",relaxation,5,2,1,2,1,1,3,4,1,600,108
64,"I am one of the people who got a letter saying to stay in for 12 weeks so for me I am not anxious about when the lockdown will end because it won't end for me. I have severe asthma so I am a bit worried about getting it because I have a high risk of needing ventilation and of dying from it. Staying in really isn't an issue for me. I have been living with chronic illness since I was 12 and at my worst I was housebound for 2 years as a teenager so this is nothing compared to that. It has actually been annoying and anger inducing to see so many people complain about the lockdown and staying in, especially if they are middle class/rich with nothing to really worry about, when I have been through worse and was completely ignored and forgotten about like so many others and the key workers are going through much worse too. People are finally experiencing what it is like to live as a disabled person where you have to cancel and grieve for events, stay in for days at a time and survive on what little money the government decides is enough for a week. But still these people can go out and exercise and we still can't. It is also very anger-inducing to see so many people flaunt the rules and go out for BBQs and sunbathing. Also plenty of people going out for 'exercise' are gathering in groups and not observing the 2-meter distance with strangers. I also find it sad that the scientific literacy is so poor in this country. People really don't understand simple things that are being told to them about how the virus works, the symptoms, when to self isolate and what the lockdown means. People are dying every day because of this stupidity. There are also way too many stupid people trying to take down 5G masts because they are transmitting the virus. There are no words for that level. I find there is a bit of toxic positivity and toxic productivity on facebook and social media in general. Like people sharing the numbers of recovered to focus on the positives because everyone else is talking about how many died when these deaths matter. It isn't just the flu. A few days ago a 13 year old died alone and now he has been buried alone with no funeral. I don't want to hear about the recovered because that shouldn't be the focus and people need to be more scared and panicked so they stay indoors and don't get complacent. There should be video from the ICUs on the TV every night to make people think. Many of my friends are taking up new hobbies and getting round to decluttering and finishing those jobs around the house you never end up doing. This is great for them and I am happy they can have some time where they aren't burned out by work constantly but it makes me feel bad because I can't do that. Being as ill as I am is like a full time job and my spare energy goes on cooking, showering and if I am lucky cleaning. I had a migraine yesterday and the most I managed to do was water my plants. I won't be joining my friends in fun creative pursuits and making my space nicer to live in during the lockdown.   I have had some darker thoughts too that maybe we deserve this. I don't believe in any higher power or some personification of mother nature but this has revealed the true nature of humanity in the west. When this started at first people just got really racist ranging from joking about Kung Flu to actually beating up ethnically Chinese people who may never have been to China. Then there was the panic buying of everyone for themselves and protecting their own and screw the rest. A week later I saw images of bins filled with rotting food they had over-purchased whilst elderly and disabled people went hungry because there was nothing in the shops or they couldn't book an online slot. Panic buying continued at pharmacies and now people are short on necessary prescription medication. And now there are people breaking social distancing for selfish reasons like when everyone treated it like a bank holiday and went to Mount Snowdon or just didn't bother because they would be fine if they got the virus. No care about those of us who are the worst affected. Even my aunt who is a nurse went out whilst having the virus to get shopping and medication and could have spread it to many more. It is just a shame that this virus disproportionately affects the elderly and sick and doesn't target selfish and stupid people instead. Now my main worry is about the antibody test because the government wants to get the country and the economy going because money matters most and will possibly allow those who are immune back to work and leave the rest of us behind. It could be that the healthy and young can go back to work and I will still be left behind until there is a vaccine. I really can't risk my life and will lose even more of it than I already have to illness if most people go back to normal. Right now everyone has been dragged nearer to my level so for me that feels okay and something I can live with. My friends are doing virtual socials and chatting online more when usually I have to cancel party invitations and skip nights out. I do have an academic interest in this too as I studied infectious diseases before so it has been frustrating to see the government go against a lot of public health research but interesting to read the latest articles on the biology of the virus. I am probably one of the few who is not getting scared at reading about the virus itself even though I am susceptible to it",To everyone complaining about the lockdown and wanting to go and sunbathe: Stop being so selfish. Us disabled lot have been doing it for years so you can cope for a few weeks without the sun. It isn't worth killing a load of people over a tan #covidiots,desire,6,8,6,3,6,6,6,3,8,5454,1067
65,"I'm making sure that I remain relaxed, as I don't want to cause myself any stress. This doesn't mean I'm not taking it seriously. I am following all guidelines required of me, as it's important that I avoid contracting covid-19 with me helping care for my grandmother, who is 100.
I do feel a little angry, as I believe the UK government took too long in laying down regulations. I also feel they are not doing enough to protect our NHS.
I'm disappointed that a small minority of the general public keep flouting the rules and feel more needs to be done about it.
","Proud of our NHS and keyworkers who are working on the frontline at the moment. I'm optimistic about the future, IF EVERYONE FOLLOWS THE RULES. We need to unite as a country, by social distancing and stay in.",relaxation,5,4,5,4,1,3,6,8,3,564,114
66,"I'm very worried about the current coronavirus situation, particularly for my family and close friends. I'm also concerned that we may not be pursuing the correct government approach, which may lead to a longer lockdown or greater number of deaths. It's very hard to know what to believe in the media, and the conflicting reports are making my anxiety worse. 

I'm also struggling with the lockdown, Although I am fortunate enough to not have to travel, the loss of freedom is affecting my mental health. ","So many questions about Coronavirus, but the more I think about it, and the more news I watch, the more anxious I feel. I'm scared for everyone I know, but also worried about the negative effect lockdown is having on my mental health. ",anxiety,8,6,3,7,8,7,2,1,1,505,94
67,It's a very worrying situation because anyone can catch this virus and it doesn't judge who it takes with it. There is something going on and with the current guidelines people are still flouting the rules and going out unnecessarily. I can't wait to be able to move around more freely and go out when I want to and not worry about catching this deadly virus. Currently I feel anxious about getting this virus as I am a keyworker and have no choice to go out to work. I'm not worried about money as I always have something to fall back on.,"I am feeling anxious about this virus, stay home!",anxiety,5,5,3,3,6,3,6,3,4,540,107
68,The situation is inconvenient but not too serious. Hopefully we will all get back to normal soon. I sense this situation has been exaggerated by the media and we will look back and wonder what all the fuss was about. I hope to be able to go out and meet my friends again soon. I am positive about the future and feel confident we will come out the other side a bigger and better country. I really appreciated the Queen’s speech on Sunday – it was a real morale booster. All We need now is some good weather to lift the mood further.,I'm feeling positive about the future. We can get through this together.,relaxation,2,1,1,1,1,1,5,6,1,532,110
69,"i am feeling scared and anxious about what this holds for the country and economy. i am concerned for my family's finances and health. I am worried about how long and how grave this will be for the world. I am trying to avoid the news, it can easily become overwhelming. i am trying to distract myself and appreciate what I have. I also am trying to help those who have less than me, like vulnerable neighbours. I also ring family members, if i don't  hear from them I am more worried than I normally would be.",Had to quit watching the news. It's easy to become overwhelmed by the daily death count.,anxiety,7,3,5,1,1,2,1,1,1,510,107
70,"We buried our uncle earlier today, I have been at sad funeral before but only to have about a dozen people present when there should have been hundreds just isn't right. It was just not right having so few people there and we are so used to having a big wake for a day or two and then followed up by a proper sendoff as a sign of respect and honour to the likes of my uncle who has just died.There is a fear amongst everyone that any of us could get it so we must follow all the guidance and instructions, self isolate and stay away from eachother for whatever time is needed.",I am not a twitter user so I am not exactly sure how I should be writing this. My feelings are ones of complete fear and we are doing our best to follow the guidelines and advice from those in the know. We know that this is the only way to stay safe and make sure to look after us,sadness,9,5,7,9,9,9,1,2,2,576,118
71,"It's a very scary time as I'm worried about family members and friends especially those with pre-existing illnesses.  I miss my other family members that I don't live with but am relieved the majority of people are following the governments instructions.

I feel very grateful to the NHS and the workers who are risking their safety and their families' safety to help others; they're incredible and are severely underpaid. I also fear that there isn't enough equipment or medication to help people and people will die unnecessary. ",Feeling humbled by the kindness of strangers helping one another during this difficult time.  Thankful for the NHS and the members of staff and scared for everyone.,anxiety,9,5,2,9,9,7,1,1,1,531,93
72,I am worried more than anxious. There have been so many inconsistant information thats it difficult to know who to believe. I am concerned about the financial implications just as much as the virus itself.I am worried  about my child and how he will cope. I feel tired due to mixed sleep paterns and like others totally confused as to what day it actually is. I sometimes feel alone and miss the contact of family and friends. I don't want to celebrate when this ends and just want life to go back to some normality.,"Im tired and drained.Im , trying to see the positive side of  this serios situation.",anxiety,8,2,2,3,5,3,4,4,4,516,101
73,I feel that the Corona situation has brought a lot of upheaval to people's lives as they adapt to social distancing measures and get used to the changes in their daily lives. It has also brought communities and people together as they selflessly help each other through the pandemic. I feel that people will learn a lot once the pandemic is over such as appreciating their freedom and valuing the service provided by workers in the NHS. I think in the future the world will be better prepared in the event that another pandemic arrives.,"The Coronavirus has made 2020 a turbulent year and has brought out the best and worst in people. Please stay at home, observe social distancing and help the NHS and save lives.",anxiety,6,5,3,6,7,5,4,6,2,536,99
74,"Very worried for my family,very bored with lockdown and aching to get back to work ,concerned just how much longer lockdown will last and just want an end to the uncertainty .Boredom is a big issue and finding it very hard to maintain this pace of life,not something I am used to and anxiety us getting harder to cope with as is the daily UK update on those who are sadly losing their fight with the disease, this is hard to hear every day.I have ti continue to caress for a disabled family member which means I put them at risk every time I enter their home","To much anxiety and despair, how's much longer",anxiety,6,1,1,1,7,6,1,3,1,558,114
75,"I am fairly worried about the rising death toll and what that will mean for my family and friends. However, I have been in self-isolation for nearly 20 days now and the crisis feels remote. I am relaxing and spending my time reading, doing university work, exercise and other activities. 

I wonder if I will be required to volunteer at any point during the crisis. I worry that, once my university deadlines have passed, I will feel a bit aimless and without purpose. I am trying to set myself goals in the long term to account for this.",I want to get out of the house and see my friends!!!,relaxation,6,2,1,1,3,2,8,8,2,538,109
76,I feel extremely anxious. I am a high-risk person as I have multiple auto-immune diseases and I have asthma. I think people do not take it seriously enough and people should be following the rules more carefully. They are putting other peoples lives at risks and it makes me very scared. I worry about the future and how long this will last. Things seem so uncertain right now and it is impossible to tell whether it will get better soon or if it will take a long time for things to go back to how they used to.,This time is giving a lot of us a great deal of uncertainty and anxiety. We can show empathy to the world around us by staying indoors. Please keep safe!,anxiety,8,2,2,8,9,6,5,3,2,512,104
77,I've just heard about Boris Johnson being moved to intensive care so it feels very surreal and my anxiety has intensified. I feel unmoored and anxious. I don't see an end to this which is very hard to come to terms with. When i have delay with anxiety before i have told myself things are temporary and will change but this is hard in current situation. I am scared for my children and my parents but there is nothing that i can do. Sometimes it feels so unreal that i can disaasociate from it for a while but it soon creeps back.,Trying to stay positive in lockdown but its hard. Juggling kids school work and my work helps but when will it end?,anxiety,8,6,6,8,9,7,4,3,3,530,108
78,"I am angry about our government not taking it seriously. Not enforcing lockdown as the virus is still spreading and hasn’t peaked. 
I’m scared about catching it and not being able to breath. 
I’m incredibly sad for those who have died alone. This is also something that I really fear! 

I do go out for my walk daily. But I have developed more of a fear of going to the shop for food it seems more risky.
I don’t think we are being given enough information, and direction. 
Italy is still in lockdown. Totally lockdown I do worry and wonder if that time will come for us.

How many more people need to die! 
I’m also hopeful that people will realise there is more to life than social media and money! ","I wish everyone would stay inside and do it for everyone! So many selfish people in the world! Save lives, stay in! 
This is real! ",relaxation,8,2,1,4,3,1,7,9,1,701,144
79,"I'm finding the Corona situation quite daunting and draining. I can't wait for it to end, and for things to get back to normal. I feel things will not be the same again.it's left so many families devastated. I feel so sad for the families that have lost loved ones,  both old and young. For those that are fighting for their lives, I hope they pull through.  I have hope that all will be well in the end.  This shall pass, we shall overcome this by God's grace. We are all in this together as this situation has affected the whole world and not just certain parts of it. I salute all those working in the frontline, the NHS and all those volunteering at this time.",The Coronavius situation has affected a lot of people across the world. I hope everyone is keeping safe and staying indoors. Please follow the government's instructions as it is for our own good. We want this to come to an end as soon as possible so that we can get on with life.,sadness,6,5,5,2,5,7,5,6,4,664,140
80,"I feel quite anxious and worried about the whole situation. I worry about the health of my family,  especially if they have to go to hospital and have to die on their own. I have a grand son who has special needs. He has been waiting for 2 years for help and now we have no idea when he will get the help he needs. I worry about my daughter on her own with a special needs child 24 hours a day , 7days a week, i worry this will break her. I worry about y sons job , he has a young family to support and a wedding to pay for next year. I also worry about the whole economy of the country, i think we will be paying for this for a very long time.","I worry about my family, friends and loved ones. I worry about their health and finances and futures, I worry every day and night . I pray",anxiety,8,4,3,6,9,6,2,2,2,644,147
81,"I feel very fearful about the Coronovirus situation. I'm worried for myself and my partner and our families if we get sick. Within our family there are family members with MS and COPD who we are even more worried about. I am sad that I can't see my family for goodness knows how long, but this is for the best as I wouldn't want to risk giving them anything. I'm worried about work and money, I'm on zero hours agency and my partner maybe being furloughed soon and we are already struggling. I'm angry about the people who aren't listening to the stay in rules and who are just going about things as normal and not caring and seeing friends and family. I think that the country should be put on full lockdown, with no outdoor exercise and strictly only allowed out once a week for food and medicine and that's it. The sooner we lockdown fully and stop these people going out and ignoring the rules, the sooner this virus stops and the sooner life can get back to normal. But the government needs to be firmer with these people not listening or caring. ","Feeling fearful and anxious about the coronavirus and all it entails. The country needs a full lockdown, people still being stupid and not listening and going out, needs to stop to get rid of coronovirus now. We want our life back. ",fear,9,6,2,9,9,9,2,3,2,1052,208
82,"I feel a bit anxiety but not too much ever since we are locked in at home.

I do enjoy working from home and does not miss waking up early in the morning for my commute to my office.  I am happy to avoid the rush hour every weekdays. 

That said, my weekdays and weekends feels the same and can be a feeling of monotony

I go for my daily jog to the local park which helps me reduce my mental stress and cabin fever.

I also enjoy seeing the local wildlife which makes me less stress and more relaxed ",Calm and resilent,anxiety,5,1,1,1,6,2,2,4,2,501,105
83,I feel a lot of anxiety about the virus because you just don't know what's going to happen. I miss my family and not knowing how long we'll be apart adds to the anxiety and makes me upset. Even just doing something as simple as popping to the corner shop is a huge stress now because you're constantly thinking about where the virus could be and how easily you could catch it. Seeing the death toll everyday is scary and reading how it hasn't even reached the peak yet is terrifying. It's hard to adjust to this new life of barely being able to go out.,The corona virus situation is causing me so much anxiety. Not knowing when I'll get to see family again in person is heartbreaking.,anxiety,8,4,3,8,9,7,4,4,3,552,111
84,"It just all so stressful. The virus fallout has disrupted my life, I'm out of pocket & have rent arrears. Getting normal supplies/groceries is a near constant frazzling battle. I'm quite worried about how to resolve these problems, especially as I'm unlikely to get a better-paid job now. I live with my disabled mother who's over 60 so that's another cause for concern for me. On a bigger scale, the global death toll is so saddening. The amount of lives & jobs & families & businesses it's disrupted is astonishing. It makes me frustrated, concerned, unhappy, and exasperated in equal measure.","There's too much sadness, madness, & badness because of Coronavirus. Let's increase the happy, helpful, & hopeful in whatever ways we can.",anxiety,7,5,2,7,9,8,2,4,3,595,117
85,"Right now, I am constantly thinking that I have this disease. Living with health anxiety makes things very raw and drives me up the wall. On the other end of the scale I am happy, and relaxed because I am doing things in the house, that I had been missing, or never had time to do. I have a lot of mental problems and also an eating disorder that I feel could be triggered off with all this. At this moment I am feeling optimistic and ready for the surge ahead, but I am very scared. I think the unknown is a really lonely and sad place and I think that everyone is in the same boat, which does fill me with a sense of power and that we are all going to beat this together. Community was gone and now it is coming back which was missing in our busy lives. A good thing to come from this is that the world can breathe for a moment while we are all stopped in time.","I am feeling anxious today, all pain, or ailment makes me feel like i have the virus, but relaxing watching films makes me happy today.",anxiety,7,3,3,7,8,6,8,8,7,863,189
86,"I am worried and so very anxious. I worry about my own health as well as the health of my loved ones. I worry about the economy, both UK and global. I'm scared that my house move will fall through, it matters so much that we move soon, but I also feel guilt that I'm so upset about a house move when people are dying. I worry about my career, I'm on a fixed term contract in academia - what will happen to me now? Will there be a job for me next year? Will my husband still have a job? Maybe we shouldn't move house after all... Mostly I'm just afraid. All the time.","I feel so much worry and anxiety at the moment, it's hard to distil it down but I fear for everyone's health; now and in the future.",anxiety,9,2,1,9,9,6,1,1,1,566,131
87,"I had only just started to get my life together, and started to do things socially eg, attending lectures, swimming etc. And now that has all been taken away from me. In the sunny weather, I had planned to go to the seaside several times. Again that has been taken away from me. I even lost money on a hotel booking. I will really feel cheated out of this summer. I also feel annoyed, and frightened by people who are in denial, as they still go about their business, as if nothing has happened, potentially spreading the virus. We must all pull together, then the quicker it will be over.","Annoyed that we are not all pulling together. The more we all pull together, the quicker this will be over and done with.",fear,9,5,5,9,9,7,3,5,6,589,127
88,"The current Corona situation makes me feel apprehensive.  Although some countries are seeing a slow decline in rates of infection and death, there is still a lot of fear in other countries. How the world will change when the infection has passed is also a cause for concern.  There seems to be a lot of misinformation being reported within in the media and it is hard to know which sources to trust.  The government are doing a fairly good job but I feel having the antigen tests available would ease some of the concerns.",One day this will all pass and hopefully we will learn valuable lessons from it.,anxiety,7,6,4,6,8,5,4,4,2,522,100
89,"I am feeling sad about the social distancing. A relative is ill and at this time, it is obviously not possible to be with her. It is so worrying.
In the past, I have been fortunate enough to work abroad quite a bit, often in less developed countries. I have made a lot of friends around the world and I am worried about how the corona virus will impact them, especially those who are in countries withour a good healthcare system and those who will not get support whilst they are not working. I am also sad as I do not know when and if we will see each other again. I am sad for all who are suffering with coronavirus and for those who have lost people to the virus. ","Very sad about the coronavirus situation around the world and wishing for it all to improve quickly, for everyone's sake. Hoping everybody will do what they can to stay safe and healthy.",sadness,6,4,5,5,5,8,2,1,2,668,142
90,"I am anxious for the safety of me and my loved ones. I am angry at my employer for their attitude to staff. They have not been protecting their employees or assisting them in working from home. I am very careful about who I am in contact with at the moment.

I believe that the government have not done enough to protect its citizens in the United Kingdom. The workers in the National Health Service are doing an outstanding job, for which we should all be very grateful.

I don't have anything else to say.",# staysafe people. The situation is worrying but I'll see you on the otherside #covid-19,anxiety,8,7,3,7,8,7,5,2,2,507,103
91,"Very nervous at the moment, it’s hard to relax and I am just on edge all the time. Even when I wake up with a sore head or something else you are paranoid in case you have caught it. Worrying time’s and pray it’s over soon. I miss doing the normal basic things like visiting friends and family and I feel it has changed my attitude towards life in general. I work in a hospital myself and am worried I pass it onto my wife. I can accept myself catching it but am unsure I could handle seeing my wife catch it because of me. ","Worrying times, looking forward to a life where there is no virus or lockdowns and not having to worrying about buying the simple things in life. Can’t wait to see my family and friends again and pray for the day when we humans have defeated the awful and horrible disease.#wewill",anxiety,6,2,1,4,7,6,4,4,3,524,112
92,"I'm finding it a little more bearable than a week ago, because there is not quite so much overload of scary information and situations getting exponentially more dramatic - BUT still preoccupied every minute of the day because of the threat to myself and those I know in my age group. So whereas at the start I was wanting to communicate with friends and family, making sure they were ok and being sensible, now it's the getting through it stage. And that is fairly dull and saddening, thinking of all the things in life one is missing out on, on a beautiful warm day in the country.

But let's be clear, the real anxiety-inducing factor is when the politicians and their advisors look like screwing up. I was completely panicked when they talked glibly about the herd immunity strategy, because it was obviously a mass experiment without informed consent. And every day I try not to watch the 5pm briefing, because the performance of Raab, Whitty, Harris etc makes me even more concerned they are inadequate to deal with a national emergency. And that makes me anxious again. I was quite calm today until I caught a few minutes of their latest performance. Some of those mentioned above would be overpromoted if they were in charge of a bank branch in a small provincial town.",Let's all stay distant but social. Be kind. And let's have future generations say we managed to beat this. By staying home on the sofa and waching TV.,anxiety,9,1,1,7,9,4,3,3,1,1277,244
93,"I feel a lot of anxiety due to the fact both of my parents are essential workers and are risking their health every day. There is also a man from my church who is seriously ill and I'm praying that he recovers as he has a wife and child. There is so much uncertainty and there are so many people who still aren't taking this seriously so I think this is going to take forever to get over. I miss the freedom of being outside, I miss my friends and I genuinely believe that things are going to get so much worse before they can get better.

",I am scared but I have faith that this situation will end by June at the latest and that God will heal those affected,anxiety,7,3,6,8,9,7,6,3,5,540,112
94,"I am extremely anxious and worried about the current situation as I am separated from my son and daughter.  I don't know when I will next see them, this causes me great distress. I have daily conversations with my daughter, normally I can reassure her but this is something where I am totally out of my depth.  Trying to be positive when I don't know myself how this will end.  I feel sad when I hear the news and I struggle to concentrate on anything. I am continuing to work from home but not sure how long I will be employed for as I only started the job last month.  I am extremely worried how we will all go back to normal life without catching the virus.  ",How will we ever go back to normal life after this?  I am so worried and am extremely anxious all the time.,anxiety,9,4,4,9,9,9,1,1,1,662,136
95,"I am quite concerned about the current epidemic. I hope that my family and loved ones will be okay and that no one I know loses their lives to the virus. 
I am also worried about the economic impact this crisis will have on the country. I am concerned my employer could make me redundant as a result of this. 
I hope life as we know it resumes before too long as I fine the confinement period a little difficult. I have not seen my family and friends for a while now and hope to be able to see them again soon.","Worried but strong. Together, we will fight the coronavirus. ",anxiety,6,1,1,4,7,7,3,2,1,510,108
96,"I am extremely anxious that me and my family do not get it, as a mother, I worry for the kids, as an asthmatic I worry about myself. I the majority of people are being fairly good, but I am angry at the people who didn't take it seriously early enough, including the government, and at the people who think they are the exceptions to the lockdown rules who put us all at risk. I am sad about how many people have died and suffered horribly, and those who are yet to go through this. I am worried that when lockdown is lifted people will just go back to how they were and now learn the lessons.","People need to realise how self absorbed and greedy we have all become. Be grateful for what you have however little, and make do with that. If you arent literally starving, why are you going out? ",anxiety,8,6,6,7,8,6,3,3,1,593,128
97,"It's worrying how things have escalated as much as it has. I keep up to date with the news and it does make me feel a bit anxious, but I think it's essential to know what's happening. I'm not a high risk person but my parents are, so keeping them safe is a priority. It's frustrating having to stay home but it's the only way to curb things while waiting for a vaccine to be developed. I never really left the house much before the lockdown anyway, although now it's enforced, I now have more of a desire to go out. I've been washing my hands a lot more frequently, and also started to use hand moisturiser to keep them from cracking.","Me: I don't want to go outside. I like staying home.
Goverment: Everyone has to stay home.
Me: I must go outside immediately. I hate being inside
#Coronavirus #LetMeOut",anxiety,6,3,1,2,4,2,5,4,6,634,133
98,"I would say I feel downtrodden, very low low energy, cautiously optimistic, as usual etc.   A few weeks ago, I was unable to sleep with stress/worry and slipped into a depression over the Corona situation last month, thankfully I'm better now, just downtrodden, but not hopeless anddespairing etc.  I feel hopeful, overall positive, etc-  yet at the same time a little sombre, I find it difficult to relax, I am stressed etc.  I am high risk because of my asthma, but as there's no delivery slots, I still have to put myself at risk and go out to buy food etc..I am also a carer for my girlfriend who suffers from mental health, so I have quarantined myself with her in order to care for her a best I can during all of this.","Im doing better now, numbers (whilst not truely accurate, due to a lack of testing) are still pretty scary.  Lockdown will probably last a few months more, by which time numbers will flatten out hopefully.",anxiety,8,4,3,6,7,6,3,2,7,724,157
99,"I'm feeling sad for friends who've lost people they love. I'm worried for my elderly father, aunts and uncles and for friends who are older or who have health concerns. I'm worried for the mental health of friends who have anxiety or depression. I fear that there will be an increase in suicides. And I'm concerned for myself because I have underlying health concerns, and the media seems to be daily assuming lives like mine are less important. I feel disposable to society. And I'm angry that Boris Johnson didn't act sooner to save lives.",So many people are losing loved ones. The NHS are fighting to save us. Stay home.,sadness,6,5,3,5,6,6,2,3,1,541,104
100,"very stressed my daughter has severe asthma so on 12 week  vulnerable people lock down.i spent 35 minutes Friday queuing at chemist for meds that weren't there and 90 minutes today although people weren't close together there was a lot of people and I only live in a village! ive also had to take cat to emergency vet twice and go to local shop for supplies once.im hoping that as I used hand sanitiser tried to keep safe distance from people and washed hands when got home I haven't brought the virus home wont forgive myself if my daughter catches it because of me going out.

",stressed and upset with people being irresponsibile,anxiety,7,4,3,5,7,4,3,6,1,579,108
101,"I'm finding the whole situation very anxiety-provoking and hard to deal with. I already suffer with OCD and general anxiety, and this has been a huge trigger. I feel hopeless about the future in general and like things are never going to get back to normal again. It's like being in limbo, nothing feels completely real and I've been having issues with derealisation/depersonalisation. 
I'm worried about family members and friends and how they're coping, and about side effects such as the chain of supply for food, medication etc being broken.",This whole situation is scuffed. Is it ever actually going to get better?!,anxiety,9,4,3,9,9,7,1,1,1,545,101
102,"I am concerned by the level that people are not following the guidelines. I am disgusted by yesterday's events from both Nicola Sturgeon and the ex CMO Catherine Calderwood, this was no mistake this twice blatantly flouting the rules,. Now many people in Scotland thinks it is all a hoax. So am anxious as this will prolong the mess now. It is bad enough getting people to be sensible without the so called medical expert being a complete two weekends in the running especially as i live in Fife just along the road from her so called holiday home. She should be fined not warned, the police messed up, shpws one law for them and one law for us",Enough already . stay indoors and stop endangering lives of health workers,anxiety,8,7,9,6,9,6,5,4,4,644,128
103,"It is frustrating not knowing when it will end or when things will get back to normal, or even if they will get back to normal. It's hard to believe it won't change society in a fairly major way, although it's impossible to say how.

At the moment, it feels like everything and everyone is in a state of limbo and only experiencing a half-life.

I would say I currently have a permanent sense of low-level anxiety.

I am also angry that the government has clearly not taken this seriously and, even now, isn't doing the things it needs to, in terms of supplying PPE, testing and respirators in the necessary quantities.","The sooner this is over, the better. I'm starting to feel like I'm going slightly mad.",anxiety,7,2,1,3,6,1,3,5,1,619,124
104,"I have various feelings about this.
1. I am anxious on a personal level because myself and my wife both have health conditions which make us potentially vulnerable to this virus, and so we are doing everything we can to minimize risk.
2. I am also anxious for the country, and the world, as I see health services at full stretch and struggling.  I am also concerned for all those at risk of losing their jobs and livelihoods.
3. I am sad for all those who have lost their lives, and for their families and loved ones.  I am also sad for all those who have lost their jobs and livelihoods or are suffering financial hardship.
5. I am concerned for all those living in countries where available funds and health provision are woefully insefficient to protect the population.
6. I am angry with our Conservative government for cutting back on our health service during the last 10 years, and for failing to prepare for such a pandemic.  As a consequence our NHS is stretched to the limit and the staff are under huger pressure.  I am also angry that the government have failed to provide adequate PPE or testing, placing NHS staff in danger, and exacerbating the spread of the virus.  I am also angry that the government initially had a reckless dangerous strategy to let the virus freely infect the population, which would have killed hundreds of thousands of people.  Even when they changed strategy and began to take measures to control the virus they acted too slowly, again exacerbating the situation and costing lives.","Angry with the government for their pathetic response to the crisis, but impresses with the people for rising to the challenge, especially NHS staff.  We will get throuhg this...",anxiety,7,6,6,6,7,9,5,5,5,1521,293
105,"I am anxious about it, particularly as I am a nurse and cannot avoid coming into clost contact with other people (staff and patients) who might be carrying the virus. I am anxious that I might transmit it to my family. I am sad and worried because my elderly father is in a care home and I can't see him and I can hardly bear to think about the possibility of him getting it and dying without his family. I am also angry at the government for not reacting swiftly enough, and for making such huge cuts to the NHS and other public services that it cannot cope with this crisis. ",I'm sad and anxious and apprehensive. I feel that things are going to get a lot worse before they start getting any better.,anxiety,8,2,1,7,8,5,2,5,1,577,119
106,"I feel absolute sadness at the way this virus is indiscriminatory. The speed in which it kills is frightening and to see the death toll rise on a daily basis horrifies me. It saddens me that every day people are putting their lives at risk to save others and there is no way of knowing who has it until it is too late.
I wish that people would take it more seriously, that everyone would adhere to the restrictions that have been put in place for our own good, I feel for the medics who are coming into contact with people who have it everyday and for the people who have lost loved ones and never got to say goodbye. It's a truly horrifying - and terrifying - virus,","Stay inside, save lives. It could be your family next. #Covid-19",anxiety,8,2,1,6,8,8,1,1,1,667,136
107,I feel concerned for my family’s and friends health and for my health. I am worried about one of us contracting the virus as it does not discriminate and people of all ages are dying. I also feel angry and frustrated that people are defying the Government guidelines and not social distancing. Also found some people to be incredibly selfish as well as people who have been extremely kind to others.  I am an admin worker for the NH and am busy working long hours from home so feel proud that I can contribute to the fight against COVID.,Feeling Concerned and anxious about contracting COVID-19. Want all my friend and family to stay safe. This virus does not discriminate and anyone can catch it and be very ill. Please everyone stay home and protect the NHS.,anxiety,8,4,3,7,8,6,4,4,4,537,104
108,"I feel sad. I feel sorry for those who are treating patients, I feel sorry for those losing loved ones. I'm tired of certain politicians. I'm hoping that when this is all over the NHS will be properly funded and NHS staff properly rewarded. I fear for those in poorer countries.

I feel that those that have been inept at responding to this crisis, Trump I am looking at you, will be punished at the polls. I feel that this will be a massive wake up call to those who care too much about material possessions. I feel that for those who survive this, life will never be the same,",I feel that life will never be the same and this epidemic will haunt those involved forever.,sadness,6,2,1,7,3,8,1,5,1,578,122
109,"I thought I would be struggling a lot more than I am so far. I am working from home and not leaving the house and have been doing this for about 3 weeks. I thought I would have been struggling by now and getting upset about it a lot but I'm okay, I've had a couple of wobbles but that's it. I don't think it's really sunk in properly/I haven't processed the situation I'm in personally with being stuck at home as I find it very surprising that I'm coping at the moment. I feel grateful to still have a routine and be working Monday-Friday as I think this is what's getting me by, I feel like the time is passing very quickly.","I kind of feel numb to it even though I feel anxious for the whole world at the same time, it's very strange ",anxiety,7,5,3,2,6,3,1,2,2,626,132
110,"I feel tired, tired of life, tired of wondering if I will die, angry at the Chinese for this, angry that they only admitted a problem because they had too, angry that they eat rubbish because their government doesn't care, angry that once this is over they will still do the same, angry that life will never ever be the same. Angry that I'm off work, no money, no idea if I'll have a job at the end of all this, angry at idiots who try to exploit the system, people who selfishly hog all the food. Why has my life expectancy be shortened massively over China, why as an island are we not safe, why do we let these people in to ruin our very existence.","People are dying for no fault, please think of others and stay in, is it really too much to ask",anger,7,8,9,8,8,9,1,1,1,651,143
111,"I am very worried about the Prime Minister. I think it is awful that so many people are dying and there doesn't seem to be much anyone can do to help it - there is no effective cure. I am sad for not being able to travel to see my family. Right now, I'm just anxious about getting the virus, the virus affecting my family, but also I worry about the Prime Minister. He's not just the leader of Britain, but also a man with a baby on the way. I feel anxious and think about the one or two bouts of coughing I had today and wonder if they are symptoms of the virus.","Very worried about the Prime Minister, hope he recovers soon. Thankful for all the work researchers are doing to come up with a vaccine and cure. ",fear,8,3,2,7,7,6,3,1,1,563,125
112,"At the moment I am going through mix of feelings. There is happiness as we are together as a family, my husband is spending time with our kids more than before, because he is stuck at home. It feels good to take time, not to worry about going out or spending money in shopping.Than there is anger because my son's birthday is cancelled, I can't order neccessary things to bake cake as all online slots are gone for ages, my husband is not so good at shopping but he goes to shops because he is the one who drives.I can't order my son personalised birthday card as I did las 10 years because last 2 weeks it is not possible. Than there is sadness that people are dying but at the same timeI can;t believe that everything is locked, people are staying at home, no planes no visits nothing and statisticly every year from flu die even more people. I find TV and newspapers fear mongering and I am so worried about people with mental issues because beeing on their own without help and no one to turn to in most needed minutes could involve even more uneccessary death.","I wouldn't express my feelings about Corona, it's already all I can see in my twitter feed. I better will add photo of blossoms, because spring is not canceled and staying positive is so important!",happiness,7,7,2,2,2,4,8,6,6,1065,213
113,"I'm concerned for myself, family and friends and the potential impact this could have on them if the fell ill with the virus. My father  and we died just before lockdown (unrelated to covid-19)and we had a very simple burial for him - no church service, and only 8 family round the grave. This makes me sad, and a little relieved as I don't know how he would have coped (with Alzheimers and in a care home) if lockdown had happened earlier. My father-in-law is 96 and in another care home, and I wonder if we will ever see him again. 
Lastly, I wonder what the world will be like after the virus has passed and whether things will ever be the same again","please stay safe everyone, and follow the lockdown rules",anxiety,7,1,2,3,5,2,3,2,1,653,138
114,"very anxious and worried for my family and friends and myself. also worried about my job and also money in general over the next few months.
i am also worried about the nhs and the strain they are under at the moment and also worried about the number of people dying every day in this country and all over the world and that the cases are going up every day ,and show no signs of slowing down at the moment.
i am worried that this could go on for months or even years, and also being in isolation will affect a lot of people mentally, and a lot of people who suffer from depression and anxiety, will find being confined to the house hard to cope with.",the situation is depressing and causing a lot of worry and anxiety.,anxiety,8,6,3,7,8,6,2,3,5,651,135
115,"I feel bored. I feel trapped at home.
I feel upset for my gap year daughter who had to be repatriated from Costa Rica and cannot see how she will get back to finish her volunteering there and in Fiji.
I feel confused. I do not understand the context of this virus. They say there are so many <insert number> infections, deaths etc. but they never tell us how that compares to an average year with average number of flu infections.
I feel worried about the restrictions that may remain in place for a significant time.
I feel unable to plan.
I feel as if I need a holiday!!","I do not now anyone affected by Covid-19, but would like to express my sympathy and best wishes to anyone affected by it.",anxiety,5,2,1,6,6,6,4,2,6,572,123
116,"Whilst I appreciate that this is a unique and historical time, I miss my normal daily life, and I miss being around the people that most care about.  I am worried that my car will not start when I go to use it and that petrol staitions will be closed,  I have a stack of parcels that I need to take to the post office, but I don't want to get shouted at because it's not essential business.  I am a little concerned that my medication will not arrive before what I have runs out, but I am happy that the soap operas are on today because I miss them.  I wish my neighbour would stop thumping around and I am trying to block it out.  ","soap normality, Corona Mondays are the best!",relaxation,6,1,1,5,4,7,5,9,3,632,135
117,"I feel stressed, anxious and sad all at the same time about the situation in the world at the moment. I am a highly anxious person anyway amd this has greatly exacerbated it. 
Anger is another feeling that surges up. The fact that this is happening and a lot of people are not taking it seriously and still going out is beyond me. I am very confused as to what needs to happen to make some people understand the gravity of the sitation. Many people are dying and a lot more will unless people do what they are told. 
",Hope everyone is staying safe and well in this current sitation. We will get through this together,anxiety,7,6,5,7,8,6,3,3,3,517,106
118,"EXTREMELY AGITATED. WORRIED TO POINT OF NOT SLEEPING PROPERLY.  CANT GO OUT AS PEOPLE ARE MOANING ABOUT IT.  FED UP TO THE BACK TEETH.  CANNOT GO ON LIKE THIS FOR SURE. WHAT CAN YOU DO, ABSOLUTELY NOTHING.  REALLY ALL THESE THEORIES GOING THROUGH MY MIND, THIS VIRUS STARTED IN WUHAN LABS BY THE CHINESE, YEAH ITS VERY POSSIBLE DUE TO CURRENT RESTRAINT PUT ON CHINESE PEOPLE BY THEIR SO CALLED LEADERS.  HAD TO TRY AND PUT A FACE ON IT, TO EASE CONSCIOUS SO CAN SLEEP AT NIGHT.....NOT.
TO BE HONEST, THE WHOLE COUNTRY IS FED UP WITH IT.  THINK BORIS JOHNSON HASNT DONE TO WELL AS HE IS NOW IN INTENSIVE CARE AT ST. THOMAS;S HOSPITAL.",TOTALLY PISSED OFF AND IN DESPERATION MODE FOR SURE.,anger,9,1,9,9,9,8,2,2,2,633,141
119,"I feel trapped in my own life. I am stuck in this flat, with my boyfriend that I want to break up with, with no job or income. I was on the verge of a new start and now everything is paused. I also feel hopeless about the prospect of jobs when this is over. I have already been in self isolation for around 5 weeks because I lost my job just before this all happened and of course it's now impossible to get another one. I have felt suicidal and desperate. Tomorrow it's my birthday. I was meant to be in a spa. I just want to escape.",I am trapped in my life,sadness,7,1,1,5,5,6,1,1,1,534,120
120,"I feel some anxiety about how things will develop in the country and in case a member of my family or someone I know contracts it and becomes seriously ill as a result (although I feel this is fairly unlikely). I also feel hopeful that the situation will “level off” and begin to improve. I am limiting my exposure to news reports and only checking this a couple of times a day in order to limit anxiety. I am finding the “lockdown” quite frustrating although also feel fortunate to have easy access to safe outdoor space, I’m aware that not everyone does. I am trying to help elderly neighbours with shopping.","Hope we can all pull together (I’m a socially distanced way, of course) to support each other, follow the guidance and get though this difficult time as best we can.",anxiety,5,1,1,2,4,4,4,5,3,610,123
121,"I feel very uncertain about the future and anxious, financially, for my family's and my own health and for the future of my career. My industry has been completely shut down indefinitely I have no idea when I will be able to go back to work.
I am used to travelling a lot so it is difficult being stuck at home. Both my partner and I are trying to work out of a two work apartment which is causing a lot of strain.
I am unable to go and visit my family and everyone is finding it very hard.
I am afraid to leave my house so I am not even taking exercise outside which is very difficult as I am not used to being sedentary and as I live in a first floor apartment, we have no outside space which is especially hard when the weather has been so beautiful. I worry that when lockdown measures are relaxed that i will still find it difficult to go outside because I will have become acclimatised. The whole situation feels bizarre and surreal to me.",My support is with all of those who are working at the front line and are exposed to danger on a daily basis. Sending solidarity to all those still working and those who are unable to work at this time.,anxiety,9,5,2,7,8,7,1,1,1,945,195
122,"I have been seeing and reading of so many tragic and sad real life situations that many people have found themselves in due to the coronavirus and the situation surrounding it. It has made me feel very sad for those people and it will happen to more in the future. This gives me a feeling of anxiety about the future. There are many indirect consequences of this virus and the I think one of the worst of those is the loneliness and isolation of many people especially the elderly, at this time. It breaks my my heart to think of so many people in that situation .. I am not very worried about my own situation infact I feel very lucky compared to so many others.",The only way to move out of this situation is to not spread this virus. The less we all spread this virus the less tragedy and sadness we will hear about in the future. So let's grit our teeth and persevere with keeping our distance with other people.,sadness,8,3,3,5,6,8,3,4,4,663,133
123,i am a little worried because who woudnt be.At the start of the outbreak when people where not on a lockdown i was more worried about getting it but i fell more secure now that people are at there homes.being on lockdown for me is fine i dont get lonely and i can keep busy.Every now again after seeing a broadcast i do worry but i worry more for others than myself which isnt what i normally do.i havent had a moment of sadness and i am happy and relax but like i mention the worry does come now and again.My sleep and exercise and generl wellbeing is very good as i am taking extra care for myself.,Hi everyone i am doing fine in myself and keeping happy and healthly but if anyone feels down and needs a chat i am here for an online chat and virtual hug.,relaxation,6,1,2,3,4,3,4,2,3,600,119
124,"I am fairly happy but I have been going out each day, usually for a walk but sometimes to run errands for my parents who are remaining in their house. I am a little frustrated at the media portrayal of people just being out in parks as doing something wrong. The pictures clearly show folk sittling appart. It seems to me that folk with cash and big gardens are trying to shame people who don't going out and acting sensibly. I think the government are doing an OK job but I really hope they don't try to become more draconian. When oit and about it is nice that people seem to be nicer to each other and I am hoping that this means we are getting past the Brexit issues. Hopefully the loudmouths on both sides can fade into memory.",Take your time to enjoy taking your time as this may be the last chance you have to do it and when you go out be safe and be nice.,relaxation,5,1,1,1,2,1,5,6,1,732,148
125,"I feel very worried, anxious and fearful for myself, my loved ones, my community, NHS workers, keyworkers (including myself) and all those who have been forced to work to keep a living (not key workers). I am very concerned about people who have lot their incomes and people who are homeless. I am very concerned about people's mental health as well as physical. I am deeply worried about possible continued austerity measures in the longer term for people already vulnerable and struggling. I am angry that more wasn't done sooner - PPE and testing should have been sorted out very early on. I am angry that a minority of people are openly flouting the rules.I am also very proud of our key workers and many others in a myriad of ways, big and small who are playing their part to help. ","Scared, worried, frustrated and angry but also thankful, proud and hopeful.",anxiety,8,6,5,8,9,8,4,4,1,787,157
126,"I feel stressed. I was visiting my Mum to look after her and had been away from home for five weeks and due to go back but then came lockdown so I'm stuck here. My Mum is one of the countries most vulnerable and has received a letter saying so, so I'm worried about her. My partner back in London who I haven't seen in ages currently has Coronavirus and is very ill and I'm incredibly concerned about him but can't do anything.

I'm also asthmatic so worried about myself if I get it and the whole situation is just stressful and draining. ",Coronavirus is stressful and worrying. It's also showing us how a lot of the country are very selfish and only think about themselves. What a horrible situation.,anxiety,7,1,5,6,8,1,1,1,1,540,109
127,"I am worried about the virus and the amount of deaths and the strain on the NHS and other businesses, I am worried that my partner may lose his job and I am fearful of my family catching it, I also miss seeing my family and wish I could be there with them now. I am happy and greatful that my family is safe and well. I know that this is not going to last forever and I'm hopeful that the future will be good. I am lucky to have a job I know is secure for the future but unsure about my partners job. I am hopeful that this will allow the government to see how valuable key workers are and appreciate the jobs that matter more than finances and business men. ","government - freeze anything non essential, all household bills and loans. Then businesses & people have no excuse going outside. People kill themselves over money so dying of a virus doesn't scare desperate people who continue to spread. Take money out of it, make everyone safer",anxiety,5,4,3,6,6,5,7,6,6,659,140
128,"As well as the immediate health threat, scared of the long term impact on society, jobs, economy, relationships, education.

This is so big I can't think about the whole thing, I can just manage one but at a time. So little I can control or influence.

Feel guilty that I am better off than most people in that my job is relatively secure and I can work from home.

It doesn't seem real a lot if the time. Right now have finished work, am watching TV with my family and contemplating making dinner, so pretty normal. But nothing is normal or the same and it's actually quite scary.
","Can't wait to return to normal. There will be no normal any more for some people. What is normal will look very different in future. 

This is all scary : /",fear,7,6,4,8,7,8,1,5,2,582,123
129,"im worried about the amount of people who will get it. also worried about myself and fanily being affected. the lockdown is also very boring and its hard to find things to do. the longer it goes on the more boring it will be, but its important to protect everyone. i also hope the ecomomey can recover very quickly afterwords and that too many people dont suffer as a result. its a very trying and difficult time for everyone. i just hope that everything turns out ok and it doesnt drag on for ages and ages",worried for my family and myself getting the virus. also hope that financially we are all ok,anxiety,7,4,2,4,6,3,3,7,3,507,103
130,"I am anxious about going out incase I catch it, I try to go out every couple of days, but find it difficult to relax when I am out.
Every day seems the same at the moment - there is no difference between weekdays and weekends. I try to keep to a regular routine going to bed at the same time eating meals at the same time with my Husband and son. I go into the garden a lot for a break from the family which helps a lot. I have planted some seeds and waiting for them to appear gives me a reason to go outside in the garden.",This virus is very damaging both physically and mentally,anxiety,8,2,1,3,8,3,6,5,2,524,117
131,"I feel very anxious. I don't feel that I want to do much at this very moment. I don't feel right what I should to do. I feel very uncomfortable and uneasy. I don't feel that I have enough directions and information what is happening around or what should I do. I also feel constantly distrust from information around me. I have also experience insomnia and nightmares. I have worriers practically about everything: how to go to the shop, what I will find in a shop, will my family be Ok, will I sleep tonight.",I feel constantly anxious and uneasy.,anxiety,9,7,7,8,9,3,3,1,5,509,107
132,I feel quite strange and scared to be honest and feel upset that I can't see my family and I feel like I don't really want to go out as I feel safe at home. I just want it all to be over and everyone to be ok which I don't think is going to happen anytime soon. When I do go out at the moment it is just to the shop to get food and I go out to exercise maybe twice a week I miss going out as I like to run with my friends from a running club I am at but cant even do that at the min so having to run on my own which I don't like really.,"I just feel strange , upset and scared and just want my life and family back and safe",anxiety,7,6,5,8,9,8,1,1,1,536,127
133,"I feel very anxious, not being able to do anything with my 2 children makes it that much worse. I feel stressed and I wish people would follow the guidelines, it is very frustrating. I am glad that none of my family have caught the virus so far but it is so scary that they could still possibly get it having to do daily things like walking their dogs, shopping for essentials etc. Although I am really angered and upset that I cannot visit any of my family due to the pandemic. It is very isolating and lonely having to stay in. I hope that this will end soon so we can go back to enjoying the world around us. ","Coronavirus = life ruining, life changing, upsetting, angering, annoying, depressing, anxiety inducing. ",anxiety,6,7,7,7,8,8,4,2,2,612,129
134,"I am very frightened, the news has just come on that the prime minister has just gone to intensive care and suddenly I feel very vulnerable.  I want to pray, I hardly ever pray and I feel so helpless.  I have no idea how this will end.  I feel that the planet is saying “I need a rest from you and I’m punishing you like you punish me”. I want to cry, I can’t sleep and I am so very, very anxious. I am frightened for my grown up children who do not live near me, I miss them and hope against all hope that they stay safe.  One is a key worker, I just want them home with me.",I feel helpless and afraid like never before,fear,9,4,3,9,9,9,1,1,1,575,135
135,"I feel overwhelmed by the constant news and inconsistent advice. I have family and close friends in different countries - here in the UK, Australia, New Zealand, China, Hong Kong, the US, Singapore, Japan and Canada - and everyone seems to be treating it completely differently and have completely different restrictions in their daily lives. I am worried about the long term economic implications and how that will impact people's lives, just as the austerity that followed the 2008 financial crisis caused huge suffering and reduced life expectancy for many. I am frustrated at people I see not following the restrictions in place. Sacrifice doesn't feel fair if some people make exceptions for themselves.",Sunny weather today meant even more people sitting outside and having picnics at the local park - I guess you see how selfish some people really are at times like this.,anxiety,6,4,1,3,8,6,2,1,1,708,127
136,"I am very concerned as I work in a vulnerable care home and suffer from an underlining illness which could cause lots of health issues and could end up in the result of deaths. The way the public are treating this is beyond a joke, they need to understand that the longer they disobey the guidelines set out the more people will suffer and die. If these people were too see the suffering that is occurring by people with covid 19 and how bad they are struggling and how close they are to death they would change their tune and start listening to what they have been instructed.",For the people ignoring the current situation and government guidelines you're #morons #completeidiots #selfishidiots,anxiety,8,7,7,9,9,6,1,1,3,577,112
137,I feel very scared and afraid about myself and my family catching the virus. My anxiety levels are very high at the moment. I stay home with my two children while my partner still goes out to work and I am petrified that he could catch the virus and bring it back to us where we could all become ill. I also know and have read that healthy people with no underlying health issue's are dying from the virus also. I feel lonely and miss my family and social interaction and I think this virus could be around longer than people are expecting which means longer social distancing and not seeing family and doing normal things.,"Feeling scared and lonely, can't wait for this to be over.",fear,9,3,1,9,9,8,2,1,7,623,121
138,"I feel anxious about what will happen to the economy, whether I will have job to go back to and if I will be able to pay my bills when my furlough has ended. I'm scared that i will get Covid 19 and not survive it, even though I am not in an at risk group. I'm even more scared that my eldest grandparents or my mum who has MS will get it and not be able to fight it and will not survive. I'm worried that people are not taking the lockdown seriously Nd are still going out and socialising and therefore risking the spread of the virus.","Scared that people aren't taking lockdown seriously, putting myself, my family and friends at risk. Worried about the economy and if me and my partner will have a job to go back to after our furlough and how we will pay the bills ",anxiety,8,3,3,8,9,7,3,2,3,535,115
139,"I feel really sad about the Corona situation at the moment because my mother has a terminal illness and is alone and  is in hospital and i can not see her at all, if she passes away i feel sad that i could not see her and tell her that i will miss her.I understand the reasons for this to keep everyone safe but its a terrible situation to be in and there is no end in sight.I appreciate all the nurses care and the updates from them but seeing her myself is all i want at this moment in time, and i know my brothers feel the same, also grandchildren want to see her",#Coronavaviruscandoone,sadness,5,2,1,1,3,8,1,2,1,566,118
140,"I feel I and my family are doing all we can to try and prevent the spread of this virus. Myself and my daughter have to work so apart from going to work and essential shopping I don’t leave the house, I have on one occasion gone for a walk but I don’t do this typically every day. It is worrisome but the situation cannot be helped my feeling anxious and worried about it won’t change anything. As long as I follow the advice given I’m confident that I And my family will remain well. I don’t feel this situation will be easily resolved, I feel we have a long way to go, and this could go on for many many months if not longer.","Remain informed, educate yourself with the facts and follow advice.",happiness,5,1,1,3,1,1,5,5,5,627,133
141,I feel scared to go out. I wish everyone would abide by the government rules so it can all be over and we can get back to normal life. I miss my family massively. I am scared for my friends who work in the nhs. I have never followed the news more than I am now. I hope that if i or anyone else in my family gets the virus then we will be able to overcome it and that it doesn’t put us in hospital needing treatment. My husband has no work because of the virus so it is already affecting us without us actually having it.,Please stay at home so my 2 year old daughter can see her family and celebrate her birthday properly.,anxiety,7,1,1,6,9,5,2,2,1,521,115
142,"Feeling a bit down thinking about all this isolation and feeling like a prisoner in your own house.  Never have we had to go through something like this and it is scary thinking about how this will end and when.  Feeling sad that I can't see my children and grandchildren and hope it won't be for long. Sometimes  I feel vulnerable especially when out in the street and people are about, makes you think how easy it would be to spread this disease. I also feel hope that life can be better when this is over and we can rejoice with our families. ","Coronavirus has brought a dark shadow over the globe, we are what will happen there have been so many deaths and it is still rising. The NHS are doing a grand job coping with all the ill people that are coming there ways we must thank the nurses and doctors for all they are doing",anxiety,8,3,1,1,6,6,5,4,4,546,109
143,"I'm concerned about the health and wellbeing of the people I love most. My immediate and extended family along with my close friends. This virus doesn't seem to be discriminating right now and I'm worried someone I love will catch it. I'm also concerned about finances. We're already £500 down in 2 weeks, so I'm worried about how I will pay my rent. I wish the government would announce some kind of emergency funding for those of us who do privately rent and have seen our incomes fall. A grant of £500 a month to help would be really beneficial right now. It wouldn't cover all of our losses but it would allow me to pay my rent! And it would be good if other essential services such as energy suppliers and TV/phone/broadband providers helped with waiving costs for a while given that people are relying so heavily on this service right now. ","Stay inside, protect the NHS, save lives! It's not worth the risk! ",anxiety,7,2,1,5,8,7,2,3,1,846,169
144,It feels like it is not real and that at any moment I will wake up and things will have returned to normal.  I feel dreadfully sorry for all the poor people who have sick relatives and for the families of those who have died.   In some ways good things are coming of this lockdown with less pollution and no planes in the sky.    I miss being able to travel and meet with family and friends.  I am working from home and find I am getting a lot of work done each day because not so many phone calls.  I am enjoying some quality time at home with close family.   I am worried about the economy and all the people who have lost their jobs over this virus.,We need to help the NHS no matter the cost.,relaxation,9,5,4,4,5,2,3,5,3,654,135
145,"I am at home at the moment, with my family, and none of us yet have experienced any illness.

However we are all locked down in the UK at the moment and I am sad that I cannot see my usual friends and family.

We are making the best of it by keeping busy, and trying to eat well, but it’s a constant worry there, as I have asthma so may not fade to well.

Seeing the numbers of dead shooting up across the world every day brings me great sadness for those people and their loved ones, and particularly worry that it may also take someone I know.

We are actually quite content at home without thinking of the wider picture, and I feel that we are very lucky. We have enough food and things to keep us entertained, and we all get along very well, so actually spending more time together is very lovely, apart from the low level anxiety whenever we tv ink about what is happening.","Happy to be spending lots of time with my lovely husband and kids, just wish it was under better circumstances. Feeling very sad and worried whenever I turn on the news every day, wishing the numbers would go down. Much love to everyone affected so far.",anxiety,8,2,2,6,8,8,3,4,1,878,186
146,"i feel sad and lonely and scared , today my husband was confirmed to have prostrate cancer and i want to see my family and i cant. i feel scared.Once lockdown is over i can see my family again but its not the same talking on the phone as opposed to getting a hug and a cuddle.
I just so worry if i will ever see my family again , but then again a lot of people are probably hfeel how i am , I just wish they would get a vaccine and make us all safe again , this has affeted us all in diffrent ways but as my husband is on a pension at lease our money is not affected",Just shear fear and frightended,fear,9,5,1,9,9,6,4,6,1,566,124
147,"Anxious of what lies ahead, when this will be over and if we will suffer more cancellations and delays in ‘normal life’. 
I am stressed of doing homeschooling for my 4 year old and being working from home and being a mum. 

My husband is furloughed from his full time job and main earner but I’m trying not to think about what happens after those paydays and how we will pay the bills.

I am scared of becoming ill and losing even more money and time, I am stressed of not being able to continue with normal chores and life. 
",Why can’t idiots stay home and we can all get this over with quicker.,sadness,7,8,9,7,8,8,4,5,3,526,108
148,"I feel scared, worried and anxious about the whole situation. Just heard that Boris Johnson is now intensive care and this just adds to my anxiety, poor man let’s hope he recovers quickly. I feel worried about the future, about the health of myself and my family and about how things will progress.  I worry for the future and what will happen next. I worry about the economy and the effect this current situation will have on both the economy of this country and of the world.  I feel anxious every day about catching the virus, what that would mean and how I would react to it.       ","Feeling anxious, worried and stressed.",anxiety,8,6,2,4,8,6,1,1,1,586,117
149,"I feel that, as a couple, my wife and I are pretty safe. It's stressful though when she checks the news often. This is my only stress. On the good side I'm enjoying a much quieter lifestyle and it's great to see the levels of pollution reducing. I feel calm, relaxed, in love and that the situation is sad for other people more than myself. I ought to say though that it needs to be noted that I don't fear death.
On a national or global scale I feel the virus is in the balance, people are doing a great job of helping and caring on the whole but there are still people who are un-necessarily spreading the germs.","Leave me alone, I'm surviving well in isolation thanks.",relaxation,7,1,1,4,4,5,6,9,4,614,131
150,"I feel mainly anxiety for myself and fear for my family - I am a front line health care worker, and care for a frail relative, my anxiety stems from being worried about passing on covid to my relative. Work is very very stressful and demanding at the moment, but I am able to leave that at work to a degree. I am somewhat envious of friends complaining at being bored while stuck at home on full pay.... I tell them to stop moaning, enjoy the headspace they are getting and stay home to make my job easier!","Stressed, tired, scared... #Nurse #NHS #StayHomeStaySafe #ProtectOurNHS #ProtectMyColleagues",anxiety,7,1,1,4,8,3,6,5,1,506,109
151,"I am worried about the country and the vunerable people who could catch the virus.  Trying to imagine what life will be like when we come out of lockdown in the uk. I feel that the jobless figures will rise and many firms will not re-open.  I am sure the the uk will comeback from this situation, but I feel life will be different for many people.  Being older it does not effect me too much except for the fear of catching the virus, but for the younger generation they have only ever known fairly good times and being able to buy what they require on credit and feel safe in the knowledge that they will be able to work hard and repay the debt.",uncertain times ahead,sadness,8,3,1,7,8,7,2,4,4,646,132
152,"The uncertainty of this unprecedented situation is deeply worrying. It is the uncertainty that unsettles me the most. How many people will ultimately be affected physically? What will the final mortality number be? What will we be able to learn and ascertain about the virus itself? How will our economy recover? Has anyone thought of the added bill to the NHS for the impending mental health issues this may all cause? It's all just so unknown and the fear of the unknown is the biggest of all. Personally speaking, I feel extremely fortunate to not feel affected though that too may change. My children are thankfully healthy and my parents, too. I was looking after my mother after she sustained a subarachnoid haemorrhage, she was discharged from hospital 3 weeks ago which is unbelievably fortunate timing. We feel very lucky that she managed to get home.","Focus on the positives & don't lose sight of the happy stuff. It's too easy to get bogged down, we all still have a lot to be thankful for!",relaxation,9,1,2,3,1,2,8,9,5,860,161
153,"I feel very anxious about the pandemic at the moment, I am worried about the health and safety of myself and my family during this time. I am overwhelmed by the news coverage and the fear that is being instilled in us. I am scared to lose people I love to this virus, it keeps me up at night and I am having trouble sleeping. I am feeling frustrated that events I had planned and booked are cancelled and I am losing out on money. I am stressed that my job is under threat and I am now faced with financial insecurity.","Feeling very anxious about the Coronavirus at the moment, really worried about the health and safety of myself and my family and hoping and praying nobody is ill. I am stressed with the financial uncertainty and pressure this is causing my family and I. I am very anxious!",anxiety,9,6,1,7,8,7,5,6,2,518,109
154,"I am terrified of my family being ill.  I feel total despair and cannot see the end of this situation.  I am so sad that I cannot travel as that is my passion.  I watch in horror as Trump spouts his insane ramblings putting peoples lives in danger.  The uk government is just as bad, they want the old and ill to die so they don't have to pay as much in benefits.  The true situation in hospitals is being kept from the public and key workers are being put at risk by not being given the correct protective equipment","I am terrified, how will this ever end, hundreds of thousands are going to die",fear,9,9,9,9,9,9,1,1,1,516,106
155,"I feel anxious that I may get it and sad for those who have died. I feel stressed every time I need to go to the supermarket because everything feels unclean and I'm worried that the people around me may have it. I am also anxious about my future plans to emigrate which have been put on hold for the foreseeable future. After ten years of being stuck financially and in many other ways, I am finally unstuck, then this happened. I am trying my best to make my life go on as normal as much as possible in these strange times because I refuse to let the fear and negativity consume me",Anxious about the present and future.,anxiety,5,2,3,4,5,3,5,3,2,583,119
156,"I'm not too worried about myself, more for certain vulnerable people close to me.  I'm trying to minimise our risk but the actions of others around me, especially shopping in supermarkets, makes this very difficult and makes me angry.  People get too close and I worry about their hygiene habits.  Other than in that environment, I'm not too worried about contracting the virus.  But it's frustrating not being able to influence the behaviours of others.  More testing is essential as soon as possible.",Trying to practice good hygiene/etiquette but other people make this such a test.,relaxation,5,4,1,2,4,2,2,5,1,502,93
157,"I feel like the day to day impact on myself is minimal. I’m still going to work but now need to look after my kids as we can’t get childcare after school.

I appreciate that I am very fortunate as many others are in terrible situations. Both myself and my wife are very busy at work as we are key workers. 

I’m mostly worried about the impact on business and how many are being furloughed without much consideration about how they might return to work. A few people from work have been off for a week or more with this and while I’m generally careful, I can’t vouch for the behaviour on others.",A little alarmed at how many are so quick to furlough themselves - you might not have a job to go back to.,anxiety,4,3,1,5,6,3,4,4,3,595,120
158,"At the moment, I am a little apprehensive over what will happen, both now and in the future, but not unduly worried for myself or my immediate family/household.  I am more concerned about my elderly relatives and the long-term consequences for the UK and world-wide economies.  By following the behavioural guidelines issued by the government and health agencies, I am doing all that I can to remain as safe as I can be, there isn't anything else that I can do as far as I am aware.  It would be a great help if the government's position and advice had remained constant and uniform throughout the current crisis.","Stay at home, stay safe.",relaxation,4,1,1,1,2,2,1,5,1,613,119
159,I am so worried how quickly this virus has taken hold .  it scary to see the death toll constantly rising and the pressure on the nhs. i really hoe that we fight it soon and we can all try and get back to some form of normality.  I wish that people would listen to the restrictions and stop putting us all in danger.  i am thankful that we are all together at home and safe.  I pray that all of our family and friends stay safe and dont fall victim to this awful virus.  I cant wait to meet up with all our friends and family and celebrate that we got through.,"very worrying times, going to be a taugh time ahead but we will get through it.",sadness,9,3,1,7,6,9,4,5,3,560,119
160,"The current pandemic is a very worrying time for everyone, I have found that it has made me feel more stressed because of financial worries, as my husband has now been furloughed. 
It has also increased my anxiety when I have to go food shopping because I know the queues will be horrendous, I am also worried about being able to buy food, especially when people were panic buying. 
It has also made me feel very sad that I am not allowed to go & see my parents who have underlying health conditions. It also makes me sad that I am not allowed to see my sister or Nephews. ","How hard is it for people to listen to the Government, stop being selfish & think of others!!",fear,8,1,1,9,8,6,1,1,1,573,117
161,"I feel that this coronavirus situation is a very ugly event for humanity. I also feel that it could end up killing tens of thousands, potentially even hundreds of thousands if preventative measures aren't taken.

However, I also believe that we will get through this and be stronger in the end. Hopefully, it will also lead to long term changes in how we work, the economy, etc. I also think that there will be a lot of research done into this virus and how to prevent such a thing from happening again (as well as general virology research).",I'm confident we will get through this crisis.,relaxation,5,2,2,2,3,2,5,8,2,542,110
162,"Whilst I am sure the Govenment is doing it's utmost best, with Boris Johnson being in hospital the country must be worried.  People who do not stay at home and follow the rules (not guidelines) are very selfish.  We all need to work together to beat it, or we will be back to square one when the rules are relaxed.  I am lucky as I have a garden, and a dog who needs an hour's walk each day, but am missing seeing my elderly Mum and other close relations.  What is annoying me is other people down my road not following the rules.",Please stay at home everyone and follow the rules - it will save lives #stayhome #staysafe,anxiety,6,4,4,5,6,5,4,4,3,530,114
163,"I am anxious about the future. I feel there needs to a full lock down to make people take the threat seriously. I am angry at the people who are choosing not to social distance and sad about the people who have lost their lives, their friends and family and people of the NHS who are working through this.
I am trying to remain positive by focusing on how I can use my time now to focus on a better future by studying more. I am sad that I have friends who are suffering with mental health at this time.
","Wish people would take notice and stay home. Together we can get through this, but ignorance and self importance will not help the situation",anxiety,7,7,8,6,7,7,5,5,5,504,106
164,"Its frightening that in this day and age we have a disease we cannot control. I am disgusted with the Chinese as this disease evolved from them and their lack of hygiene.  The Chinese government should be held responsible and should compensate us for the debt our country will be left with. I hope USA take them to task.i am fearful for members of my family, some of whom are classed as vulnerable,  I am so angry they have been put in this position and I cannot see my family in person for the forseeable future. ",Coronavirus caused by the chinese,anxiety,8,3,7,7,7,7,5,5,3,514,102
165,"At the moment I feel anxious for both myself & my family.  We are keeping ourselves on lockdown as much as possible, not going to shops, only going out to our garden or to walk around the road we live in.  We are finding it hard to book online supermarket delivery slots, despite both my parents being over 70, which makes me feel stressed & anxious.  I feel sad hearing the news and the latest death toll figures so am limiting my exposure to the news.  Our close neighbours have been a support and we have been swapping food supplies when needed etc, the community spirit has been a comfort and reassuring presence.","Anxious times & stressful, but feeling grateful for small acts of kindness from neighbours & forever grateful for the wonderful NHS & all who work on the frontline. ❤️",anxiety,7,1,1,5,7,2,3,2,1,617,123
166,"I am fearful for a lot of things. Mainly how the economy is going and dont really see an end to the situation currently. I dont feel the government are providing enough information regarding the situation. I fear losing family members, parents in particular, due to Corona. I am also sad I cant see family members. At times I feel bored and isolated. I worry about the food situation. It is difficult to get to the shops and get food, but at the same time impossible to get delivery slots. I worry that if I get corona, or abother family member gets it, how well will our bodies cope with it. I have known people get it and come through the other side, but there are so many deaths I worry would I be one of the unlucky ones. ",So much uncertantity and little understanding. A time of devestation but everyone pulling through together. Only thing we know is #stayhomesavelives,fear,7,4,3,7,5,6,4,4,2,726,155
167,"I find this time very worrying as it is the unknown. I worry about my grandparents due to their age and general health, but more so my husband who works for the NHS. He is within the estates department between two hospitals and has had a massive amount of pressure recent weeks planning for the resources for people which has left him very run down and tired. I worry about him getting corona and the fact he is tired. Even though we Are told it is mainly the elderly it is fatal there has still been a large number of cases of deaths amongst the younger population. I am frustrated as I cannot see my relatives I am missing just being able to pop over for a quick coffee of a chat, things which previously I took for granted and I assume the general population did too! ","Very frustrated with the current situation, I cannot wait until the country returns to ‘normal’ if we even know what normal is after this ",fear,8,3,3,6,6,4,6,3,2,771,155
168,I am worried about what is going to happen. I am worried about getting ill and leaving my children behind. I am worried about catching it from work. I miss my family dreadfully and my close friends. I am worried about the impact on my job and career. I am worried about not being able to buy food in a few weeks and my child missing out at school. I hope the country comes out with this and can build itself back up. I am scared that the prime minister is not going to survive since being moved to intensive care,"Terrified of what this disease has in store for my family, friends, career and the country",sadness,8,1,2,9,9,9,1,1,1,512,108
169,I am frustrated at the amount of people not listening. I am frustrated in that my job is being made harder by people that don’t listen. I am worried for my colleagues working within the hospitals. I am frustrated that the number of people that are dying from is not enough to deter those flouting the rules. And the number of people that are making inessential journeys is unbelievable. The staff working to keep everyone safe and those exposed to it whilst treating patients throughly deserve the recognition warranted by what they are doing.,What do people not get?! #stayathome,anger,7,8,3,7,7,8,1,2,2,543,100
170,at the moment i am very afraid for my own health and my families help.i am very worried about my job and my financial position. i am sad and a bit depressed at all the bad news published on social media and television just hope we dont get the virus.my childrens education is in crisis the economy is in crisis the nhs is in crisis and the social distancing laws are making us less connected.no one is safe and the atmosphere is one of anxiety and uncertainty .the future is very uncertain and we wonder how long this crisis will last and how the world will be when the crisis is finally over,corona virus is an disaster we all need to work together to beat this health war,anxiety,9,5,5,9,9,8,3,2,3,592,115
171,"I feel everyone in my country knows what they should be doing to stop the spread and death in this country so if we keep doing that, as most of my friends and relatives are as far as I am aware, then we will be over this in a few months. 

I also feel happy that I get to spend time at home learning my skills.

I am still slightly anxious in case I get it as it can be very serious, and my partner works out of the house 5 days a week in a hospital, so that is slightly worrying.

Overall I feel positive though. ",Feeling positive and that this country are moving in the right direction.,relaxation,2,1,1,1,2,1,3,3,3,514,115
172,"I am feeling very worried and anxious about the whole situation, from the immediacy of my family, or myself, catching the virus and dying, through to the longer term impacts on the economy and the well-being of my family (such as access to work, education, being able to maintain our rented home, accessing food etc). Its made me so bad I am chronically hyperventilating with anxiety, which makes me more anxious :( I just want my life to go back to where it was, as i felt that we were just getting our life on track. I worry that i will lose my work, and end up with no money to pay for our home, our food and that will mean my kids suffer, and i dont want that.",Fed up. Want this nightmare to be over and everyone to be back to their normal lives...it's like a bad nightmare :(,anxiety,9,2,2,8,8,5,1,1,1,664,147
173,"Fed up of the situation, which could have been controlled better if decisions were made before they were.
My little boy is desperate to get out the house and socialise. We are so busy trying to protect older/vulnerable people and the NHS we are forgetting about our little people and the damage it’s doing to them! I feel so sad for him and his sister who have no understanding of the situation and just want to go out and play and go back to nursery. I can cope with my own frustrations but my heart breaks for theirs! ",2020- press fast forward!,anger,7,8,1,2,4,4,1,1,1,520,106
174,I feel depressed and frustrated a lot. I am unhappy with the situation. I am not able to go out and its making me feel frustrated. The government has completely mishandled the situation. This angers me as I feel we could have completely avoided the lock down we are in. I am fearful for the health of myself and my family. I am also angry at people not taking the situation seriously enough and going out the house excessively or for longer periods of exercise than absolutely necessary. They will spread the disease more.,"People are dying. Please take tvis seriously. You need to stay home otherwise you'll spread this to your family, if you dinf care about yourselves, fine.",anger,8,8,9,8,8,8,1,3,2,523,102
175,I am worried about my friends and family. I am also worried about the economy short and long term. I am worried about holidays that are booked - we currently have 3 this year that we must contnue paying for without knowing if we will be able to go or get out money back for them. I am worried about money as i have had my wages reduced and my partner is self employed in construction. This all leads to the worrying about the future of my household. The NHS is doing an amazingly great job but I worry about the strain on them. My anxiety is pretty high at the moment and I hate not being able to go out. I am hopeful that this will not go on for much longer as I miss my family and friends,"i am sad, worried and upset",anxiety,6,3,1,4,8,5,5,4,1,690,147
176,"I do feel for all the people who are sick and as I have asthma I am worried. I wish the government would sort out the PPE
 The front line staff Are in danger. I try not to dwell too much as I am self isolating and not putting myself or any one else in danger. I feel we arent being told the whole truth. I have never lived through anything like this in my lifetime. I miss my friends and family. I am very lucky to have a roof over my head and a garden. I am safe
 Unlike so many other people. The fact this is world wide is very worrying. One good thing is that if this keeps going we may view capitalism In a different way. And if it is true our environment mag benefit. I truly hope so 
",Take heed. Not a pleasant virus. Wash your hands. Sing happy birthday twice while scrubbing with warm water and soap. Don't panic stay positive. There are always people in worse situations than yours. Be mindful of what you do have. Tell your friends and family you love them xxxx,relaxation,6,1,1,4,3,3,7,6,5,690,154
177,"I've been unwell with breathlessness, cough and Temperature for nearly three weeks. Have had phone contact with doctors who have said I'm not bad enough to be in hospital yet. I'm terrified of getting worse suddenly or of my children getting ill. The uncertainty of what to expect from the illness is terrifying. I'm also worried about what will happen to us in the longer term if we survive. It's such a frightening and difficult time. Even rich and famous people can't escape it and the best healthcare doesn't seem to mean anything, people still die. But I'm also worried if I don't have it now, what if I catch it, how will I fight it after having been so ill.",I'm terrified and unhappy - how do I know when I'm unwell enough to need hospital? Every breath hurts.,anxiety,9,5,3,8,9,7,2,1,1,664,133
178,"Feel desperately sorry for NHS staff and the danger they are in.
Feel let down by people not conforming to social distancing.
Feel low about not seeing my partner, family and friends.
Consider myself very fortunate I can cope on my own and entertain myself with working at home, gardening, dog walking and decorating along with relaxing time too, reading, puzzles, TV.   
Worry a little about the long term effects on economy,  getting back to any sort of normal and what will that look like?
The media are asking questions of MPs that they know they do not have the answers to.",Concerned what the future looks like in this new world.  How many people will lose their lives over the next few months.,anxiety,4,5,3,4,6,3,3,4,1,578,115
179,"That's a harder question to answer than it seems, because the more I think about the situation, the harder it is getting to deal with. I'm at a higher anxiety level than [the current] normal as I have just finished the food shopping. Fear is contagious too. Uncertainty about the future and to what extent and severity of the fall out. Mainly, I feel deceived, even weeks on and we still have no clear idea on numbers of deaths/infections. Also doubt, that all my loved ones will be safe at the end of this, I am already bracing myself for awful news.",Imagine the weirdest/scariest film ever- and times it by 100... this is your life now.,anxiety,9,2,1,7,8,6,1,3,1,551,118
180,"I feel resigned to it really, we'll just have to wait and see. I don't mind abiding by the social distancing etc, although it's a bit frustrating that I now have to go out to the supermarket in person rather than getting a delivery which I've always done in the past. 
I'm not frightened or worried. It will pass. It will be interesting to see how the world reconfigures itself after all this. I hope it doesn't all go back to normal, let's have a new normal with some things at least being different. ","This is all beginning to get a bit dull now, but I can live with dull - there are worse ways to be.",relaxation,4,1,1,1,1,1,2,8,1,502,103
181,"I feel anxious because  I have to go out to get the groceries. There is no online shopping available. I don't want to catch this and pass it onto my family, anyone can die from this not just the elderly and poorly. I worry about my husband's work because he is by far the bread winner, but I cannot control what is going to happen. I worry about going to the shops and you can never get everything you need, so you end up having to go to several supermarkets several times a week instead of my usual two shops once a week. We are home all the time, we need more food but the shops have placed restrictions on how many of the same items you can purchase. I don't mind staying home for a short period of time to keep us safe, but I'm having to go out every couple of days to get food there by putting my family at risk.
","Stay home. Stay safe and only buy what you need. Think of others. We are all in this together.
",anxiety,8,2,1,6,8,4,5,4,2,818,176
182,"This situation makes me feel very anxious as I am looking after my elderly and vulnerable father who lives independently but needs care as he is shielding. I am not anxious for myself, just the fact that I could pass this on to him and others. I also worry for my sister who is on the front line within the NHS and is still awaiting appropriate PPE and to be tested. I am also concerned about our economic future as a country and wonder how this will affect us long term in terms of job security. Another anxiety of mine is the children who are vulnerable at home. ",I am feeling extremely anxious as to the effect this situation is having on my loved ones who are vulnerable and also their lonliness and lack of human contact in some cases. I also have close family members who are currently working on the frontline and worry about the impact th,anxiety,8,4,2,6,6,6,4,6,3,565,114
183,"I am scared that my family will become infected. Members of my family are high risk and could easily be lost to this virus.

I am angry at those who are not following government guidelines. They are prolonging this situation by still going out and not practicing social distancing.
I am stressed bout feeding my family without endangering them by going out. As i am carer for my partner, I have had to isolate with him and our young sons. Otherwise i would bot be able to provide the needed assistance.
I am grateful for my friends support. Without these people we would have run out of food a long time ago. ","Im scared, Stressed and angry.
Our household is highrisk and could easily be destroyed by this virus.",anxiety,9,9,8,9,9,8,4,1,1,609,122
184,"I support the UK governments’ current strategy but wish that the lockdown had been implemented at least a week sooner. The warning signs from Italy and Spain were plain for all to see. I also don’t entirely believe the figures released from China and suspect the infection rates and overall death toll is far higher than reported. 

Since the lockdown being implemented, it has really frustrated me to see some people still ignoring the rules (gathering in parks, on beaches etc.) but on the whole, the vast majority of the public are complying. I worry about the exit strategy and whether or not there will be another wave of infections before winter. Although research on vaccines has been swift (it’s been fantastic to see the world pulling together on this) it won’t really be able to help for at least 18 months. 

Finally, I’m also extremely worried about the economy and how long the inevitable damage to that will last. ",Stay home and help protect the NHS - how much easier could saving lives actually be?,anxiety,7,2,3,5,8,8,3,5,3,928,177
185,I feel extremely worried that my or my immediate family will be affected and may not be able to fight it off. My anxiety levels are constantly through the root and I am extremely irritable. I have recently been test for coronavirus myself and this makes my anxiety even higher as I have an idea of the severity of the virus. I find myself googling coronavirus very often and addicted to watching the news and numbers which deep down I know dosnt help me but whilst in the moment I cant seem to help myself.,Coronavirus is here it's real and does not discriminate. It makes you feel worse than you have ever felt before #stayhome #protecttheNHS #savelives,fear,9,2,2,9,9,8,1,1,1,506,99
186,"Very worried, I work at hospital and worried about bringing it home to my husband and children. I frightened of what I may see on the wards as it’s so unknown to me. I am so worried about who I may lose in all this and already know friends family members who have passed away. I’m annoyed at people not social distancing out in public and their ignorance to this extremely contagious virus. I can’t believe people are still socially engaged and mixing in public. I feel they need to make stricter rules so we protect our wonderful NHS 





",Heartbroken that we see our leader in ICU and hope the public back him & send him well wishes. I hope this also makes people wake up to social distancing and realise this highly contagious virus is killing our loved ones & putting extra pressure on our amazing NHS and their staff,fear,8,2,1,8,7,9,1,1,1,541,105
187,"I am very concerned about it all to be honest.  am scare for my at risk loved ones, who are more likely to get it and suffer badly because of it. I am worried for myself, as i don't want to get ill either. I am scared about my work, and how it will affect the running of it going forward. I am scared about my place in the world. I am sad that i cannot see those who mean the most to me, and about all the plans that i have. Not only are they on hold, delayed or cancelled, but i a scared my motivation will never return. ","I am scared. How else can i say it? I am scared for myself, my loved ones, my friends, the work i do and what will the end result be? I am scared that my desire to be the best i can be, and do more has ground to a halt, and it may never regain momentum. I am sad for the world.",anxiety,9,6,3,8,9,6,4,4,1,522,123
188,"I was relaxed until starting this survey. My anxiety started to heighten as I though more about it. I am worried as to how long it'll last. I am fearful for the future but not so much fearful in the present, my thoughts are moving into the future though. things like money and travel are worrying me. The uncertainty around the whole situation is fustrating but i understand the unease around it. It could not have arrived at a worse time to be honest. I am nervous to see how extended family will cope, especially as isolation is very bad for your mental health",wish it would go away,relaxation,6,1,1,4,6,2,6,8,1,562,113
189,I just want it all to be over as soon as possible. I am fed up of lockdown and really miss my girlfriend who is back in Ireland with her family. Every time I go outside for a walk round the block I feel really anxious whenever I see someone from outside my household. I am really fed up of being stuck inside. Having been furloughed I cannot even focus on my work during the week which helped occupy my mind. I am very anxious about my job security and my ability to find another job if I lose my current.,So fed up of lockdown. BORING.,relaxation,7,2,1,3,3,1,1,5,1,505,107
190,"At the moment I feel sad everyday that so many people in this country are dying.  Then I feel fear for myself and my family and friends.  I worry a lot about the state of our finances over the coming months and if this will affect my daughters chances of getting into university.  I worry every time I go out in case I pick the virus up and am trying to limit the amount of times I venture out of the house unless it is absolutely necessary.  I feel dread every time I put the news on, because there does not seem to be any happy news recently, just more doom and gloom.  I feel like we have not a lot to look forward to,","Go away coronavirus, leave us alone to live!",fear,9,6,2,8,8,8,7,2,1,621,133
191,I am worried about the current situation. I am worried either me or someone close to me might get it and die. I am most worried about my wife who is struggling as she can’t go out and is having to look after 2 small children whilst I’m at work. I am also worried what life will be like afterwards. It all has to be paid for somehow and I can see some astronomical taxes and price hikes coming. Although I have a job for now as I’m a key worker this will cost my employers a lot of money and I’m sure they’ll start looking at redundancies to save cash and I hope I won’t be one of them.,Feeling anxious with cabin fever. Trapped with wife and 2 small kids. Send help or chocolate,anxiety,7,4,4,8,9,7,4,4,3,586,126
192,"I am quite anxious as my mum is very vunerable but is so missing going out and seeing people, this makes me ver sad. I am also getting more worried myself about catching it as i have to go to supermarkets to do all the shopping for two house holds and worry that i may take the virus back into the family home. I am missing my grandchildren enormously and we facetime each other but its not the same as being able to give each other a hug. One thing this virus has learnt me is dont ever take normal day to day living for granted.","sad, anxious, lets listen to the advice, bring on the future",sadness,6,4,4,5,6,7,3,3,2,530,111
193,Concerned that not all people are taking the situation seriously and that this could others at risk. I feel frustrated that shops don’t always have want I want because people take more than they need. I feel annoyed when I see pictures of wasted food. I am trying to enjoy being with my family and ensure that my children don’t become anxious about the current situation. I feel as though it is my role to protect my family but by doing essential tasks and some people being ignorant and not following the expectations,Please make the right choices that keep you and others safe.,sadness,3,3,2,5,5,5,5,4,4,519,97
194,"I am liking the time I m spending with my family in self isolation but at the same time very worried about out health as well as everyone else. Thinking about how we going to cope financially, anxious about if we be able to go on a holiday this year. Upset about people dying globally. I am also worried about my brother and his family in Spain as it’s really bad out there with Covid 19. Feeling helpless that I can’t go out to get essentials as we all are self isolating and food is almost running over. ","Hi guys, I am really worried about Coronavirus pandemic globally. Please listen to government guidelines and follow them. Please stay home to save lives and protect NHS. Self isolation is finishing this week and I will be out working from next week so feeling very anxious about i",anxiety,9,6,4,9,9,9,4,5,4,506,104
196,"I am worried and sad about the current Corona situations. I've had to close my business until further notices which I completely understand but I'm also sad about it as I love what I do. 

I am worried about friends and family. I have a relative in a care home and we know that if he gets the disease then it is very unlikely that he'll survive. This makes me feel extremely sad and also guilty that I can't visit him though I understand the reasons why I can't.

I'm also worried about a number of people that I know that live with mental ill health. They are struggling, really struggling and I do what I can by texting and talking to them.

I'm also very proud of my family. My children are now home from university. One of them is waiting to hear about what is happening with her finals and the other is in his first year. I couldn't be prouder of how they are responding to the virus. They are both doing everything they should and shouldn't be doing and they are being very supportive and helping keep morale high in our house. 

Sad, anxious, worried but proud. ","Stay home, stay safe and help protect our NHS. This is serious, people are dying. Phone friends and family. Keep in touch but don't meet up. Sad and scary times but we can get through this if we stay home! ",sadness,8,2,2,8,7,9,4,3,1,1069,217
197,"Feeling trapped within the house, anxious and irritable. Fear fueled by the news. No end in sight. Conflicting information form the government and a constant list of government advisors in the media. Feel like health is suffering, can't get teeth checked. For situation means not able to shop for the healthiest diet. Exercise is severely limited. House is dark and am desperate for fresh air. Not able to see my family or friends. The children are struggling not been able to see their friends. Money worries and the future is not available to view.","Trapped, no control, anxious, worried and can't do the best for my family. There is no future",anxiety,8,2,6,8,9,8,3,1,7,550,107
198,"I'm more worried about mum catching it than anything else.  She's in her 70s and has a hole in her heart so has always suffered difficulties with her breathing and cannot walk far without getting out of breath.  

I've also read a lot of stories lately about people who've been out once or twice since lockdown and have still caught it, so I'm worried about catching it myself and unknowingly passing it on to mum.

Those are my main concerns right now.  I actually don't mind the whole self-isolation thing as I'm happy with my own company and have lots I can do at home.  I'm also able to work from home which alleviates any financial worries.","For God's sake just #stayathome!  It's not about you, it's about protecting our loved ones and those who are most vulnerable, and not putting an unnecessary strain on the NHS.",anxiety,8,1,1,7,8,4,3,5,3,645,124
199,"I feel sad that so many people are dying with this virus, and all the health professionals struggling to keep as many people alive as they can. My health isn't the best and I have to make sure I stay indoors so I can be safe and not catch the virus.  It can be a little scary and annoying seeing some people disobeying the rules and still going out and acting like everything is ok.                                                                                                                      
                               ","So sad, so many people dying and yet some are ignorant enough to ignore guidelines",sadness,8,1,1,3,2,8,6,6,6,532,79
200,"I am worried about the virus but for the first time today I feel more like my normal self. My husband left his work and he contacted them to ask if he could be reinstated and furloughed. They said yes! So I am so happy we are at least getting 80% of the wages. Universal Credit just would not have been enough. The last few weeks I have not felt myself. I have thought about my relationship with my husband in a negative way. We have two children and have not gone out for three weeks. The sun was out today, we had a chat with a neighbour over the fence and things are looking ok finance-wise. I have heard on the news that the number of deaths has dropped slightly and that has given me hope. Cross fingers.",We are all just about managing. Keep smiling. Get out in the sunshine (for a brief while) and it will be ok.,happiness,9,1,1,6,6,4,8,8,3,709,152
201,I am vunerable been told i have to stay home for 12 weeks i already suffer anxiety and panick attacks so im very afraid also brought on with continues cleaning continues washing my hands now an obsession. Although i will do all that is asked of me stay home etc im worried for my family friends and am crying most days . I am also very angry that i cant order the shopping i need i dont want family to go out incase they get sick and finally got order and there was no essentials left. IT SEEMS THAT NOTHING IS GETTING DONE BY THE GOVERMENT AND IM VERY WORRIED THAT THEY HAVE JUST LEFT US ALL TO IT NO DIRECTION AT ALL PLUS THEY LEFT EVERYTHING TO LATE,IM WORRIED WE NEED GUIDANCE FROM PARLIAMENT WHATS GOING ON WHO KNOWS? SEEMS THE PEOPLE ARE RUNNING THE COUNTRY THEMSELVES WE HEAR FROM THEM EVERY DAY SAME OLD THING WHERE IS THE HAPPY NEWS IM VERY ANXIOUS FOR FRIENDS MYSELF FAMILY CITY WE NEED TO HEAR FROM SOMEONE OF GUIDANCE,fear,9,5,5,9,9,9,1,1,1,652,131
202,"I am not worried at all and I believe that even if I do catch it I will recover swiftly. I am also not that worried about my family catching it because they take a lot of precautions regularly and are following government guidelines. I also don't believe that anybody in my family is at risk of dying from coronavirus.

I am feeling pretty relaxed right now and nothing is affecting me. I am in good spirits and good health. I am not feeling down, and I am perfectly fine in financial terms as well. This also applies to my family who are paying bills as usual. ",Feeling relaxed and happy but I understand that others are not in this situation. Stay safe everybody!,relaxation,1,1,1,1,1,1,6,8,7,562,115
203,Finishing work at my dining table. Lovely to hear my kids playing on the trampoline outside and to chat with husband. Enjoying saving cash in things like gym membership so we can build up our emergency fund. Checking the news occasionally but not all the time so no one is getting anxious about the current situation. Enjoying the sunny weather today and having extra time to enjoy it at home now I’m not commuting. Planning to pot up my tomato plants at 5pm when I finish work at my laptop. My garden has never been so weed-free so I’m happy about that,No commute; sunny day; my kids laughing; being with my husband; in work and healthy. Feeling very blessed,happiness,6,1,1,2,2,1,8,7,5,553,108
204,"I am in week 3 of 12 due to health issues. I suffer anxiety and depression. Today has been a bad day as stress and poor sleep patterns are taking its toll. I do not fear the virus even though I am high risk but the tension and need to do something is getting too much. I  have no doubt the world will survive and there will be changes, I think we will live more like we did when I was a child in the 70's and 80's, much simpler with more emphasis on balancing home and work. The ridiculous so called celebrity culture of 4th rate nobody's has been seen for what it is.  ",It's taking a long time but will be worth it. I feel as though the means is worse than the end right now but will look back on this time as a necessary part of our national restructure.,anxiety,7,2,2,5,8,8,4,6,2,570,127
205,I feel like people are not taking it seriously enough and as a result are not abiding to reccomendations like they should. I feel like there is a lot of people passing away that could have been prevented and additionally China are hiding information from us and should be punished as a result. It will be interesting to see what happens the months following on from Corona and how the country and world will change as a result from it. I have enjoyed the time off though and people should take the postives from it rather than only looking at the negatives,It looks as though deaths are starting to slow down but you shouldnt take this for granted as there is still a long way to go until normality can resume. We could begin to go backwards if people go back to where it was previous to this,anxiety,7,3,4,7,8,6,3,2,5,556,105
206,"I feel very nervous with the current situation - I dread to wake up and watch the news - as I don't know what I will learn or what is the bad news.
I tend to follow the news on a hourly rate to keep up to date and again there are some positive articles but then there are some negative articles, and for the negative articles I feel low again. However I try to keep positive and spend time with my family to avoid listening to the news and I don't like to receive any forwards from whatsapp as alot of them is fake news",What is this - lets fight this virus and re-connect the world,fear,7,7,7,6,8,8,6,7,7,519,109
207,"At present I feel slightly anxious and uncertain as to what the future will hold. I am also in some ways hopeful that the crisis we are in will have some positive influence on the future direction of our society. It may lead to a greener way of living, having highlighted the damage caused by unrestrained economic growth. Certainly many of us have time to reflect on our situation now; which can be good for society as a whole. It should also help everyone appreciate how much we depend on one another, and maybe act as a spur to greater equality.","Coronavirus? We can overcome. We can be strong. Stronger together, stronger working together, stronger in unison.",anxiety,6,4,3,5,6,5,3,2,1,548,109
208,"just really stressed out as I am not able to go out or anything and I am a carer for my disabled mum and her anxciety as gone through the roof with this situation. So really stressed out trying to keep my mum calm while also worried out how long this situation is going to last.
and being only able to go out once a day for a walk is not doing me any good as I am a not able to get out for myself and it has been stressful trying to get all the shopping I need to keep me and my parents feed for the week as we cannot get a slot for deliver and it means that my dad has to go out to the shops to get the shopping",stressed out does not even cover this situation for me,anxiety,7,2,1,7,8,2,7,5,3,612,136
209,"Too much talking and panicking about it in the media. There is no other news. keep repeating numbers that are different every day. that's not good for people's health. I am watching news once a day. Nothing else. Seeing people walking around and obeying instruction given by the government make me feel surprise.
As I am currently indoors forced to go on gov. scheme I am trying to get as much from as I can. Small flat repairs and enjoying sun on my balcony. As much as people may think those instruction did not affect my life that much. Did not affect at all. And fnally toilet paper is back on the shelves ;) 
Currently forced to be home but as we are expecting baby I am quite relaxed and impatient. I have all sort of emotion as any Dad to be would feel. Excitement, Fear, Praying that everything will go well and my both girls will be back home with me at the end of this month.",Been together with my other half 16 years. After those couple of weeks I can honestly say she is a decent woman,relaxation,5,4,3,6,5,7,2,9,3,885,186
210,"i am worried to contract the virus as my husband had athsma and i dont want him to get ill, we are both self isolating, but i need to shop once a fortnight to get food, i know lots of people who have got ill and died as a result, i have lost my job due to shop having to close and dont know when this will end.  I dont go outside except to garden, there is only so much you can do when you havent got an income to get new plants for the garden.  Such worrying times my daughter is expecting our first grandchild in august and her partner is a teacher and has to work. ",keep happy everyone and stay at home,anxiety,9,2,6,8,9,5,3,3,1,568,126
211,"I feel so anxious, for my family, friends and my self. I feel sick to the stomach of what we could potentially go through. I feel sad that people are currently living through this. I can't believe that this is happening. Every time i think about it i feel like i am going to die. I am getting scared of going outside and i'm not sure how we're going to get through this and back to a world we knew before. Everytime i hear of somebody else dying i get petrified that someone i am close to will be next. At first i was dealing with it okay, however as time goes on i am truly struggling","Scared, anxious, trapped and the unknown is terrible. ",anxiety,9,6,3,9,9,9,2,2,1,585,127
212,"If anything, I find the current situation very frustrating. I can cope no problem with the lock down situation but now and again I need small things which normally would be a quick visit to the shops but that is not as easy now. Buying online is an option but when you want something now it is not really an option.  We need to stock up on a few supplies but feel a bit anxious with regard to going to the shops and online options are limited as delivery slots are not available. In general I am quite happy as I am attempting to grow some produce at home for the future. If anything, Covid 19 is a bit of a wake up call.",Frustrated and scared at the moment but I will beat this.,anxiety,6,2,3,4,6,3,6,6,6,621,132
213,"I feel sadness at the number of people who have died and their families and friends left behind. It's very sad that these people can't be with their loved ones to say goodbye and can't hold a proper funeral to say goodbye.
Also I feel disgusted at how many people are flouting the rules about staying at home. The pictures of people shown in the press of people going on non-essential trips to shops, parks and beaches are terrible and could result in us going into total lockdown like Italy, Spain and other countries. 

","Sadness, confusion and disgust. #stayathome",sadness,7,3,6,4,6,8,6,6,1,522,100
214,"Quite relaxed being at home with the children although we get a bit stressed when having to venture out shopping. Very worried for our older children who are a nurse and a prison officer. This is something everyone needs to be conscious about and do their bit. Its annoying seeing so many people out for walks, we have even seen kids going fishing. Their parents should be fined and taught to be more responsible, no excuses. Not happy with the herd immunity situation the government put us is, endangering so many and causing so many avoidable deaths","These are extra ordinary times, we have to all do our bit as members of society. No excuses. Get this done.",anxiety,7,1,1,3,7,7,1,4,1,551,105
215,"This is the biggest catastrophy I have lived through - with unknown outcomes - I am at a stage in life where I want to make the most of however long I have left and Coronavirus could negatively impact the quality of that remaining time. I have had difficult times in the past and felt I was now on an even keel and here is something out of my control which will have a significant impact. I want to remain in control of my life but now I have plans I cannot fulfil and I have to twiddle my thumbs and wait for things to improve 
",I am so frustrated by this damned thing - making life impossible for us all,anxiety,7,3,1,8,8,8,2,2,2,529,108
216,I feel sad for all the heartache this has caused people and their famileis. I feel anger towards  the government  beacuse of  the way they have handled this situation. I feel scared that our childrens mental health is  suffering. I feel uncertain about the near future and worried that the worse is still to come. I have no confidence in the way the  experts are handling  the Corana virus. i fear for the world as a whole  and i dread that the United Kindom will overtake countries like Spain and Italy. I do not understand why more testing is not being carried out  and I  am furious that key workers are not bein given the correct proctection uniforms/equipment. The whole situation just seems like a big nightmare.,Stay at home and protect everyone !,sadness,7,7,4,5,3,8,2,5,1,718,137
217,"My mood fluctuates with the current situation. Some days I feel I am coping. Other days I struggle to get myself dress and find life pointless. I worry this is something we aren’t able to fix. I worry for the future of my daughter and what impact this will have in her development. I worry for my nan and my mum and dad to have auto immune conditions. I am a SEN teacher and worry about my students and what will happen if some of them get coronavirus. Most of the time I just wish life would get back to normal. I miss family, I miss friends and I miss the structure of going to work.",Feeling sad and upset. I’m worried this is just something we can’t fix and could be the end of any sort of ‘normal life’ we had before. I wish I could go back in time and savour the normal parts of life.,anxiety,8,6,7,9,9,8,2,6,1,585,126
218,"It is quite concerning, not just the impact the virus is having on those catching it but the future economic impact it is going to have on people’s livelihoods etc. You can envisage an increase in mental health issues, increase in suicides and the potential for social disorder as people struggle financially. Currently due to lockdown you are hearing about increase in domestic violence. For people with other health conditions the requirement to respond to the coronavirus outbreak is potentially proving detrimental to them receiving treatment.","Very concerning, it seems very infectious I.e, transmits from person to person very easily. It is indiscriminate in that a sizeable minority of those infected and dying have no underlying health conditions. Everybody is at risk yet people still ignore social distancing rules.",anxiety,6,2,1,4,6,2,4,4,1,547,92
219,"i am more worried as time goes on. I think it is wrecking the economy and I am worried about the future and how long we will be on lockdown and living this strange half life. I am not concerned about getting the virus as much as I think some people are. However, the fact that healthy people are catching it and dying does make me concerned about passing it on so I am following the social distancing guidelines. I am only walking once a day and trying to limit social interaction. I think the virus has killed more people in China than the official figures state and it is going to kill a lot more people. ","I hate Corona Virus, stay inside as much as possible so we can get our lives back!",anxiety,6,2,2,3,6,4,3,3,1,607,124
220,Mostly just anxious. Not a lot of people seem to be taking it as seriously as they should be and a lot of people could die before their time due to the neglegence of others. From people on the street to people in the government. NHS workers are being thrown to the lions with basically a stick as protection in regards to safety equipment. If there's one hope it's that this whole thing will make people realise how underfunded the NHS has been all this time and how it's necessary to pump more cash into it.,wash your hands and stay at home you filthy beasts,anxiety,7,6,2,7,8,6,3,2,2,509,101
221,"I am scared, anxious, worried and very angry at people not taking it seriously.
I am stuck indoors alone with 2 children, this is extremely stressful.
Scared about losing my job and where money is coming from, this makes me upset.
My job is my """"""""""""""""social"""""""""""""""" life, the only time is see other adults. I am so lonely.
My children are angry and do not understand why they cant go to the park when other kids are there. They think I am being mean which also upsets me.
I am tired of not doing anything (I am actually tired). ",pissed right off #Corona,anxiety,8,8,8,8,9,8,2,3,3,517,118
222,"I am concerned about how the UK government is dealing with things.  They do not inspire confidence. They have been slow to respond, have got things wrong, didn't take it seriously early enough, etc. I have no confidence in them.  I'm quite enjoying lockdown though as I have so much more time and have been able to jobs around the house and the garden which is nice. I feel more in control at home, but am concerned when I venture out because other people are more unpredicable and the government hasn't locked down enough so the disease is still spreading.","Shoddy government reaction and preparation, but loving time at home.",anxiety,5,8,6,6,8,5,5,5,5,557,110
223,"I don't feel as scared as I did a couple of weeks ago. I don't think it will be as bad as predicted in the UK, and I think the daily deaths will peak very soon, if they haven't already. I feel sad and worried about Boris Johnson being admitted to hospital. I feel a bit fed up and frustrated about lockdown. I'm worried that we'll soon be told we can't go out to exercise, as that's the thing making me feel normal at the moment. I'm still slightly worried and anxious about the health of my family members (if they were to catch the virus), although I'm less worried that they'll catch it than I was a week or two ago. I'm sad I probably won't be able to go on holiday this year.","Everything feels so strange at the moment, I'm getting a bit frustrated with lockdown, but I guess we can't end it too soon or we'll be back to where we started. I hope Boris Johnson makes a full recovery, his condition doesn't sound very good.",sadness,5,2,1,4,6,6,4,3,1,680,148
224,"I have become somewhat numb and generally have gotten used to the sad state of the Corona situation and the toll it is having on the country (and the world), however I still feel an underlying sense of anxiety. I feel somewhat restless due to the uncertainty of the future and what lies ahead and how long this crisis will last. I have a feeling of longing to see my loved ones that I have not been able to see during the crisis. I feel slightly upset and angry at people still ignoring the government and scientific advice to stay inside.",Feeling resigned to this continuous stream of bad news and constant anxiety. When will this end?,anxiety,5,2,3,5,6,5,3,4,2,539,108
225,"I feel weary and frustrated, I am identified as a key worker and have been moved to shifts to encourage social distancing and have had extremely early starts in the morning which are tiring. I am unable to stay longer in work to finish up a o as I must avoid the next shift. I worry about my aged mother and I miss seeing my grandsons who I would normally see at least once a week. I get stressed by having to reassure people who are worrying and by having to correct misinformation that they may have picked up on social media. I feel patronized by the Queens speech ",This situation sucks #Covid-19 #Coronavirus #Quarantine,sadness,4,4,4,4,5,7,3,4,1,568,114
226,"I am still concerned about delivery slot availability for grocery delivery. I am on the very high risk and vulnerable register so should be priority but the supermarkets have only just received the list so it's taking time to role out priority. I am obviously concerned about catching the virus but am at home for at least the next 12 weeks other than for my medical appointments. Getting a bit lonely. Missing seeing my mum, who I normally meet for lunch 3 times a week and miss checking up on her other by phone as she is quite elderly and has health issues too.",Getting a bit impatient for a delivery slot. Make me a priority please.,anxiety,7,2,2,5,9,5,4,4,1,564,110
227,"While I am appreciating spending more time at home with my immediate family, I am missing seeing my parents and friends. I don' really like phone calls and prefer face-to-face communications, so it is hard in that respect. I feel a little anxious as to how long this will go on for. I also worry about whether my parents will get ill. It's also hard not having things to look forward to, as you can't plan anything at the moment. I do like having a bit more time to myself (when my son and husband let me!) but I'm also working full time from home so that means I don't have limitless time. ","On the one hand, less pressure; on the other hand, anxiety over no pressure!",anxiety,5,1,1,2,6,3,4,5,1,591,126
228,"Part of me is anxious because I miss being free to go outside and go to places, but I also feel somewhat relaxed because I am fortunate to be in full-time employment and can work from home. I am also enjoying being able to spend more time with my family. I am very busy so cannot fully enjoy the many free leisure activities now available to us!
I am worried in case any of my close family, especially my children or my grandparents, get Covid-19 and what that could mean for us. This would somewhat change how I currently feel about the situation. Although things are bad in general, for my family here we have it relatively good.","Feeling lucky to be able to continue to work at home, but am well aware that many people cannot. If there's anything I can do to help anyone, just ask!",anxiety,7,3,3,5,7,3,7,8,5,631,128
229,"I grow frustrated at idiots who aren't taking it seriously and whose actions and selfishness puts others at risk. I risk my own health daily as a key worker and they show a lack of respect for me in doing so. I lose my voice from directing people and I stand in in the wind to have to deal with morons who can't follow simple instructions like being asked to stand behind the line. I have to stay professional while they go shopping for red bull and crisps, when all I want to tell them is to stay the fuck home. I think the profanity there sums up my feelings on the matter.","It's really simple, stop looking for whether you are """"""""""""""""allowed"""""""""""""""" to go out, and just make an effort NOT to go out. If you don't absolutely need to, then don't. Stay the fuck at home.",anxiety,8,3,1,3,4,3,2,4,1,575,119
230,"At the minute I feel anxious, because I don’t know how we can move away from lockdown without causing another huge amount of cases of coronary. If there was some plan that the public were aware of then this would ease my anxiety but at present the government are not giving anything away in terms of what the next steps might be. Even if they do not know themselves 100% what will happen they must have some options that they are considering. It would be helpful for me personally to understand what they might be",The unknown almost feels worse than what we know. We know the virus can be dangerous but not knowing how this will unfold feels worse. We need a vaccine ASAP,sadness,7,2,1,6,7,8,2,3,1,513,100
231,"Feeling very worried about the future, how it will affect all of our lives going forward and whether a vaccine will be found. Feel sad and anxious to be living like this and hate not having freedom. Makes me feel depressed and bored and frustrated. Worried about my children and finances and how we will manage. Worried about me and my family becoming poorly and how that could end up being catastrophic. I can't stop watching the news and analysing figures and statistics. Waiting for daily totals to come out each day to see where we're at with it all. A very stressful and anxious time. ","Anxious, worried, depressed. Bored and frustrated. ",anxiety,9,1,1,5,7,7,5,5,1,590,115
232,I am very worried about it worried about my family catching it and to loose love ones so scared to come out the house and if I. catch it and spread it it's always on my mine all the time   Can not sleep thinking about it it scares you when you read or watch how many people have catches it and have passed away and that it spreading so fast I worry about my family when they are off to work   Until they come home thinking I hope they don't catch I don the shopping but am so frighten to go to the shops and be around people and many people don't listen and obey the rules it sad to see the world in this situation i have lost friends to this viras,very scared and feel sad in side and worry all the time about it,fear,9,5,5,9,9,8,2,2,6,649,134
233,"I currently have very mixed emotions regarding the coronavirus. I am sad that I am unable to see my parents as they do not live in the same house as me and I am worried about their health and them being safe. 
Although it has not been by choice it is almost nice to pause and have a break from every day life although it is now starting to become a struggle and I am missing the simple day to day things I would normally have the freedom to do. 
I am disappointed in some people who are ignoring the rules and not listening when there are people dying from this awful virus every day.","Feeling sad, worried and anxious about this whole situation but am hopeful that things will get better and return to normal if we all pull together and listen to what we are told",sadness,8,2,2,7,7,8,5,4,3,584,119
234,"My feelings are up and down.  I feel sad at times, fearful for myself and my family, loss of my previous life.  Sometimes I feel happiness at the activities I'm doing with my family, and stress about getting my job done, keeping the house clean and tidy and my child educated.  I feel under pressure from social media to be achieving things during this time.  I would like to be getting healthier but at the same time am tired, sleeping poorly, feeling unmotivated and wanting to eat and drink alcohol.",These are strange times that we are totally unprepared for and have no idea how to react to,fear,8,6,3,8,7,8,2,6,2,502,101
235,"At this moment i time i feel relaxed, i am doing everything i can to protect myself and the people i love and care about. I am staying in and only going out to replenish food supplies every 10 or so days. I feel that i am doing everything that i physically can to protect myself and my family. I am not as anxious as i was last week, i can see that people around me in my local area are also keeping to the rules and advice from the government about staying in and everyone seems to be practicing social distancing. ","Feeling positive about the uk beating this virus, keep in, keep positive, be safe. Stay apart now to make sure we all can come together later",anxiety,7,2,2,7,7,7,5,6,5,516,108
236,"I feel very apprehensive about my future at this current time. I am currently furloughed from my work and don't frankly know if I will have a job to go back to, this in turn increases my anxiety over money, paying for things etc. The actual virus itself whilst being the cause of these issues seems to be the least serious of them at this time. I am complying with the government instructions by not going out unnecessarily but when you see people flagrantly ignoring the distancing rules it makes me angry because they will be the reason for this continuing longer.","Unsure, a little bit scared about the future. What will be left for us to go back to after this is over?",anxiety,7,3,2,6,8,6,1,2,1,566,108
237,I am very worried about the corona virus in particular for my 87 year old mom  son who has immune deficiency due to chemo last year future daughter in law who is a nurse and my daughter who is still working and taking 999 calls. My anxiety levels are very high and am waking up early and working harder to try and take my mind off it. I feel great sadness and have cried at the death toll . One of my sons friend dad who has cancer has died from the corona virus and a local teacher. I just wish things could go back to normal.,dreadful situation very worried hope they get a vaccine soon to all my family and friends please stay at home if possible and stay safe,anxiety,9,6,4,7,9,9,2,2,2,527,111
238,"I am sad that people have to die from this virus. I am anxious to some extent as my health may make me more vulnerable. I am relaxed as I am working from home and my family is as secure as possible. Whilst I appreciate working from home, I realise that there is still a significant risk of catching the virus and fear becoming unfit As the only exercise I get is walking the dog in the evening. I am relieved that none of my family has been ill, but worry what will Happen if urgent care beds are available and one is needed","Sadness rules that people must die, gladness though for the sacrifice of my health workers",sadness,6,2,2,6,6,8,5,5,3,524,110
239,"I feel anxious all the time and worried for my family and friends. I feel lonely as I live on my own and only go out for a daily walk with my dog. I go to the shops to shop for my elderly Mum and then take it to her, leaving it on her doorstep. I hate just talking to her through the door and I feel sad leaving her like that. I am anxious going to the shops and would rather not go but my Mum relies on me. I feel sad watching the news and hearing the figures for the number of deaths that day. I feel confused and disillusioned by what we are told to do by the government and what they seem to be doing. I’m worried we are not being told the truth by the government.","Sad and anxious here, don’t want further restrictions on going out, please don’t spoil it, stay at home, wash your hands, and save lives. ",anxiety,7,2,2,6,8,6,4,4,2,668,150
240,"Worried about my granny, she's got my mum living with her but she's very depressed and has lost interest in doing things (just had a text from my mum asking if I still had a rowing machine as she's trying to get her to do some exercise - I didn't, but she realised she wouldn't have been able to pick it up anyway. Also thinking of my grandad, he lives alone & was just recovering from pneumonia threat had lasted months when all this started so planning to ring him later. I was reading some articles about the situation not long ago so feeling a bit down at the moment.","Worried about elderly relatives and anxious about passing it on to anyone before/without knowing I've got it when shopping etc. Hoping the country comes out of this with greater regard for the NHS & public spending in general though, it has been lacking for too long.",anxiety,6,3,2,1,3,2,2,3,1,571,117
241,I’m very worried about my household catching corona virus I have small children. I’m also really worried about my parents and grandparents catching it they are elderly and not in great health. My husband works for the nhs so is still out at work everyday so even though I’m social distancing with the children it feels pointless as he’s going out picking up germs. I’m trying to homeschool my children one who has dyspraxia and needs to run off a lot of energy not great with a small garden. I’m also sick of seeing people out and about in groups,So worried just keep on staying inside trying to keep safe. Love to everyone xx,anxiety,8,5,3,8,9,6,2,3,6,546,104
242,"I am concerned to a certain degree, although I feel this has lessened since last week, and the week before, when I felt much more anxious. This anxiety and worry is generally about the unknown, i.e. how long this will last for and the effect it will have on my finances. I do also feel a little anxiety in catching the virus itself as the supermarkets are busy and its very difficult to keep socially distance.
I do feel this  anxiety has lessened in the recent days due to being proactive with finding alternative business ventures and looking at a more long term view instead of just the next month or so. This has made me feel more hopeful and excited about the future rather than fearful.",Covid 19 is bringing up lots of fear about the unknown. But there is still so much we can control. Lets turn this negative situation into a positive one by focusing on what we want to bring into our lives.,anxiety,5,1,1,3,5,2,5,1,2,692,137
243,"I am worried as I am on the vulnerable list and my husband is a key worker so he is in and out and he and I feel the risk is high for me catching the virus. Anxious before he gets home. So I feel tense most weekdays, sad as we socially distance, missing a hug.
Frightened as a friends cousin died.
I am feeling happy as I can keep safe though and also because I am loved and supported.
I feel satisfied as I am doing the best I can to support others while they are anxious and or stressed with the fear of catching this  horrid diease.","Please stay at home, you CAN save a life and you won't get many opportunities to do so.",sadness,7,1,1,3,3,5,5,5,3,535,117
244,"I'm terrified. I constantly worry about catching the virus and dying..
I'm not allowed out of the house at all as I am in the most vulnerable group so am feeling very depressed and tearful.
I think it has all been dealt with badly by the government. They should be arresting people who are going out for no real reason these selfish people are killing others with their stupidity.
The sooner people realise how dangerous this virus it's the better, sadly some people just don't care and think the rules don't apply to them.",Stop killing people. Stay indoors.,fear,9,9,9,9,9,9,1,1,1,523,102
245,"I think, as mentioned before, fear is the only feeling I can think of that represents my current mood. Fear about the uncertainty of the virus, fear about getting the virus and not being able to be treated to the extent that I would need/want to as other thousands of people will be needing help at the same time, fear of losing any loved one. As person I always like to plan things in my life and at this moment I feel like im incapable of making any plan about how to move forward from this. All these thoughts and feeling as running in my head constantly every singe day. Unfortunately being from another EU country that has taken humungous measures and hearing daily about the possitive impact that these rule have on my country, I feel betrayed by the UK how is supposed to be a better country, with more resources and better healthcare, as in my opinion government does not do enough in order to protect its people.","Coronavirus is a serious issue that I believe UK people do not take it serious enough. Watch the world news, read articles get educated on this pandemic. The quicker people will understand the importance of having strick measures the quicker this will be over with much few deaths",fear,7,4,3,8,7,7,3,2,2,921,184
246,"I am not too worried about the situation as I believe I am a fit and healthy human being. I am more worried about family members becoming ill with the disease and I am also very sad that I cannot see them at this time. Thankfully with technology these days I can see them everyday through a screen and chat to both friends and family whenever I want to. Its just annoying that I cannot leave the house apart from to get essentials, I live in a flat and with the nice weather we are having its becoming quite a struggle.","Everyone needs to stay inside, I want this pandemic over with so I can get back to seeing my family and friends!",sadness,6,1,2,3,3,6,5,6,4,519,106
247,"Fearful more for my elderly parents than myself...hoping everyone comes out safe. I feel anxious as I dont know about the future. I also find taking each day as it comes helps. These things are put of my control so i will live life with the flow. I worry for my children and hope they stay safe.,, I try not to overthink things because I don't want to worry about the future which is not in my hands. I worry about the Peak in terms of the number of deaths I also worry about out the financial strain on households ",Take each day as it comes and do not worry about the future as this is not in your hands.,anxiety,6,3,2,4,4,3,6,4,4,515,112
248,"Sacred for the whole country, but really scared for my elderly parents. Scared of the financial implications for myself and my husband. Worry that the value of our house will deteriorate and we will be in a much poorer situation as a result. Think that the country will go into a recession. Am now worried that the priminister is now in intensive care. Miss seeing my friends and loosing contact with them. Live in fear of picking something up and transferring it to my parents and worry about them dying",Scared that the virus is going to kill people i love,anxiety,9,3,3,8,8,5,3,3,2,504,97
249,"I feel very worried about the future and what it may hold as there is so much uncertainty with health and work. I don’t sleep well now as the situation seems to change all the time and I don’t feel confident about the future both near and far. I feel other people don’t take it seriously and wish more people would just stay indoors I have stopped taking my daily walk out as there are too many people about and I constantly want to avoid them and not go near anyone.
Seeing the shop shelves starting to get back to normal has been a relief and has put my mind slightly at ease but our local shop still has lots of gaps on shelves.",Feeling very unsettled and worried and can’t sleep for the worry.,sadness,7,4,5,8,8,8,6,6,3,631,128
250,"I'm upset about the situation but not afraid, I am just depressed in general and am finding the situation intolerable. I am sick of people complaining and not following the rules. I have no other feelings either way about this and anything else I am writing is merely to fill the required characters to allow me to move on to the next part of the questions, which I am finding hard to Do. I do not have these many feelings and have fully explained my self and am finding I am getting annoyed because this just keeps making me write more than I care to.",Covid-19 can fuck right off,sadness,5,4,5,5,9,9,1,3,3,552,111
251,"I am very tense about the corona situation. I am worried for my loved ones and my friends, I don’t want anything and to happen to them. I am scared to leave the house and when I absolutely have to I do it as quickly as possible. I want life to go back to normal. I don’t want to be scared of contact with people. I want to be free to go where I want. I’m scared that I will become infected and infect my family. I don’t believe people are taking this seriously and that the police need to do more to protect us. This lockdown is scary but needed. ",I am terrified by what is happening. I’m scared that my family and friends will get ill. I’m scared for everyone.,fear,9,8,6,9,9,9,2,1,1,547,121
252,"Lockdown has to happen for another few months yet and I'm prepared for that and just hoping the idiocy of the few don't spoil it for the rest of us and it becomes a total lockdown like in spain. I don't think the government has done enough and should have gave everyone a basic income so that the economy wouldn't suffer as much and the poorest aren't worse off than the ones who get 80% of their income paid. 

We will not forgive or forget these selfish people who have stockpiled and flauted the rules regardijng social distancing either",Please No More stockpiling and stay inside and don't bloody think it is a bank holiday weekend,relaxation,4,1,2,1,1,7,4,8,2,540,102
253,"With all that is going on at the moment my anxiety levels are very high I really don't want to leave the house even for shopping
I fear what may happen next and to be honest feel quite scared a friend of mine who was a nurse has just died at the age of 29 she was trying to save lives and lost her own
I really don't know what will happen next I feel scared as the death toll Rises each day I worry for my family and friends
Is the scary time in the world with everybody on lockdown also not working at the moment so I have money worries as well it just had the stress s of being in the house
",The death toll is rising each day nobody knows where it will end I am conscious a friends and loved ones who are still working due to their jobs they cannot work from home people need to stop going out if not necessary and remain at home we are putting lives at risk,anxiety,7,2,5,6,8,8,3,2,3,593,125
254,i am calm about the suitation. i dont think theres any point in worrying as long as your trying your best to be safe. unless someone in my family shows symptoms i will continue to work and go shopping. not much has changed for me other than having to stay at home. my kids have been affected more as they cant go to school or any after school activities. once this all settles down we will be complaining about life being so busy again. plenty of holidays and trips organised and everything back to normal.,"I believe that if everyone listens to the goverment advice and stays at home unless absolutely nessessary then we will get through this. Try not to worry as it is only temperory, its not a bad life just a bad time. Keep washing those hands, stay in, stay safe. Support the NHS..",relaxation,3,1,1,2,2,1,5,5,1,506,102
255,"The situation makes me feel very anxious. Anxious for the world, how will it ever get back to normal after this? It makes me feel so sad that people can’t see their friends or family. We all miss each other so much. I know it is for the best and of course We will stay inside to try and help the NHS and to save lives. It just frightens me how bad it’s going to get. The numbers keep increasing, are we at the peak? Is it going to get worse? Are we anywhere near the end? We all miss our family, we all miss our friends. I actually miss going to work! It’s such a huge change for everyone, it’s a massive change ",This Coronavirus is getting scary. How will we ever get back to the way things were m?,anxiety,7,2,1,6,9,5,4,3,1,612,139
256,"I sometimes feel a little bit fed up and sad but I also sometimes feel relaxed and am enjoying spending time with my family. It's kinda a weird situation for me but I know we will get through this together. I/we need to be patient and get through this because I the end our wellbeing is most important for all. The coronavirus will not beat us, we will win this in the end. I can't wait to see my family again in its entirety when this is over. Tomorrow is another day in which we have to ensure everyone possible stays safe and well.",We must abide by the rules and ensure everyone has the best possible chance to get through this,sadness,7,4,3,6,5,8,5,6,7,534,113
257,"Before taking part in this survey, I wasn't even thinking about the corona virus today. Once I began thinking about it, I started to feel a bit agitated and anxious - when will this end? Will I get my summer holiday abroad? Will Boris ban outdoor exercise, because stupid people do picnics in the middle of a pandemic? I am really angry at those people, because they do not respect the others, who follow the rules. Because of them, the whole society might get punished, even though most people are staying at home and not gathering outside. I also really miss my friends and my boyfriend, whom I haven't seen in two-three weeks. It's boring without him and every day just drags on. At least I have my dog, so I am never *too* bored. ",So angry at those fools who decide a pandemic is the perfect time for a picnic - I don't want to be stuck indoors for the next three months! It's already so boring and I feel weird avoiding everyone on the street/in the shop like the plague.,relaxation,6,1,1,1,2,1,6,6,5,734,155
258,I feel very frustrated at some individuals who are not sticking to the rules. I am anxious that they are going to make the process longer and worse. I feel isolated as I am a single parent and also very worried as I can’t visit my dad who is dying of cancer. I feel sad that I may not see him alive again. This turns to anger when I think about the people not doing as their told again because I’m sure if they were in my situation they would be wanting this over with as soon as possible. The public appear to be very selfish and this has shocked me as I thought everyone would pull together,"#annoyed with people not
Following the guidelines #covid19",anxiety,7,3,7,4,9,7,4,6,2,593,123
259,I am feeling a bit scared about the whole situation because of how much it feels like our lives have currently changed. I am also very sad at the number of people suffering and dying due to the coronavirus. It is sad to see the huge numbers of people suffering and dying around the world. I also feel angry at the people who are not following the governments guidelines of staying at home to help save lives and not following the social distancing guidelines. Therefore I have mixed feelings about the current Corona situation.,It is very sad to see the number of people currently suffering and dying because of coronavirus. Please stay at home and follow government guidelines.,sadness,9,6,5,8,5,9,1,1,1,527,99
260,"Anxious about the behaviour of others.  I'm socially distancing myself and actually going back to work in a clinical role to support my colleagues, but there are lots of selfish people who are just not appearing to take the situation seriously or are taking advantage of the situation.  I'm fearful for my parents, in-laws and other relatives who have underlying health conditions / are vulnerable and aren't getting the support they need.  I am thankful that I had a relatively minor case of Covid-19 (I'm 90% it was Covid) and that it didn't affect me or my husband as badly as some people.  I'm also thankful that I have a supportive husband who is helping me to take my mind off of the anxiety that I'm feeling at the moment.",Please please please listen to the government advice.  I'm not putting my life at risk for you to abuse the current situation!,anxiety,6,2,2,5,6,6,1,3,1,729,140
261,"I am currently in day 8 of self isolation due to having a cough. I have spent all the time at home with my family and I feel very chilled out and just enjoying the family time together. Coronavirus is scary but by staying inside, I have less of a fear of it as I am not near other people. I feel very happy and I have managed to get a few jobs done around the house and I'm spending valuable time with my 2 year old which, as a full-time working parent, I don't get to do all of the time so it has been nice albeit not the nicest of circumstances. ",I don't think that life before coronavirus is for me. Sitting at home in my pyjamas and baking lemon drizzle cake is more my style. Can this not be real life please? Minus the coronavirus of course,relaxation,6,4,4,5,2,4,5,6,3,548,120
262,"Absolutely terrified, felt like I had coronavirus but was never tested for it. Deeply anxious and very isolated, feeling quite sad as well as th eWorld is at a standstill. Know many people through social media/news who have been infected etc and therefore more anxious than ever. Furthermore really scared about getting help for future medical hospital appointments, as it feels like there’s a greater risk of contracting it by attending those. Haven’t stepped out of the house in 3 weeks. Worried about university (it’s my final undergrad year). I’ve been furloughed from my work as well, so I’m poor right now.",Absolutely terrified with all this corona news :( #staysafe,anxiety,9,6,6,7,6,6,3,3,4,612,117
263,"I am very stressed about the situation. My main concerns are the way it effects work initially as that provides day to day stress. I am also concerned about my family and making sure they are all provided for and that my extended family is looked after. I am concerned that people I know may get sick and in the worst cases die, and I am scared of losing someone close to me. I am also bored when I am at home and stuck in the house, and upset that I can’t take my daughter out anywhere that she would normally enjoy, and angry at the people who are clearly not following the government advice ",Worried for family and friends. Do the right thing and stay indoors,anxiety,6,2,4,4,7,5,3,2,3,594,122
264,"I feel if everyone obeys the rules we will get through this. However too many people are not so it will be ongoing for a while. The whole thing is very frightening and the slightest cough makes you wonder if you have caught it. I think the government are doing a good job with the advice from the scientists but the general public, especially in cities are not taking it serious enough! Being unable to see loved ones is hard but thanks to modern technology it has become bearable. When the crisis is over then serious questions must be asked of China, starting with why they sat on the epidemic so long before warning the rest of the world. ",Figures from Italy and Spain are encouraging. If we follow the rules we will be turning the corner quicker. These are scary times. Please be sensible,anxiety,6,6,4,6,7,6,3,2,1,642,127
265,"Very worried I might get it if go out for supplies and angry that no emergency measures so everyone could get deliveries so they did not get infected.
even more worried 82 year old father,my only family may get it and die,do no want him to suffer and afraid too,of being alone and having no money.
sad and annoyed and disgusted at all the problems that almosteveryone is suffering from,
sad about the deaths
worried about future for self and many others.
Disgusted there seemed no government plans in place and so little stocks of basics for nhs and everyone","sad for everyone suffering,worried about the future and disgusted that the folk in charge clearly had no decent plans in place for pandemics",sadness,9,3,3,6,7,7,3,3,1,558,110
266,"I feel a little anger at the government who I feel are not always using logic and common sense in their approach to dealing with the covid 19 situation. My main worry is for how the long term impact of the situation will effect my ability to live my """"""""""""""""old life"""""""""""""""", and effectively plan for the future. I feel fear that the economic impact will leave so many people unemployed and helpless. I feel some relief that my elderly mum with Alzheimer's died just before the coruna virus started because it would have been incredibly hard to maintain her care with all the restrictions in place. I'm worried still about protecting my dad who had cancer. My strongest emotion is sadness, at how many people will suffer long term consequences in terms of health, mental well-being, and financial capacity.",I could deal with this virus if I knew things were definitely going to improve for me & society as a whole.,sadness,7,6,3,6,8,9,1,1,6,794,153
267,My grandad is currently hospitalised with the coronavirus so I am feeling sad and anxious about that at this time. I am worried he is not going to survive and that I won’t be able to be there for my grandma. I also feel angry that this has happened and feel that this is an attempt at a population cull that has escalated out of hand. I feel anxious that other members of my family will contract the virus as well. I feel angry that some people aren’t following the lockdown rules and don’t seem fazed if they contract or spread the virus.,"I feel sad, anxious, and angry. It is disgraceful that people are not taking this seriously. ",sadness,9,6,2,8,8,9,1,2,1,540,108
268,"I am really angry with the incomepetance of our government and their lack of using the time they had to prepare.
I am also worried out family members who have the virus. They live in seperate households and are not old but one is immunesupressed and I do worry. I am also scared for my elderly parents who are both cancer survivors. I am also tired of being scared every time I go out - which is hardly ever, as I am asthmatic and have had pnuemonia three times so am vulnerable to the virus. It is also uncomfortable on my hands as I have sensitive skin and strong soap aggravates them.",Our incompetant leaders had the time to take steps to aemeliorate the damage and failed utterly. The dead and the damaged are on them. They should resign.,sadness,9,6,3,6,7,8,1,2,1,587,119
269,"I am feeling really anxious about the whole situation, both because of anxiety surrounding possibly getting Covid-19 and being very unwell and because of the changes to our way of life.  I don't cope with change of any sort, even small things like a weekly appointment at a regular time being altered and there have been so many changes that I am unable to cope.  This has caused my anxiety  levels to increase to levels I haven't known for years.  The anxiety is also preventing me from going out.  I have a terrible feeling of fear as well, about what the future holds.  I think that this is making me feel that something bad is about to happen all the time and is having a knock on effect on my level of anxiety.",Coronavirus situation is causing fear and anxiety remember stay home and safe.,anxiety,9,5,3,9,9,8,1,2,1,715,142
270,"I feel anxious and worried about my family and friends. I worry about all the people I know and love who work for the NHS. I am scared of leaving the house, scared for my own health. I don't enjoy going to the shops at the moment as it feels really scary and like people don't respect the distancing, they all come too close and I get scared. 

I have been ill and was worried the entire time that I wasn't going to get better. My chest was painful and it was scary not knowingwhat would make me feel any better.

I am angry and frustrated by being stuck at home. I keep arguing with my wife",I feel powerless and sad about the whole situation and everything that I have had to give up.,anxiety,8,4,2,7,8,7,4,5,2,591,126
271,"I am a little anxious about catching the coronavirus myself, but more than that I am concerned for friends, family and wider society. I am thankful for staff and health workers who are working to fight this disease, but also angry that they do not have enough supplies or facilities to enable them to do their job properly.

I know this tough period must be done to help the wider society, but on a personal level, I am finding it hard to be locked down in my house all day. I do not have access to a garden and I am very much missing being able to go outside, in nature. I am alone in this city, along way from my friends and family. I am lonely and very bored from sitting in my small apartment each day.","Feeling a little anxious about the Coronavirus situation - but more for friends and family for myself. Feeling very lonely locked in my house for days at a time, but I am prepared to endure this for the greater good.",sadness,6,4,2,5,6,8,3,3,1,706,151
272,"I feel like there is nothing that I can do about the corona situation and things just have to run their course. I only go out once per week to get my shopping (which is a slight disruption to my routine, but I like the supermarkets being less busy). My husband and I can work from home. My family and friends are all self-isolating so I am not too concerned about them. I am annoyed at some people disregarding the rules, but I can't do anything about their stupidity. I do not mind being indoors because I have loads of things to do and I am lucky to have a garden. I am super grateful to all of the key workers that are keeping the supply chains going and providing medical support, etc. I am concerned that people may lose their jobs and the way in which the economy will be hit. ",If everyone stays at home then coronavirus will be over sooner and everyone will benefit. I'm doing my bit... I just hope that everyone else is too... considering it's pretty easy to just stay at home.,relaxation,4,1,2,2,4,2,4,6,2,783,165
273,I’m extremely anxious and scared about the Coronavirus and the impact it will have on the world. I am worried about my elderly family getting the disease. I am worried about taking my son to the shop for food in case he touches anything. I also feel anxious about how long the lockdown will last and the effect staying at home will have on my mental health as well as a lot of others mental health. The world will be a very different place after this and society will have to learn to adapt. Also I am worried about properties and moving as I am meant to do so soon and wonder how this will be impacted.,"In these times, my anxiety is absolutely through the roof. Overthinking and worrying about every single thing. Can’t wait for this to all be over",anxiety,8,3,1,7,9,7,1,1,1,603,123
274,"i am very concerned for the future. An end to the pandemic could be some way off and I think a lot more people could die. What happens when it is all over worries me as well. The economy will take a long time to recover and we could be in for a long recession.I am trying to take it one day at a time.Working from home and trying keep busy to take my mind of worries. I am fairly angry with the way the Government has dealt with this, Some of the spread of the virus could of been reduced if action had been taken earlier.",stay home and stay cool,sadness,8,6,3,6,5,6,4,4,4,522,113
275,"I am very angry at the moment because people are not listening to the rules, for instance do not congregate, do not meet family and friends, stand 2 meters away from each other.  I am so angry because if people do not comply then this virus will take forever to be cured.  My neighbours are complete lunatics, they are having parties, load music, walking around as if nothing has happened.  I am fuming, I won't to report them, but I cannot as they live next door and I don't want any trouble.  Also I go out for a walk in the fields near where I live as I have diabetes and I do not have a clue how my sugar levels are and I would guarantee some uneducated peasant will be walking directly at me which makes me so angry ","I am fed up with uneducated peasants who seem to think that they can just carry on as usual with their lives and not take any precautions or have no consideration for other people.  I am so angry and fuming, I just want to report them all.",anger,9,9,5,9,5,5,1,1,6,721,152
276,"While I can appreciate the anxiety others are experiencing, I don't feel overly worried. I am in the middle of self isolating and will return to work like normal later this week. My job will not massively change. My life hasn't massively changed. My partner is struggling employment-wise but this doesn't worry me much either. A patient I work with was diagnosed with covid and despite many complex physical health needs, has made a full recovery. Infection rates are dropping. I feel quite hopeful at this time.","Infection rates dropping, clarification around social distancing provided. We are getting through this, we just have to keep pushing!",relaxation,3,3,2,7,7,8,4,8,1,512,97
277,"I am quite worried at the moment. I have not been sleeping well, which is quite unlike me. My dreams are rather scary at the moment. I do feel a sense of relief when I wake up in the morning that I don't actually have to go into work, but then I remember the reason why, and I get quite anxious. I am always thinking, what next. All through this though, I try to reassure those who are older and more vulnerable than I am.
I would hope that my anxiety level doesn't cross the telephone divide as I wouldn't want them to know just how scared I am. I am also wondering if I should discuss with my family about whether I would want to be resusitated if the worse should happen.","And this is one of the things I was worried about with this virus, that it would cross the human and animal divide. I am so worried about this whole Coronovirus situation and wonder what is going to happen next.",anxiety,8,1,2,7,9,5,3,3,1,674,146
278,"I am very worried about the virus and that myself or a loved one might catch it. I am practicing isolation as much as possible and am not leaving the house in fear that I might catch it or pass it on. I am only leaving for the shortest period of time possible to get anything I absolutely need.
However I am glad that the planet is getting a break from pollution with less cars and planes, that communities have pulled together to look after each other and show support and that people are thinking of ways to be less wasteful and greedy.
People are thinking of new ways to use food so it doesn't get wasted and more people are thinking about the things they really need rather than things they want.","I am scared out of my mind and trying not to think of the worst possible outcomes but also trying to look at the positives- less waste, less pollution and people coming together. You have to try to look on the bright side!",relaxation,8,1,4,7,7,6,5,7,5,700,139
279,"Very frightened. Scared of the unknown and how it could be caught by myself or my friends/family. Not knowing if the cough that I have is related to the pandemic or if it’s just a normal cough. Currently still in work albeit working from home. How long with this last for? Will my pay be effected soon? Will I loose my job? It seems a very small issue compared to all of the above but my health as in my weight and mental health. 
Anger. At the people that arnt listening. That are still out and about. If they aren’t following the rules of staying in I have no faith that they are washing their hands! ",Anxious. Extremely anxious about what tomorrow will being. Everyday brings more sadness and fear,anxiety,8,7,7,8,9,7,1,1,2,603,130
280,"Feel worried, concerned, uncertain, fear, anxious, a lot of thoughts. Fear of contracting the virus or family and close ones. Uncertain about the current situation and future, worried about job, financial income as currently not working, and work has been paused. Scared, and feeling some sadness and anger received from racial discrimination from people due to the coronavirus as it has affected everyone. Safety concerns and whether or not to go out for groceries, worried about who may or may not have it","Fear, anxiety, uncertainty, and worried. Hoping everyone stays home and stays safe",fear,8,1,1,2,2,1,9,8,5,507,97
281,"Constant feeling of worry for my family's safety as they are all key workers. As I'm not living with them I worry if I go a day without hearing from them.

Annoyed at the people who are flouting social distancing rules, especially if it results in daily exercise no longer being allowed for the rest of us who are following the rules. 

Trying to filter out the media that is trying to scaremonger, but daily death toll makes it hard to not take the threat to public safety seriously.                                                                                                                      


    ","Brain is frazzled, missing my family but I know it's for the greater good.",anxiety,8,2,2,8,8,6,5,5,2,609,95
282,"I am worried for the safety of my son as, of course, I still have to leave the house and am fearful of contracting the virus while out or passing it along to him. I am a little angry (though rather more annoyed) with people who flout social distancing guidelines and continue to meet in large social groups or travel unnecessarily as they are preventing others from returning to normality.
I also worry that I go out too much, however these are only for trips to the shop for food for myself or vulnerable family members, though I know there is more I could do.",Is there a particular reason people aren't staying inside? Feels like I've been inside forever.,anxiety,6,3,4,6,8,6,1,3,3,561,114
283,"I feel extremely worried about my family, friends and myself it has caused my anxiety to massively spike. I am sad I can't go and come as I please. Completely overwhelmed by this situation and the unknown outcome of what happens and how life will be on the other side after this is over. I am fearful that I and/or my partner will lose my job. I am particularly worried for the long-term effects of our way of life. Feel quite helpless as it seems society is ready to judge or turn on each other. It is very depressing especially when you realise we are no where near the end of this horrible pandemic.",Am extremely worried and overwhelmed about the well-being of loved ones. Worried how society will recover from this. Just seems so depressing with no way out.,anxiety,8,3,2,8,9,8,1,1,6,602,124
284,"I am worried that a large part of society is not respecting the lockdown and that makes me afraid more people will suffer as a result.

I am afraid that my family or I may get it and what if we have underlying conditiond we are not aware of. 

Also, its impossible to get medical care for anything else at the moment... I have had issues that have not resolved for three weeks and still have another week to wait on a blood test they told me I will be turned away from if I have a temperature... I have a suspected infection... So my temp is higher... I am afraid I will get ignored. ","Your mental health will be better if less people die, stay home to save lives. ",anxiety,6,2,1,5,6,3,4,3,1,584,131
285,"I have had two job offers taken away from me due to this situation, untold frustrated at this as I worked really hard across several interviews. The level of mismanagement of the situation by the government is appalling - no plan, no idea and no planning. Shambles.
People are being used as cannon fodder, NHS staff, gig economy staff are all being sacrificed in the fights to save lives. 
Lies upon lies, denial and more lies by the government leadership team, they don't know their numbers nor do they have an ability to tell the truth. 
Our family is separated due to age and health, no government support to care for them, community, family have done more for them than the government has. 
The lack of planning has led to this ongoing outcome.",Covid19 will break this government apart and it will be for the benefit of the country going forward.,disgust,7,6,8,6,7,6,4,3,3,748,149
286,Slightly worried as I'm in a high risk category but am doing everything I can to keep safe and occupied mentally and physically while I remain inside most of the time. I feel lucky to have a garden to relax and exercise in. Concerned about older relatives around the world and how other places such as the US are tackling the situation. As I'm self-employed there's a constant sense of anxiety that I haven't been able to work for several weeks and government help won't be coming as quickly as would be useful.,Finding the best way of dealing with Corona anxiety is to bury myself in a good book for a few hours,anxiety,7,1,1,1,6,2,7,5,1,512,97
287,I feel extremely sad being away from friends and family. Sad for others who are suffering and sad for all the people who have lost their lives or loved ones. I am nervous about what the future holds for everyone and worried about whether we will return to normal. Scared whether this will ever stop and how we will cope. Worried for all concerned. It is a stressful time for all but I also feel annoyed at those who are not sticking to the rules. I’m staying indoors and everyone else should too.  I have been quite emotional about the whole situation in recent days and I fear that it is going to get worse over the coming weeks,Sad for all in these worrying times.,sadness,7,2,5,7,6,9,1,4,2,630,126
288,I feel anxious and worried that my family might get the virus and I won't be able to help them. I'm concerned we aren't testing enough people and that the NHS doesn't have the resources to cope with the surge. I worry that the general public are not taking the social distancing seriously especially with Easter coming up.  There are still too many people out and about whi aren't following the rules. I'm also worried my employer will have to make redundancies once this is over. when will it end? How can we get back to normal life without a vaccine?,Worried people aren't taking social distancing seriously - stay home Northern Ireland and protect your loved ones and the NHS,anxiety,7,2,2,8,8,7,5,5,3,552,108
289,"My feelings are essentially of anxiety and fear for my family - both young and old. I am also extremely proud of how the country has pulled together though, including the NHS and other key workers. I am not sure how I will feel as the situation continues and the lockdown lengthens. While it was a novelty at first - this has long since passed and my stress levels are increasing. However, I try to be optimistic - I am in a good position compared to others and we must all try and continue as best we can.","The Corona virus has caused huge stress, sadness and despair - and as yet it sows no sign of getting better. That said, the reaction to the people in the country, particularly the NHS and key workers in all industries has been truly inspirational and we must continue to be positi",anxiety,7,1,1,7,9,8,1,1,1,506,105
290,"Frustration at the situation and how there's no end in sight to anything. It seems without a vaccine there's no way for this to end because our government is not competent enough unlike Germany or South Korea. Anger and resentment at the government for having made the political decision to do all this when other countries handled it better and they had months to prepare and only decided to do something just recently. And anxiety and caution about trying to do basic things like shopping. Everyday I have a mild panic attack about some mild pain or twinge I feel, suddenly worried I'm developing it.","Completely frustrated, wishing we had competent leadership who were handling this weeks ago and competent leadership to lead us out of this now.",anxiety,7,5,7,6,7,5,1,2,1,602,111
291,"I am fairly safe in a secluded location, however I am very worried about the safety of my family and friends that live in big cities.
I worry for my pensioner parents as my dad has COPD yet they both still smoke and are doing daily trips to the shops for more cigarettes.
I am angry there has been so little investment in critical services and this is causing illness, stress and deaths that may have been avoidable.
I hope lessons have been learned and people that work in essential services are treated with far more respect.
",'@stayathome!,sadness,7,2,1,6,6,7,4,4,4,528,103
292,"Disgusted how unprotected NHS staff are and how late the government has been in trying to resolve this. Disgusted at the amount of people not adhering to guidelines for the safety of others. Sad about the amount of people dying without their families, dying alone without even care staff having the time to sit and hold their hand whilst they take their last breath. Disgusted at the attitude of current staff when someone needs to take the week off, but also feeling the pressure of having to stay at work even though they are experiencing symptoms themselves.",Stay at home.,sadness,7,2,7,6,7,7,6,6,3,561,103
293,"I feel very anxious. My partner has cancer and has now had two operations cancelled in two weeks due to pressure on the NHS. I am still working from home, as is my partner but our two young children are also at home. I feel like I'm failing at work, failing as a wife and failing as a mother as I can't give any aspects of my life the time and energy they need, yet we're all stuck at home all day everyday. So I feel anxious and worried about my family and we are struggling to get food deliveries booked as we're not classed as vulnerable, although we can't leave the house as we can't afford to get ill and cause my partner to miss their vital operation. It's just a horrible time and our government is failing us, they were too slow and too ineffective. ",So anxious about Corona #pissoffvirus,anxiety,8,1,1,6,9,6,3,3,3,758,158
294,"I feel concerned about all the critical workers, like myself, becoming ill due to being forced into work. I worry about my vulnerable family and friends getting sick and becoming very unwell. I am worried about becoming unwell myself. I am missing my freedoms, but I understand why they are gone and am 100% abiding by the rules. I am worried for the prime minister and hope he has a healthy and speedy recovery. I am annoyed that the press are sensationalising and not caring for others. I am proud of the community spirit but anxious about working.","Stop being selfish. Stop putting myself and my family, and other NHS and key worker families, at risk because YOU want to go outside and have a BBQ. Don't be so ******* selfish. People WILL DIE.",anxiety,6,6,3,7,7,6,2,2,1,550,109
295,"I am very anxious and worried about the COVID-19 Coronavirus. I am scared I might catch it, and that my family and friends will catch it. I am scared we will die. I am scared of the daily numbers. I am scared to leave the house. I am fearful of what the future holds, and what will be left standing when we leave the house. I miss my family and friends. I miss being able to leave the house to go into town for coffee, to eat out, to socialise, to shop etc... I am anxious when I see other people and not to go too close to them.","I am scared that I will get sick and die, and so will my family and friends #covid19",fear,9,2,1,9,9,9,1,2,1,529,125
296,"I actually feel very curious.
I am obsessed with the statistics and the numbers. I can't help but think about how/why no one saw this coming and how come no country was prepared for something like this. How come the economy is so fragile, and how come people are not really following the rules set in place by the government.
I am also curious to know how life will resume after all this. What will change? What will stay the same.
So above all, I am curious. Curious to know more about the disease and its effects.",No one saw it coming but Covid-19 has shown us the best of ourselves and the worst of ourselves.,sadness,4,4,4,2,2,7,6,5,4,515,110
297,"I feel okay about it, but my emotions go through a vast range each day. I am anxious about it if I think too much about it, I'm worried as my partner is a paramedic and I worry about him. I worry about my mum getting or someone I love getting sick with it. It's not nice being outside as everyone looks at you with distrust and fear but I miss going out and seeing friends and family and living my life. I do like having more time at home and not travelling through London so much and I also like having more time with my daughter and my partner. But overall its a very scary and worrying time.",Lets all stay at home now so that the lockdown will end soon. Be careful everyone and stay healthy and look after each other.,anxiety,7,3,2,6,8,6,3,1,5,594,127
298,"I feel anxious as the numbers keep rising ..it makes you worry about if you do catch it because even though got no underlying health problems , younger people do still die. I am hoping the deaths start to go down now because there was a decrease today and it's been 2 weeks since lockdown so hopefully will start to see the effects of that. I'm scared to go to supermarket but know I have to as here are no online delivery slots . And I appreciate these are for vulnerable and I can get to the shop, but it's made us all so scared and have to disinfect all the packaging when get home because loads of people would have touched the items. Also become anxious about cleaning and disinfecting the house every day even though not been out. On a plus note, it has made everyone just slow down which I think is great. It makes us all realise all the money we spend on stuff we dont need and we have time now to sort stuff out in the house, read a book etc. But I miss being able to go for  a picnic or drive to a nice place for a walk ",Anxious but grateful,anxiety,6,3,1,6,7,7,1,6,1,1030,217
299,"I have a feeling of fear for not knowing what is to come
In the next few weeks.  I also have frustration because of the people who are not following the lockdown guidelines.   I have a great deal of anxiety about catching covid19 as I live with nhs frontline workers I don’t want to be the one that makes them have to stay at home and not work. I hate having to go to the supermarket for essentials as this means having to be in close proximity of other people. I miss being able to go out for walks and to the shops ",Feeling frustrated to be spending another day inside but it’s for the great good and saves lives.,anxiety,7,4,4,6,8,6,4,5,3,517,107
300,"I feel a sense of uncertainty about the situation, which in turn is making me anxious. The UK is in lock down at the moment and this alone has made me feel uneasy. There are numerous things to feel anxious about. Firstly, hearing a lot about the the death toll in the UK and who has the virus from social media and the news has made me feel anxious. Not only this, but the worry of my current job at the moment i.e. will redundancies be made if this goes on for the rest of the year.  I think my biggest worry is that no one at this time knows how long this will go on for. ",People in the UK must help the NHS by staying home which will save lives!,anxiety,7,4,2,6,8,4,5,5,4,574,127
301,"I feel frustrated about the number of people who don't seem to be taking the matter seriously and are still going about their day as normal. I work in a food shop and therefore still come into contact with a lot of people and I live with my parents who each have their own health issues, so I am worried about the possibility of taking home the virus to them. I'm also concerned about the long term effects on the economy and the number of people who may be put out of business or work as a redult of the pandemic","Frustrated that people aren't taking this seriously. You may not be ill, but you can make other people ill and I'm worried about my family and friends. Stay at home!",anxiety,7,4,3,6,8,7,3,3,1,513,104
302,"It's a slightly worrying situation especially to see so many people from around the world die. But personally, I am not that worried as I am following the guidelines. Making sure to stay productive and active as well which has helped with my mental/physical health. It was a bit stressful at the start of the lockdown (UK) but I have gotten used to it at this point. Can't wait for it to end though as some proper fresh air and outdoor activities would be nice especially with the warm weather. I'm slightly optimistic that we will all behave differently after this all ends as well. Maybe start paying health care and other essential workers properly and treating them well too.",Not the best situation but glad to see that health workers and other key workers are finally getting the recognition they deserve,relaxation,3,1,1,2,1,2,5,8,6,679,132
303,"I find it hard adjusting to the whole lockdown situation and within a week anxiety hit me due to how overwhelming the situation is but I am slowly getting better but my work is pretty poor due to the very many distractions that are happening right now. I am currently trying to get my mind straight so I can focus more on the work I have to do as I have my dissertation due as well as summer exams where even though they won't effect my grade if I do bad, I still want to do well in these. Hopefully this will only last a few weeks this lockdown as I miss spending time with my friends as I am a very social  person",This will be over soon. Try and get over the anxiety you are feeling right now as it won't be forever. Have rest but at the same time get your mind working on other stuff to try to put the events in the background,anxiety,6,3,2,5,7,4,4,3,2,615,127
304,"I feel worried about the Corona situation. Our prime minister is currently in intensive care, and I fear for my elderly parents. I am dreading the prospect of months under lockdown. I am also concerned about the long-term impact on the economy - of my favourite shops closing - and the likelihood of austerity politics returning. I am concerned about the welfare of my family and friends, and whether or not they may be made redundant.
I am working from home but don't particularly like this arrangement, and worry about the vulnerable patients that I work with.",Not sure when things will feel normal again,anxiety,7,2,2,6,6,4,4,4,2,562,106
305,"It is a very worrying time, as there are many shortages in shops and it’s becoming increasingly difficult to get essential items. It’s also very concerning how rapidly the number of cases and number of people dying from coronavirus each day is increasing, despite being under lockdown. I hope that tougher measures can help to get the situation under control, in order to help protect those most vulnerable. It is also worrying that frontline workers have not got the essential equipment needed to look after those suffering, as they are risking themselves to help save lives, which I hope can be improved soon.","Very worried about our current situation, but frontline workers are working tirelessly to help. ",fear,8,7,6,9,9,9,2,3,3,611,112
306,i am feeling very anxious about other people but relaxed about myself. this bout of corona i've had it twice in 4 weeks and i've been taken out hard the second time very hard. as a young person i feel for the vulnerable people. I am really dissatisfied at the game being played by crooked politicians as Mr Trump refers to them - here in the uk with snail pace response. I was alot more cavalier to start with but got apprehensive as i experienced it myself . i am relaxed and axious for others. I am really agry at the rip off price gouging merchants - i am in business this is a time to support the people not rip them off.,wish everone speedy recovery and open up the country lockdown soon. in the meantime thoughts are with everyone and those especially who are vulnerable and those essential workers making a stand on our behalf. Sta indoors and follow the law. Almighty G-D Bless you all.,anxiety,7,7,6,6,6,6,6,6,8,625,129
307,"At the moment I feel mostly bored trying to find something to occupy my time as I cannot work from home, however not being able to go out doesn’t bother me as I am an introvert. 
 
I am feeling a little uneasy about money, although right now I feel like I have enough to get me through the next few weeks.

I don’t feel scared or worried for myself or my health but I do feel worried for other people, mainly older relatives and friends. 

I dislike the uncertainty of not knowing when things will begin to get back to normal. I feel there is a lack of information from those in charge and this leads me to believe that they don’t know either ",I am bored,relaxation,4,2,2,2,2,2,5,7,4,643,131
308,"At this current moment i am mostly worried about the corona virus affecting my friends and family who are more vulnerable to the disease. 

I am also slightly upset at the negative effects the disease has had on my time at university and how it has affected my education but i do understand the seriousness of the situation and that the calls made are justified.

I am slightly stressed out in the current situation due to the limiting effect that it has had on my daily routine but i am also enjoying the time i have at home with my family memebers.","I am grateful for the people around, my friends and family are really important and are crucial in helping me feel secure and safe at home. 

I am grateful for all the crucial workers, still out risking there lives in order to ensure that the country can still function.",anxiety,4,1,1,2,6,1,4,2,1,550,105
309,"I am more worried about the lasting effects to society and the economy than I am about catching the Corona virus. 
I am getting used to the new way of life and am happy staying home with my family. We have a garden and safe jobs and everything we need. I'm worried for people who don't have the same luxuries. 
My kids are out of school and need things as a result of that. I'm stressed but trying my best to make sure we have everything we need. 
I'm tired of selfish people who don't follow the rules. I have told s lot of people off. 

",Hope everyone is ok. Stay safe and look after yourselves. You know where I am if you need anything.,anxiety,6,2,1,5,6,5,4,7,5,539,114
310,"I am currently anxious about family living in different parts of the UK and abroad but thankful that I am able to work from home. Worried as I am classed as high risk due to underlying health issues. 

I am stressed that I am unable to get online groceries deliveries yet I am supposed to remain at home for 12 weeks due to being high risk, yet when I go to the supermarket, they are constantly sold out of essential items such as toilet roll and pasta. Panic buying is selfish and unnecessary and is detrimental to those of us who are unable to stock up for various reasons,  Social distancing is not being followed strictly enough in the UK compared to other countries such as Dubai. ","Stay at home... if you're out for essentials, not just because it's sunny, social distance, it will save lives!",anxiety,7,2,1,6,8,2,5,3,2,686,134
311,"I feel content that I get to spend time with my family. I am making the most of the time I spend at home rearranging things with the time I have in my hands I am able to review things and working from home is great as working instead of taking time off so will have enough time off for the summer school holidays. This time away has given me time to do the things I enjoy, going through each day as it comes one day at a time. It was a bit much doing the home schooling for 2 weeks but it was rather draining doing that and working too as that was tiring and I didn't get to do some reading as I would usually do during my commute to work and home on the weekdays.",Though we're on #lockdown I don't feel locked down.,anxiety,7,3,2,4,5,4,5,6,4,664,143
312,"I am quite calm about it , but mostly annoyed at the government and how they are not dealing  with it. I am unsure if the main stream media are helping, and the hypocrisy towards the nhs from the media and government  is galling. Hopefully the social isolating will work, but we will not get back the 3 weeks lead we wasted.
Hopefully we will follow Italy's lead in a bit, but there is no real structure for an exit strategy to the voluntary lockdown.
There is a possibility that there will be a bounce when that happens if it is not handled correctly ","Fed up with lockdown, but hopefully this will have an effect",anxiety,6,7,6,3,6,4,7,4,4,552,111
313,"I'm frustrated that the situation wasn't addressed more decisively earlier, but have to accept it is what it is.  The situation is also nice in some ways because I'm able to homeschool my daughter, and spend more time with her, but I would rather she were in school.  
I'm anxious for the health of my parents, who are elderly, as they have to be isolated and we do all of their shopping for them.  
My partner is very frustrated that she can't get out and about but is accutely aware that it's stupid to be out there and socialising or breaking the rules.  We are all adhering strictly to the government guidelines and are looking to do what's necessary.  
Personally, I miss the team and sporting activities that I would like to have been doing.  Also, I'm finding work is less productive than before and I'm one of those who falls between two stalls; I get nothing from the government but I appreciate the way that they have responded with financial packages that are relatively generous.
",Feeling frustrated at being unable to get out and about but am willing to do this for the sake of my parents.  Hope that everyone else is going to feel the same way and stop being selfish by getting out and breaking the rules.,sadness,6,4,2,6,6,6,3,3,3,992,191
314,"i am anxious about what the future holds regarding the virus. my parents are 70+ and I am pregnant due in august. i want my family to remain safe. i am fearful of the unknown.
i also feel angry that help is not getting to those who need it most. my neighbours at in the at risk group, one has COPD and yet they are unable to get online groceries having not previously registered, whilst my neighbour the other side stockpiles. everyman for himself?! of course i have offered to help my vulnerable neighbours as much as possible and its nice to see how relieved my neighbour looks when i offer help.",Be selfless not selfish. stayhomestaysafe. help the nhs.,anxiety,7,2,2,4,7,1,2,6,1,598,124
315,"I have just read about the UK deaths for today, so I'm feeling quite sad. At the same time I'm feeling frustration that people in the UK aren't taking social distancing seriously and going out for picnics and gatherings despite the spread. I miss my mum too as I'm unable to see her, due to her being high risk and living an hour away. I feel lucky that I have my partner to see over self isolation, so feel very grateful that I have him. Overall I'm feeling quite sad about the situation, not to mention worried financially as I'm self employed and currently out of work. ","Feeling incredibly sad regarding coronavirus. If only we paid more attention to the world, and showed more courtesy to others.",fear,8,1,1,8,6,7,2,5,1,573,116
316,"I feel very scared of how everything has turned out with the world regarding corona virus (covid-19) and I am worried incase family members catch It, especially those who have underlying health issues. I'm worried incase things don't go back to normal, I'm scared incase the world goes into lockdown for months or even years. I'm shocked at the number of deaths in the UK and then again around the whole world. Although I am happy that I am at my family home and I am able to quarantine with them instead of being all alone 60 miles away from my parents and siblings ",I'm shocked at how the world is turning out #protectthenhs,sadness,9,7,9,9,9,9,2,3,3,567,111
317,"I am feeling better than I was. Previously, I was extremely concerned and I couldn't see an end to it. However, the death rate has been dropping quite considerably and I can see a faint glimmer of light. Of course, it may be a temporary lull but I feel quite hopeful. I feel like I am coping well with lock down, also. Other people I work with have been really struggling with their mental health because of Coronavirus but I have been able to put things in perspective. Previous generations have had it much worse and have had more to contend with. They got through that and we can get through this.",Other generations have got through worse and we can get through this #bestrong,anxiety,7,3,1,5,7,4,4,5,1,600,124
318,"I hate being stuck in the house without the option to go out and socialise or browse the shops. I feel trapped and frustrated because we have no end date. I’m hating working from home and not being able to interact with my colleagues as normal, we are a very close team and we are all missing each other. The uncertainty is very upsetting and causes me anxiety to an extent. It’s hard work having to work from home normal hours then not be able to have any sort of social release on the weekends, it makes working just that bit less rewarding as there’s nothing to relax and let your hair down doing when you have finished the working week. ",Struggling with being cooped up alone at home.. sooner this is over the better. Following the rules to try and help as best I can.,sadness,2,3,6,1,7,8,1,2,2,641,128
319,"Hi, I feel very concerned about the future of our human beings. I feel like it is a bad dream and hope that one day I will wake up and I realis e that this was just a bad dream. I feel scared and hope that soon scientists will come up with a remarkable cure and 💉.  I am truly frightened. Everyday I watch news on the television and see the horror people go through in the whole world. I am deeply saddened to see how many people died. It is awful and I am deeply shocked and anxious. I feel this virus is man made and not something that just happened because why it would not happen a few years ago, or ever. ","I would like the scientists to develop a safe vaccine that would safe millions of human lives. I am so scared and frightened to go end where.  The streets in my town are bare, there is nobody outside, it us really and truly scary.",sadness,9,2,2,9,9,9,2,2,2,610,134
320,"Mainly, I feel worried at the moment.  Worried about how long the outbreak will last, and the associated health risks for myself,  my family and friends.  Also i am worried about the economy and personally,  my own job security.  The longer this situation continues,  the more worrying it is, as I think the economic impact will take longer to recover from. For example,  it it continues for the next three to six months, I think that it will take the country and the economy at least as long again to fully recover from it. ","I feel worried, hope it doesn't last too long.",anxiety,7,1,1,4,7,2,5,3,2,525,107
321,"While it is weird the my life is 'on hold' I was too busy before, and am grateful for some time out. I am enjoying being with my immediate family, being able to relax, read, sit in the garden. I am learning new skills/hobbies (crochet, sourdough). I recognise that I am privileged because I do not need to worry about our financial situation, we have enough food, and no-one in my immediate family is ill.
In general I am not anxious about the virus. I understand that statistically speaking, I will get the virus, but will survive. I also understand that I am not a statistic!
As a Christian I feel as safe now as I ever did, knowing that God is in control, both of the global situation and indeed of my own personal one. ","Day 21 of corona virus self-isolation/lockdown: enjoying the sunshine, my daily walk with the dog, having time to play over-competitive board games with the teenagers. Finally learned how to crochet. Stay safe out there folks!",relaxation,3,1,1,2,2,1,8,8,6,723,161
322,I am currently working from home so know that I am in a privileged position financially but it is really tough not having physical contact with my colleagues. I am starting To get angry about the people who are not taking the restrictions in place seriously as in the long term it will not do the country any favours in fighting this virus. I am also starting to feel anxious when going out as I am concerned that I will pick up the virus and spread it to my loved ones in the household who are classed as vulnerable.,"Stay home, for our family, friends and strangers. This anxiety won’t last forever and tomorrow is a day closer to normal life",anxiety,6,5,7,6,7,7,4,3,7,518,102
323,I feel very worried about the Corona situation at the moment. I feel very restless and can't settle to do anything or concentrate on watching anything as my anxiety is quite high. I have heard that up to 80% of the population will be infected so there is a good chance I will get it and not only the old and weak are the ones dying so it seems like a bit of a lottery as to who will survive and who will not. I miss visiting my family and friends although i do have family living with me so I am not completely alone.,"i'm bored, super energtic, bored , super energetic, bored, super energetic...",anxiety,7,2,1,8,8,6,4,1,3,517,110
324,"I feel worried that a cure won’t be found, I feel anxious about getting it or passing it to my children. I’m worried for the economy and how the country will cope if this carries on any longer. I am worried that there will be riots at some point. Every one seem to be turning on each other, and grocery stores are becoming like a battle ground. Everyone is on edge and snappy and I really don’t like where this country is headed. I have been at home with my children because all schools have shut down. I haven’t seen my family in over a month now, my children’s lives are being changed so drastically and I don’t know how much longer we can manage financially. ","I really hate the way we are all scrutinising whether or not people are buying “essential items” it’s supposed to be a free country the economy has suffered enough, let them buy what they want, it’s not your business!",anxiety,5,2,2,5,7,2,1,1,1,662,136
325,"The pandemic is giving very anxious feelings. Corona situation is making me feel sad and fearful all the times. The  sudden situation has become very unpredictable. It feels like going out is not safe and the coronavirus is chasing everybody. Staying home is the only option to remain safe. The lockdown is also very fearful situation. I think everybody would have the same feelings.
The pandemic is giving very anxious feelings. Corona situation is making me feel sad and fearful all the times. The  sudden situation has become very unpredictable. It feels like going out is not safe and the coronavirus is chasing everybody. Staying home is the only option to remain safe. The lockdown is also very fearful situation. I think everybody would have the same feelings.",The pandemic is giving very anxious feelings.,fear,9,3,5,9,7,8,4,3,5,767,142
326,i am worried about my family's health and the state of the economy. i am worried about my nan and older relatives. i am worried about how long this will  last and when things will get back to normal. i am worried about the elderly in society and people who have nobody to talk to or help them. also how it has spread around the world so fast it is very worrying and it can affect the global economy. will the nhs be able to cope in this situation. what about the education of children and their gcse and alevel results going to university,i am worried about how long this will last and the lasting effects,anxiety,5,3,3,7,7,6,3,3,3,538,110
327,"I am very worried about the corona situation as I have an underlying health condition putting me at risk. I also haven't left the house in over 2 weeks now, and struggling to get a grocery shopping slot, and am worrying how I am going to get my groceries as I don't drive nor have anyone to help, so it is scary. I also do not like the uncertainty of the situation, as no one knows when we will be out of lockdown nor when we will be back at school, as I am doing a placement in a school and I was near the end of my course, so I may not even be going back to the school, which sucks.",Very depressed and scared about the world.,anxiety,7,3,6,8,9,7,2,6,1,584,132
328,"Feel worried about catching it or passing it on to someone else. Feel worried about going out the house. Feel concerned how long this will go on for - can’t go on forever and feel nervous about staying in the house all the time (although am doing so). Worried about income as that has dropped for me so added worry about how long we will be in lockdown. Feel angry that people aren’t sticking with the lockdown and could mean we can’t go out for exercise
Every time you get a sore throat or anything you feel worried in case it’s Coronavirus ","Worried, scared and anxious. How long can this go on for?",fear,8,4,2,8,7,7,5,5,5,542,108
329,It makes me angry that the media is feeding lies into society to drive fear. It is disgusting how many people are happy to submit to a state enforced home incarceration regime. It is easy to fool people but difficult to convince them they are being fooled. One day they will realise the truth but by then it will be too late. Keeping people under house arrest will not stop the spread of the so called virus. The level of imposed control and over reach of powers by the police is draconian and extreme.,"The """"""""""""""""virus"""""""""""""""" doesn't exist. You are being given a narrative by mainstream media to fuel fear so they can impose their """"""""""""""""power"""""""""""""""" to control you. They say if you go outside """"""""""""""""PEOPLE WILL DIE"""""""""""""""" in their adverts. People will die regardless of your indoor or outdoor location. Wake up.",anger,1,5,5,1,2,1,4,3,3,502,100
330,"I am feeling scared about the fact I don’t know if life will ever return to normal. I’m feeling lonely as I am on my own in my home. I am very worried about finances, especially as one job was due to end at the end of the school year but obviously I can’t be searching for work to replace it right now. I am missing my friends and family and feel anxious when I think about the fact I don’t know when I will be able to see them again. I have to go to the doctors for blood tests because of my underlying medical issues and had a panic attack actually leaving the house properly for the first time. Looking out of the window everything looks great and then suddenly you remember that things just aren’t what you are expecting them to be, and it’s terrifying that you just don’t know what is coming next. ","'@corona I’m over this now, get lost please 😩",anxiety,8,3,1,8,9,6,5,3,8,803,165
331,"I'm anxious and concerned about the entire situation. Very sad regarding everyone who have lost people over the entire world.
Uncomfortable re whether or not the correct message is getting through to people.
Some other countries are facing a dire situation and I am concerned that inappropriate desitions may be made that may cost additional lives.
At home I worry for some of the elderly members of my family plus it is frustrating trying to get younger members to appreciate the full danger s of the situation.","Sad, troubling situation that the world is facing today",anxiety,7,2,1,6,8,7,4,5,1,512,92
332,"I feel really worried and stressed about this whole situation. My job is demanding, i am struggling at home and i am in a bad place. I am not sleeping and my relationships are suffering. I feel anxious all the time and am constantly down.

To top it off i am sad because my cat has gone missing. I feel like my life is going wrong. I don't know how to make it better or get through this. 

My toddler is playing up all the time and my marriage is breaking down too. I never imagined 2020 would be such an awful year.","Feeling very sad today, need to see some light ",sadness,6,2,1,6,6,9,2,3,3,516,113
333,Currently working from home missing normal daily work life and colleagues. Missing and worried about my parents who are at high risk and self isolating. Just wanting life to get back to normal and everyone be safe and well and listen to advice about staying at home and keeping there distance from other people to prevent the virus from spreading further. Looking forward to travelling again and taking trips with my partner to parts of the world we have not yet seen or discovered. Even just going on nights out for a meal and to the pub or socialising with friends and family. Gutted to have had to cancel a family holiday already and some special family birthdays which we had plans for and was looking forward too. Having to post presents instead of giving them to those celebrating in person.,Currently on lockdown working from home which may sound like bliss to others but it’s difficult to work and live in the same environment day in day out when you have led such a active and sociable working life. But we must stay home and stay safe to protect those that we love.,anxiety,7,4,1,6,7,3,7,3,3,798,148
334,"I am scared and worried. I am a key worker in retail and in the front line serving and touching people all day. I am scared of getting covid 19 from someone and as I’m 51 and my partner 56 it could be risky. 
I’m scared of customers getting abusive if they can’t get the goods they need or they have to queue. 
I’m scared of having to go off sick and not being able to afford my bills. 
I miss my mum and siblings and niece and nephews as I can’t see them. 
I miss being able to go out for a meal or drinks when I want. 
I’m scared of anything happening to my loved ones. 
I just want life to go back to normal. ",Scared and worried about the current situation. I’m worried about my family and friends and I miss them. Someone reassure me it’s going to be ok and life will be back to normal soon,fear,9,2,2,9,9,8,4,4,6,612,136
335,"At the moment I feel like I am doing everything I can to protect myself as an individual from the Covid-19 virus. The UK government were a little slow to react and did not take it as seriously as I would have liked, but seem to be doing and saying the right things now. I am looking at other countries data from around the world and things are starting to look more positive from Italy and Spain, where hopefully the figures have peaked as they continue to ‘flatten the curve’. In America the state of New York they still seem to be having a real problem with getting the situation under control, I hope the president will listen to health experts as they monitor the situation.",I am looking at the data in Spain/Italy for Covid-19 and hopefully their figures have peaked in terms of deaths per day. I hope that the UK figures will also show this in the next couple of weeks.,sadness,6,1,2,2,1,2,8,8,5,678,135
336,"I feel this is a learning curve for the future, we have never seen anything like this before, we were to slow to respond so  I hope that lessons can be learned. I hope we we still come together and support each other and invest more in healthcare and vulnerable people when this is over. I have not been affected to bad as i can work from home and keep my family safe which is all you  can do at the moment.  I am hoping this is all over within a few months but things could get worse again once things get back to normal if people start getting sick again. ",Please look after each other in these crazy times.,sadness,6,2,1,3,4,6,1,5,2,558,117
337,I am worried about covid 19 and I fear for my family. I have done everything I can to make sure my family stay safe and hopefully we will get through this virus. We have followed the advice from the government and have stayed Inside. I also worry about the food situation with all the people panic buying. I am grateful for the NHS stay and key workers who will help us through this.  We watched the queen give her speech  last night which I feel would have given some co fort to the country. I have read up on this virus and tried to prepare myself incase I or any members of my family get it.,I am worried about covid 19 and worry for my family. I believe we can get through this virus and as long as we all stay calm and not panicbuy we will get through. Please try to remember to wash your hands as much as possible and followed the lockdown rules. Stay safe. God bless x,anxiety,8,2,5,8,6,6,8,6,6,594,124
338,I feel anxious about what’s going to happen.will I keep my job and afford my bills or will a loved one get it and die. I also feel like I’m going mad because I have ore existing health conditions I feel like every sneeze or cough and I’ve got it and it’s game over. I live alone so have nobody to help combat my anxiety or entertain me and take my mind of things. I feel angry at times because some people are not listening to the governent and I don’t understand why.i also feel sadness that some friends have lost loved ones to this,This is a very scary time.its an unsure period where nobody knows what the future holds or when this madness will end.its killing people around us and we the ones that are spreading it by not listening and following rules.nobody is special or safe from this.my anxiety levels high,anxiety,8,2,5,8,8,7,4,4,1,534,108
339,"I am worried for my family. I try not to read the news anymore
There is a new case all time and I'm so worried. I clean all my shopping with disinfectant wipes when it arrives. I shower when u come in from the garden. I can't sleep at night because scary thoughts come into my mind.  No body is safe. Look at Boris. The world has complety changed and I worry for my family in the future and now.
Can't buy anything from my shop. Can't even get a home delivery slot.
There is no getting away from it even if i wanted to.
",So worried about #covid19. No getting away from it.,anxiety,8,3,3,9,9,7,2,1,1,520,116
340,"I feel we aren't really strict enough with our measures in this country and a lot of businesses are taking advantage of this and still running when they shouldn't be. A lot of key workers are very worried to go to work just now. 

The business I work for has put some measures in place to socially distance ourselves a bit but the nature of our work is manufacturing, so we need to work as part of a team and work together in close contact with one another.

I am wondering what is going on with the Prime minister just now & I am wondering if someone else should be stepping in just now to run the country whilst he is in the hospital getting treatment. If he is in the hospital then it must be fairly serious.","When tweeting about your boredom, have a thought about all those key workers who have to go out and work and wish they were at home safe",fear,6,4,6,6,5,5,6,4,4,711,144
341,"I am very anxious at the moment. I have generalised anxiety disorder, and usually my mood is well controlled and stable. This current situation however has undone a lot of the work I've managed to do in the past few years to take control of my mental health.
As a microbiologist, I have volunteered to work in one of the government testing centres and I feel like this will help me manage my anxiety however, as it will help me feel like I have a part to play in managing the situation. Other than that, I am sadder than usual, and I feel like I have lost faith in some people who are not taking the advice and warnings of the WHO and government seriously. ",I am pretty sad now. My anxiety is through the roof and I want things to go back to normal. Everything I've done to fix my mental health has been undone and I'm feeling pretty broken right now.,sadness,6,2,2,4,8,8,3,1,1,657,135
342,"I feel anxious as I don’t know when we will be released from quarantine. I also feel anxious as I don’t want any of my family members to become ill. It is quite nerve racking, I’m also hoping that   we will be back out by summer time. I don’t want a summer to go to waste. I hope that at the moment, everyone is okay because it would be difficult to deal with any sort of illness right now. I’m also quite angry about the people who are going out as they are compromising the safety of others and also prolonging the quarantine time; this is giggly agravating.",All you guys that are going out need to stay at home because this ain’t a joke. Even Boris Johnson is in intensive care what makes you think you’re invincible. Lowe it.,anxiety,5,4,4,5,6,3,5,4,4,560,117
343,"At this moment in time I feel annoyed because many people are ignoring the Quarantine rules despite knowing the consequences. They are going to their friend's houses, going to public parks and socialising and not taking anybody else into consideration. By doing this they are putting the rest of us at risk. I feel like the current lock down will be extended because of people's inability to follow simple rules.
I also feel worried because many people are dying from the disease. Quite a few people's parents are dying and I find this worrying and upsetting. The fact that people have to dies a lonely death is quite disturbing.

Lastly, I feel rather isolated. I am staying with people, but it would be nice to see my friends. Facetime and Houseparty will have to do for the mean time.",It's so cheeky how people are going to their friends houses when the rest of us are stuck indoors. I'm actually vexed.,anxiety,7,7,5,7,7,4,4,5,5,787,152
344,I feel very worried and anxious seeing how high the death toll and the confirmed positive cases keep rising each day. Everything seems to dark and bleak right now. People are constantly dying and losing their loved ones. It seems like there's no hope out of this situation. All I can do is pray everyday that God has mercy on us all and turns His wrath away from us and helps us out of this situation. It makes me angry to see people disobeying the rules and advice set by the government and causing more damage to the country and putting a lot of strain on the NHS.,"This situation would be solved if only the nation would repent and turn to God for help. People should listen to the advice given to them, not disobey them. #StayHomeSaveLives #OnlyGodCanHelpUsOutOfThisMess",sadness,9,5,1,9,9,9,1,1,1,566,114
345,I feel sad and lonely to be honest. Everything within my life has changed; I’m adapting to working from home which isn’t easy - I miss the little things like laughing with colleagues on a daily basis or simply being able to walk to and from work everyday. When it gets to the weekend the prospect of not being able to do anything is upsetting. I’ve wanted to try and do something productive during my down time but can’t draw myself to motivate myself to do anything effective. This makes me feel worse even still and fees like I’m wasting some of the time to an extent.,"Over a couple of weeks life as we knew it changed. Lockdown is 100% the correct thing we should be doing a nation - in it together, but at the same time you shouldn’t feel discouraged to express how you truly feel. I for one won’t be taking for granted mundane things in my life! ",sadness,6,2,1,4,5,8,1,2,1,570,113
346,"Global disaster that doesn’t affect you until it does. I don’t know anyone who has had or has it, yet it clearly affects a lot of people. I’m looking forward to life getting back to normal as it’s difficult juggling working from home and raising my child. I mostly just feel tired and lethargic, staying indoors is energy sapping. I worry about myself getting it, mainly because I don’t want to be fully quarantined for two weeks. Throughout it all I have to wonder how this thing really started, and how long it’s really been around for.","I feel fine in myself but I’m missing human interaction and being able to socialise with friends and family. My son really misses his grandma and grandpa and speaking to them through FaceTime just isn’t the same. He’s too young to really understand what’s going on, must be hard. ",anxiety,6,1,1,1,2,1,1,6,4,538,107
347,"I'm not worried about the effects of Corona on my personal well-being, but I'm concerned about the long-term economic consequences of mass quarantine. I find it frustrating how scared and anxious most people seem to be because of Corona, even though it poses little to no threat to the majority of them. I think the current measures meant to stop the spread of the virus will do more harm than good in the long run, because life can't just stop for several months. I do, however, appreciate the new opportunities to spend more time by myself at home, including working from home (which I've never done before).","The world is overreacting to the Coronavirus. It's going to get worse, but not in the way people expect.",anger,2,5,4,1,2,1,4,6,3,610,119
348,"At the moment I feel very sad about the experiences I am missing out on because of the coronavirus situation – I have had to leave University early and am now unable to spend time with my partner. I am also angry at the unfairness of the situation and at how the government has chosen to handle the issue. I do feel anxious about the threat of coronavirus against my personal heath and that of my family and friends, and it is also worrying to think about the effects this situation will have more widely, economically and socially. It feels frustrating that there is no clear end in sight. ","The coronavirus situation in the UK in and of itself, and the government's response, is understandably provoking anxiety and frustration. ",sadness,6,7,3,5,8,8,2,4,2,591,115
349,"I feel scared and anxious about the situation, and generally not knowing when this is all going to end. I hate that we can't do our usual daily tasks, or see friends and family, and I am also quite worried about my job - as for now my workplace is closed (temporarily) but who knows what will happen if this continues. It's obviously the best thing but it worries me that over time, it will be less and less likely that we will be able to get back to normal. I don't know what else to really say that I haven't already said",Really scared and anxious about the current situation. Who knows when this will all end and if we will ever get back to normal?,fear,8,5,2,8,8,8,3,1,2,523,112
350,After weeks of anxiety and stress concerning the coronavirus I have started to feel more at peace. I have settled into a new routine and have kind of got used to the new normal. I have stopped worrying about what I cant control and focused on what I can eg. staying at home. I am looking forward to the day when life can become normal again and taking time to reassess life and my goals for the future when the pandemic is over. I am doing what I can to help myself and others to make it out of this situation healthy and well.,Finally getting used to the new normal.,relaxation,5,3,2,6,7,6,4,7,2,527,110
351,My feelings at the moment are that this country is ill prepared to face this pandemic.  I think there are a lot more cases than is being reported in the news.  I'm also wondering who is leading us with the prime minister being admitted to intensive care and when are we going to turn the tide in our favour.  I am restless from being cooped up indoors and have recently been furloughed which brings money worries into the equation also.  I have written this as a string of conscious thoughts which are looping over and over in my head and kick back in with every coronavirus headline notification I get on my phone.,This whole coronavirus situation can pretty much be summed up with the term fear of the unknown.,anxiety,5,2,3,3,7,1,5,2,3,615,118
352,"I miss my friends and my life as normal. Being in the house 23/7 is getting grating. 
The news is mixed and varies every day. 

We don’t know what the future holds. Checking in on everyone I know is getting exhausted. 

Fear what will happen as this progresses. So many people have already died. The economy has crashed. What will happen to us? We can’t hide inside for ever can we?

Working from home has certainly taken some getting used and I fear my job will suffer because of it.  I miss the variety and freedom my life had just a few weeks ago. ",Feel sad. Stay safe. Send hugs and good vibes and maybe a pizza,anxiety,8,6,3,7,9,7,6,6,5,551,118
353,I am concerned about the risk of the disease to my family and my parents and inlaws.  It feels quite away from us and that we are safe but I worry we won't be.  I am enjoying running most days. I am concerned for businesses as some most be going bust.  I am worried about my holidays in the summer and if I can't go what will happen to our money.  I am also worried about going back to work and my kids going back to school and how we will manage to get back into a rountine.  However I am enjoying being with my family and a slower pace of life. I am catching up on myself and things I wanted to do.,Stay at hone. Stay safe let us get back to normal soon,sadness,5,2,1,4,4,6,2,2,1,601,132
354,"Currently I feel on edge as everything is very much unknown. I wish that there was a date where we know that this will all definitely be over by to give us something to hold on to, but I know that this is not possible. I fear for the children that I work with and I hope that both themselves and their families are safe. I am concerned of the impact on children's education where they are likely to be out of school for a prolonged period of time. I am worried that my father will catch the virus and as he has underlying health conditions, I pray that this would not be fatal. I am concerned for my own mental health as I am living on my own and am already finding this difficult - I wonder what my mental health will be like weeks down the line. I am thankful for everything that each and every key worker is doing and I am grateful that communities are pulling together to help one another in times of need.",Anxious. Nervous. Worried. When will this end?,anxiety,7,2,3,7,8,5,2,4,1,910,188
355,"I'm sure my anxiety levels are significantly higher that usual. I know someone who is being treated at the moment and it could go either way so this is upsetting me and my sleep has been interrupted, When I watch the news or speak to a friend or family member it is the main or often the only subject of the conversation so the focus is on Coronavirus pretty much all the time. I find the best time of the day currently is when I go for a walk as my daily exercise opportunity. Although the social distancing measures make that seem a little strange as well when you have keep at two metres away from people you actually know, should you see them.","This virus needs to go away now. It's causing untold heartache for people and levels of anxiety across the world must be at an all time high. It is all encompassing, probably more so than any war.",anxiety,6,3,3,5,6,6,2,3,2,647,130
356,"I am upset and annoyed at the virus and how many it is killing, harming and the damage it is doing to businesses, people's livelihood etc. I am not myself worried about contracting the virus or on how it will affect my income, thankfully. It has put a halt to everyones life which is an annoyance but hopefully it will be over and we can once again return to how we used to be. I miss friends, football and my daily life but i know that they arent playing second fiddle to this virus, i want people to respect it and stay indoors and listen to the government guidance.",Fuck this virus,anger,2,3,1,1,1,1,1,2,1,568,118
357,"At the moment I am feeling very worried about the corona situation as my mum is diabetic and has other health problems and I live at home with her, I am scared I will catch the virus from visiting a busy place like a supermarket or other essential place I need to go and pass it onto my mum, this thought is giving me a lot of anxiety. I am also worried about the number of deaths in my city as the number is slowly rising and the number of infected is getting quite high too. I'm also worried that I wont be able to find a job as I have been unemployed for several months now","Hate Corona, retweet #FUCorona",anxiety,8,1,2,7,9,4,3,4,1,576,121
358,"At the moment a little anxious as i have been furloughed and I'm not sure i will have a job to go back to. Also it is unclear when this is likely to end so we don't know what the economy will be like.

The anxiety comes as if i lose my job I'm wont be able to provide for my family and if there is a recession also then it will be difficult to get a new job. The main anxiety is around my family and if i will be able to provide for them as well as other members of my family who are in the high risk category. ",Been furloughed not sure what it will mean for my job. Hopefully we will get through this.,anxiety,7,5,5,7,7,6,2,4,1,511,115
359,"I wish I knew how long this would last for and that everyone I care about will survive it, not just physically but I am concerned for their mental well being too and my own mentalhealth. I am not going to see a soul for many many days and already haven't for about 17 days. I am sad for all the suffering that is happening and the injustice of the nhs workers and the carers dying for lack of safety equipment. I am sad for those experiencing grief in the worse way possible as they can't be with their loved ones or have funerals attended in the normal ways. I am curious about what life will be like for us all when all this is over. I tend to think of it as this year is a right off and I hope next year the coronavirus will have passed as I can't cope with the uncertainity of not knowing how long this is for. But I am afraid that I might be wrong and that it may last for longer than a year. I wish I could just go to sleep until it is all over and the pandemic is over.",Another day of this coronavirus season. I know I have to stay in and alone but my God it is hard and I am scared for my mental health. Anyone else feel the same?,sadness,8,1,1,5,5,8,1,1,3,976,210
360,I feel that the situation is so big it’s unclear where this will end. I’m still getting my head around how much this has affected my family’s lives and routine. We’ve reviewed everything from our jobs to childcare. But we’re looking at the positives and doing our best to stay safe. Communication with family is important and making sure we use common sense with keeping ourselves as safe as possible is a top priority. That’s the main thing- I think our priorities have totally changed! What matters now is our safety- not so much anything else. Who wants to be the richest person in the graveyard? I also feel guilty that our Carers and NHS staff and countless other Key Workers are out there taking risks for the sake of the rest of us. They’re pretty stuck and I’m sure don’t want to be in this situation.,Feeling in awe of all my friends and family who are out there risking everything because they have no choice right now. Sending love you are my heroes!,relaxation,5,1,1,2,2,1,4,5,5,809,157
361,"Sadness for those who are dealing with the loss of family, friends and loved ones.  Concern for people who have to keep working - whether shop staff and delivery drivers, transport workers, key workers, NHS and other people in blue light roles.

Some anger and despair at how badly the government are handling this and communicating about it - such garbled and badly phrased messaging which doesn't resonate with people. Furious that the government continually lie, about the number of ventilators, tests, availability of PPE kit.  I despise Matt Hancock and Boris Johnson for decimating the NHS of funds and setting the route for privatisation of medicine in the UK, and now they expect the NHS to save their political careers.",Despair at yet another press conference with hoplessly garbled messages,sadness,5,4,1,3,1,6,3,3,1,728,134
362,"I am feeling very anxious about the unknown, because nobody knows how is it going to end up. I have also been worrying about if my family catch the virus and lose their life to it. It is very scary and stressful time. I just want it to all be over. Hopefully it will be soon, but I fear it won’t be soon enough. Stay safe everyone and follow the guidelines, please. If not for yourself then do it for your future generations. Stay at home and thankful forever for our amazing NHS workers! Absolute heroes","Worrying about the unknown, please stay at home.",anxiety,7,3,2,8,9,6,3,5,5,504,107
363,"I am anxious because i think the plateau we are in is going to lead to a false finish. People are going to see the numbers this week and then start forgetting about social distancing. I imagine another spike in June and then maybe another in octobre. I fear that next winter is going to be the """"""""""""""""real"""""""""""""""" hit, when we think we are past it and stop taking precautions. I dont expect medicine to be available for a while because vacines are hard and rushing them through will cause more damage if they end up hurting people or not having a good enough efficency to curtail covid.",Shits fucked.,anxiety,6,4,7,6,8,2,4,5,2,575,118
364,I feel very concerned about people I'm close to getting the virus. I also feel concerned for the economy and what this means for people's livelihoods. I feel very concerned about what the world will look like when we get out the other side and how long it may take to get back to normality. I worry about the impact of lock down on people mental health and relationships with those in their households. I also feel some hope because it's been great to see the impact the virus has had on the sense of community,"Coronavirus sucks :( Stay strong, keep loved ones close",anxiety,6,2,3,7,7,7,5,4,3,510,100
365,"The prime minister just went into ICU, so my anxiety and fear it high at the moment. My chest feels tight. This is huge.

I am not anxious about lockdown or staying at home - I am anxious about the number of people in the UK needing the ICU and our NHS’s ability to cope.

I am anxious that the curve is not flattening quickly. Will this end? How many people will be lost.

I am worried people out there working, such as my ICU nurse sister in law and feel guilty surrounding any deliveries we have.
I worry about my job and my own company and I wonder about the ethics of luxuries and I worry about people who may be suicidal. So many emotions. It’s many ups and downs but right now my fear is very high and my thoughts are racing. This is a scary moment ",How will we ever return to normal life after this? How will be mourn?  How will we grow? We have to learn lessons.,fear,8,6,4,9,9,7,4,3,1,756,162
366,I feel very afraid and frustrated with how some aren’t taking it seriously. A colleague has died from this and it all changes when it’s someone you know. Also when you are not an essential worker or a key worker and told that but are made to go into work travelling on tube it’s very stressful. I feel like my brain can’t comprehend what is happening around me. I worry for my family and friends. I Struggle with anxiety anyway and this is just crazy. Thankfully I can sleep but I find every day exhausting. I feel very very scared and worried.,"Brain can’t comprehend what is happening and how the world has changed, so much suffering and loss, scared of how much worse this will get, miss seeing my family so much. Wish that I wasn’t forced to put myself at risk on tubes for work when we are told we are not essential. ",sadness,8,7,5,8,8,9,3,5,3,545,110
367,"I feel quite sad for the state of the world and generally very anxious about my personal situation. I am a student now without tuition but still with the expectation from my uni of doing my work, which I find myself unable to do. I have formally diagnosed mental health issues that are currently being exacerbated. The fact that I have my flatmates still with me is helpful in many regards and provides some comfort during the social distancing. I have been fearful for the health of my family - my older brother is immunosuppressed and my mother has had pneumonia twice - but at the moment I know that they are safe due to their strict adherence to social distancing and the fact that they live in a semi-rural area away from many other people.",The global situation at the moment is very frightening. I am fearful when I leave my home and so incredibly conscious of hand washing and not touching things. My day to day anxiety is very high and is leaving me with a sense of loss and unable to do the things expected of me,sadness,7,5,6,7,7,8,4,4,5,745,142
368,I'm bored stiffless. When I go to the shops once a week this is the highlight of my day. Im tending to be a bit more adventeous with cooking as this the only variation in my everyday life. My house is the cleanest it has every been as I clean it everyday. I do enjoy going for a walk everyday and have ventured to parts of Sheffield lined up for us to potentially live in the future. I never thought I would be excited to go back to work. I'm scared about the economic future and house prices as well as my pension,So bored right now!,fear,6,3,2,7,6,6,5,4,6,515,109
369,"I am sad and shell shocked at the global level of death. I am worried for the economy, both locally, regarding local jobs, and globally, including my pension investments. I am concerned about how we come out of this crisis and worry how we regain our confidence to go out into society and mix. I think everyone has to be vaccinated for it to end. I am impressed at how my community has come together to help the vulnerable, I hope we learn lessons as a society on how to be kinder to our neighbours. ","I can live with the social distancing, and staying at home, but how does this end? How do we get to be able to not worry about coronavirus? ",anxiety,7,4,5,7,7,6,1,9,1,500,105
370,"I feel if more restrictions were to be imposed the public might actually follow instructions.  Currently instructions are not exactly followed by everyone, perhaps orders and rules might work.  Problems arising in that case would be to Police the orders.  I really feel there should be stricter rules imposed, perhaps a sort of curfew might help.  We need to get this thing done.  The sooner the better.  I am co corned about the impact on the economy.  I feel that the frontline staff especially nurses should have been priority in tests for Covid-19.  Sadly it appears that they have not been priority.  Grave error.","Health of the economy is at steak, lockdown cannot last too much longer.  Priority testing for medical staff & stricter curfew like, instructions imposed.  I fear the Chinese have purposely infected the world for their own progress, they can afford to lose a few of their own.",relaxation,7,1,1,3,2,3,5,8,5,618,116
371,"I think that the lockdown in the UK will lead to an economic situation involving deaths. If the economic situation is sufficiently bad over time,  it could lead to more deaths than the coronavirus. Professor Philip Thomas' modelling from Bristol University says a 6.4% drop in GDP will lead to more deaths than beating the virus. I feel hopeful less deaths will result, if the correct balance is taken. But I also feel a bit worried the government will extend the lockdown. I feel optimistic that most people will recover and the number of deaths will fall. ",Feel uncertain about future growth but hopeful we will beat it.,relaxation,4,1,1,1,1,1,6,8,3,558,107
372,"I feel like the fear and paranoia is increasing week by week. I go through phases of feeling quite relaxed and enjoying the peace, to feeling very anxious and on edge about the situation, as more news comes through every day of the reality, it keeps jolting us back to being terrified. Any normal day activity outside the house like getting medicine from the pharmacy leaves you incredibly paranoid. People are being very kind though and it seems to have united the nation. I worry more about my family members than i do myself. I think a lot of the anxiety is about not knowing when the situation is going to end, rather than the isolation itself. ","Feeling paranoid and weird, this whole month feels like an episode of black mirror come to life.",fear,7,1,1,7,7,5,5,6,6,649,127
373,"I feel waves of anxiety throughout the day. I am very scared of the virus and of contracting it myself. I have a phobia of hospitals and so the idea of needing to be hospitalised is very scary for me. I am also concerned for the wellbeing and health of my family, friends and co-workers. As a teacher, it is likely that I will be needed in school again soon and that makes me feel very anxious.
If I can just stay home I feel safer, but leaving the house to buy food or to go into work makes me panic. I just want this to all be over.",I am incredibly anxious and just want this whole thing to be over.,anxiety,8,6,3,7,8,7,3,5,1,534,119
374,"AT THIS MOMENT IM ANXIOUS - WORRIED THAT MY 2 ASTHMATIC KIDS CATCH IT , WORRIED THAT MY SUICIDAL DAD WHO IS ON HIS OWN WONT COPE IF THEY STOP ALLOWING HIM HIS DAILY WALKS.
WORRIED THAT I WILL LOSE A LOT OF MONEY DUE TO OUR TRIP TO FLORIDA IN JUNE BEING IN JEAPORDY
WORRIED FOR MY SONS FUTURE AS HIS EXAMS WERE CANCELLED
WORRIED THAT MY POLICE OFFICER HUSBAND WILL CATCH IT AND BRING IT HOME
WORRIED FOR MY NHS WORKING SISTER AND HER FAMILY
IM GRATEFUL MY DAUGHTER MADE IT HOME FROM LONDON BEFORE LOCKDOWN AND THAT SHE IS HERE AND SAFE WITH HER FAMILY INSTEAD OF BEING ISOLATED ALONE IN A FLAT IN LONDON ",wish everyone would do as they are told and stay at home - quicker we do then quicker we can all get back to normal,anxiety,8,3,1,6,9,6,1,2,3,603,119
375,"Very worried about how much the situation will worsen and how to keep my loved ones safe. 

Angry about the number of people still failing to take it seriously and endangering others.

 Anxious about how to keep my little one safe and entertained whilst isolated.

 Anxious about my own job prospects and sad about not seeing the wider family regularly.

Sad for those in less fortunate positions who cannot stay safe, have no one and have lost their jobs.
 
Proud of the response of the government and nhs workers.",People need to listen to the advice and keep others and themselves safe,anxiety,9,8,5,8,9,8,3,2,2,515,96
376,"I feel disgust towards a lot of people that refuse to isolate. It also highlights how everyone thinks they are an expert, despite the real experts  admitting they've never dealt with this before.
I have no bad feelings or effects about isolating as I normally isolate myself most of the time.
I feel lucky I live in the UK as we have the NHS. I have a friend in the US who is more worried as their health services are fragmented.
I am a little concerned about catching the disease as I have a high BMI and am pre-diabetic so I can't be sure if I'm classed as vulnerable or not.",Hard to believe people cannot isolate when many millions of people in poorer countries would give anything to have to live in a warm safe house for several months.,disgust,5,7,9,4,5,3,5,6,2,577,118
377,"I currently feel sad about not being able to see my mum. I go shopping for her but I can’t go in or kiss her goodbye. That is upsetting. I’m also becoming anxious which brings on funny symptoms such as pains, headaches etc which in turn makes the anxiety worse. I know this will pass. One thing I do like is how quiet it is, the birds singing, the air is clearer and nature has started to take over in places just from a few weeks of being left untouched. I know this will all come right in the end but I reckon everyone will be a lot different and also the planet. It has to be. ","The sun is shining, the birds are singing but you can watch from afar. Stay indoors, don’t put yourself and others at risk. ",anxiety,9,5,5,7,9,8,3,4,1,580,128
378,My biggest fear at present is that my elderly parents may contract this disease and I feel helpless at the moment. I am also extremely worried about the impact this crisis is having on me financially as I have not been able to work for over 3 weeks and am dipping into my savings to survive. I live in a small flat on the first floor of an apartment block in London and am finding it very difficult at present as I only leave the flat once a day to go for a walk or get some groceries. My family are all in Ireland and I have to rely on phone calls to check on their well being which adds to my anxiety and stress levels.,Very worried about Corona Virus. Praying people stay at home and stay safe. Protect the vulnerable in society!,fear,8,4,2,7,7,6,3,3,1,622,130
379,"I feel worried for those at risk, particularly in my family, those who are older or have had health issues such as my grandparents. I am angry at those who are breaking the rules as if this continues we may not be able to go out at all, and my one walk a day keeps me sane . I am anxious about how long this will go on for and if I can go back to college, I am in my final year and want to be able to finish properly. It's a massive fear of the unknown as nothing has ever happened like this and the whole world is on lockdown. It's hard on many people's mental health, having to stay at home and not being able to go out and socialise and be with family members.","Please. No matter your age or health, stay at home, because this is affecting all of us. We can get through this",anxiety,6,4,2,6,7,6,3,5,2,663,147
380,"The government is doing a good job at the moment but i do get annoyed with media when they keep asking the government about when the lockdown is going to end.And every afternoon when listening to the government coronavirus daily brief,i really get annoyed by the same questions they keep asking especially when the questios had already been addresses during the briefing.at the moment i am reaal happy that people in area are following the social distance guidelines by staying in and only going out to have a walk or shopping when required.","It seems some people are not following the coronavirus instructions.The NSH needs you people to understand thay by not doing so you putting lives at risk,so go and look in a mirror and a take a good look at yourself because what you wll see in one selfish person,Follow the rules.",happiness,8,1,1,1,1,1,9,9,1,541,96
381,"I think lockdown should of been earlier.I also feel very angry because you still see people doing there own thing walking together in large groups, going to the corner shop about 4 times a day, it’s like people haven’t got common sense. I think it should be more strict about the lockdown. We should of took more precautions from the start. Greedy people at the supermarkets going crazy and not thinking about others. Starting arguments with the staff Who are putting themselves at risk so everyone can eat.",Should of done something sooner and be more strict on lockdown,anger,8,9,8,7,7,7,3,2,2,507,95
382,"I feel that the corona virus is scary because it has taken many lives and also negative,y impacted businesses. It means that I can’t have a social life and not see my friends in person as places of social recreation are all closed and I can’t go about doing my daily hobbies and tasks. It also feels weird as the city feels unnaturally quiet and docile, because everything is being stripped back to the bear minimum. Finally I feel it’s also effecting people’s finances as there are mass job losses. But having said all that I feel that there is a silver lining because people are somewhat saving in a way and also the fact that low paid work is seen as the backbone of societal progress and continuity ","Omg why won’t this corona virus end! It’s taken my summer away and I really miss McD’s, travelling and hanging out my friends! When this dies down I feel that pandemonium will hit and the economy will see a massive boom in people going to places of social recreation #covid #2020",anxiety,6,6,3,7,9,6,2,2,4,703,136
383,I feel sad about this situation because people are dying and others are not following the rules to stay inside. The NHS has a massive strain now and I'm concerned how they will cope with all of this. It feels like some people are not taking this seriously enough and therefore we will have to continue to live in isolation I just want all this to be over so we can go back to normal life. I feel sad and anxious as if there's no hope and everything feels strange at the moment. Not being able to see my friends and family is making me feel frustrated,Feeling sad about the Corona virus,sadness,6,5,3,6,7,8,3,3,2,551,111
385,"I'm genuinely petrified about what the Coronavirus means for me and my family. I'm scared of catching it, but there's also a small part of me that's scared of NOT catching it - I know that if I don't catch it, this crippling fear will continue to live with me until I do. I'm also ashamed that some of my family seem to think the rules don't apply to them, because they're putting themselves, and me, at risk. I'm concerned by how long the lockdown will last for - I understand it's essential and personally have no issues with it, but I think the longer it lasts the less others will comply with it.","Really wish people would understand that the lockdown rules are to be followed, and that ultimately if they do, we'll be out of lockdown longer. Those few who flaunt the rules are making it harder for everyone else. Stay home, help the NHS and save lives! #ItsNotHard",fear,9,5,2,9,8,6,2,2,2,600,124
386,"I am feeling very angry at the situation as people don’t realise how bad it can be and still have the thought that this is all fake!!!
If we go into total lockdown then I believe that there would be rioting on the streets as people are stupid enough to believe that this is against their human rights and think that they have the right to do anything they want 
It also annoys that parents either have no control/or interest in their children and are allowing them to go out and meet in gangs
Also the scams that are currently going on is disgusting and these people need to be shot they are preying on peoples anxiety and conning people out of monies",This is serious open your eyes and ears !!!,sadness,6,7,6,7,3,8,1,2,2,651,128
387,"Not too worried, not stressed much. Can't change whats happening so just getting on with things and using the time to get things done. I think the main problem is the press and media causing most of the panic and constantly going on about it, most of what they say are lies or just wrong. I don't watch the news much but can see it affecting other people. Main thoughts about it have been about planning incase it comes around again next year so don't end up stuck at home or short on things. Making sure I keep fit and healthy just incase I got it but not making many other changes.",Keep calm and carry on :),happiness,2,1,2,2,2,3,7,7,4,583,120
388,I feel very insecure and worried about the health of my close family and friends as well as struggling with my own health anxiety. I feel the Government have let us down by not acting quick enough and this both saddens and angers me. I feel desperately anxious for the front line workers putting themselves at risk alongside immense anger with the selfish people in society who are not observing Government guidelines. I feel extremely insecure about what will happen in the future and the aftermath of the situation on many different levels is extremely worrying.,"The Corona virus situation is one of the greatest tests of modern day society on so many levels. Please follow the guidelines - this is not a game, lives are at risk",fear,9,8,4,9,9,9,1,1,1,565,100
389,"I feel stressed and anxious a lot of the time. I have had to limit the amount of time that I watch the news as it was getting me down - I now check in a couple of times a day. I have family who are at risk and this is a worry. I feel safer in doors and see things like shopping now as a bit of a frantic time, getting in and out as quickly as possible so as to reduce exposure. I fear what will happen and cannot see an end to this but hope that a few as people as possible will die. This is unprecedented times and it feels very strange to have life changed so much just something which we cannot see.","Limiting my exposure to the news right now, as I need to manage my emotions and focus on my home-life, family and mental well being.",anxiety,9,6,4,8,9,6,3,3,2,602,135
390,"some days I wake up positive but some days I don't want to get up as there's not much to look forward to in these current times. At this moment I feel tired and dejected, probably as a result of not sleeping very well. It is taking me longer to get to sleep at night at the moment. As a result I am very tired in the mornings. The one thing that is extremely good for my wellbeing is getting out to do a run daily...or most days. I am hoping that this will be able to continue and won't also be taken from us.",feeling tired today but trying hard to remain upbeat!,anxiety,6,4,3,5,6,4,4,5,4,509,116
391,"In general I'm confident this will be resolved over time, I'm annoyed that people continue to ignore government advice when I'm stuck at home and would very much like to go out and visit friends etc. Most of all I haven't see my girlfriend for a few weeks and that is becoming increasingly difficult.
I believe the NHS are doing all they can and we, as a nation should do everything we can to support them, which includes staying indoors unless completely necessary but people can't even manage this.
I understand this is a frustrating and scary time for everyone, from a selfish point of view I have my own worries about stuff like a holiday I have booked next week but I know in the grand scheme of things this is not as important right now.","These are unprecedented times, no one know what is going to happen, but we should all be following advice and staying indoors as much as we possibly can. ",anxiety,7,7,2,7,8,8,3,3,8,743,145
392,"I'm saddened that I'm not able to travel at the moment, I had quite a few plans for April that have been scuppered. In general I'm not all too affected due to being an introverted homebody, but am shocked at the sheer level of contagiousness of the virus and in the longer term really hope it shows those in charge how important the NHS is. I really hope that people can pull together and don't drag this out longer than it needs to, although the pessimist in me isn't expecting that much.

Also, although I feel a little bad for it there's a certain amount of schadenfreude gained from knowing the Prime Minister is now ill with coronavirus after his being so weak-willed for so long when the dangers first started appearing.","We need to pull together, listen to the experts and do everything we can to curb this virus. Breaking social distancing is only going to add to how long it stays in place for!",anxiety,7,4,3,4,6,5,3,3,1,726,140
393,"I do not find the isolation difficult. I am one of those people that does not mind my own company. It won't last forever. I do like to sit outside a cafe and watch the world go by, but I can wait. I worry about my partner who goes out to work every day in a nursing home. He has diabetes and has had angina. Fingers crossed. We have Mums, both aged 92. They are staying in of course. Getting an online grocery shop is the most frustrating aspect. But I usually get there in the end. I just wish people would obey the rules and then we might get through this quicker. All in all, it's something we just have to get through. ","Unplug, switch off, relax. Start to know yourself without asking everyone else's opinion or approval.",anxiety,7,2,2,5,7,5,5,6,2,623,140
394,"At the moment I feel really stressed. This is mostly because of my mum, who has been in isolation for 3 weeks and is 77 this summer. I worry that she will get sick, not from the corona virus but from something else, and I will not be able to get treatment for her. I wake up in the middle of the night worrying that things will never get back to normal for any of us. I don't miss work because I hate my job but the lack of normal routine is having an effect on my mental health. I am trying to keep healthy by exercising each day but it is a real struggle. I can't believe I am living this. The terrible news each day and the losses people have to endure is unreal. How can someone survive having a child one day and knowing that they are being buried alone the next?",Please help our NHS workers. Give them the supplies that they need to do their jobs without undue worry and protect themselves. We never know when we will need them. These people are often the only hope in a world where we don't realise what is around the corner.,anxiety,8,3,1,6,8,7,2,4,1,768,167
395,"I am worried for both myself and family. I am also worried about the longer term effects of the Corona virus. It is particularly worrying for older members of he family who are self isolating but there is also significant impact on their mental health. We are attempting to maintain social distancing but this can be difficult, particularly in shops. It is also incredibly boring and restricting on how we normally lead our lives that leads to further anxiety. I am worried for everyone and also the ability of our country to continue effectively economically",It s a worrying time for us all but we must hold on to the belief that things will get better.,anxiety,7,2,2,4,6,4,4,4,2,559,101
396,"I still feel worried about the Corona situation at the moment.  Although. I feel slightly relieved as the death figures have reduced for the UK as a whole but in particular they have plummeted in Scotland for 2 days in a row to 2 deaths per day.  However, I'm a little anxious as to whether this will continue and hoping that people don't relax the advice of self isolating or social distancing because of this as this would undo the good that has been done.  I still feel a little ponderous as to how this virus has started and the cause.  I also get very annoyed about people not being respectful of the 2 metre distance.  I feel pretty anxious about the economy also as I'm wondering about the long term effects this lock down will have on the country and the world.  There is so much hardship and poverty already in this country.","Currently feeling anxious, angry and fear about the Corona virus, but had a little reprieve with the decrease of deaths in the last two days.  Please continue to follow government guidelines and stay safe!!",happiness,6,1,3,3,2,1,5,3,3,833,163
397,"Due to having a very weak immune system where I was hospitalised when younger I am concerned about my well being, self isolation can only do so much and the fear is people in my house who still need to work potentially bringing the virus into my household, having spent a month in isolation what I do on a daily basis is being limited as I am getting burned out of the things that I frequently do to entertain myself which I turn is also frustrating, another annoying aspect is that I am not in a position to see close family including my mother who I would normally see everyday but that luxury is now not available to me during the current pandemic",Let’s all stick together and we can beat this damn corona virus !,fear,8,7,6,8,8,8,3,2,2,650,126
398,"I feel worried and anxious about how this virus is going to come to an end. I am also thinking and worrying about my elderly in laws and parents and the fact that my husband and I can’t be with them not helping them at the moment. 
In other hand, I feel more and more the weight of privilege, right now, I’m not working but being paid my employer, I have a safe and nice house to be, with a bit of a garden when there are sunny days. I’m in a loving relationship so don’t have the worry of being abuse in my own home, I don’t have children to worry about nor to think about homeschooling, I have time to cook a healthy meal, I have money to do so, I have times and wifi for exercise, getting in touch with family and friends online. So I’m really grateful and privileged, how about poorer parts of the country and the world where there’s no space like shanty towns and favelas? This worries me a lot. 

But also hopeful and happy that perhaps this will bring about a new normal - where the rat race isn’t going to be so overrated as it was. So I’m always thinking about the both sides of the coin which makes me anxious and helpless. My main question is - how to help others in this situation? 
","It’s a time to deconstructions, time literally stop and think how we want to live our lives from now onwards. ",anxiety,6,4,4,6,7,6,6,5,6,1195,254
399,"I think this pandemic really shows people's true colours. How people and organizations react to crises. I feel a fair bit disappointed and disheartened by how most people has been reacting, to the point where I feel perhaps we deserve this pandemic (although I'm aware many good people have and will lose their lives to this fight). Perhaps we need a bit of cleansing. I almost feel a bit disappointed how with this virus, since it's not really that deadly (not with the current strain anyway) we won't nearly end up as many deaths as would be considered as a """"""""""""""""cleansing"""""""""""""""". What we'll get is an economic meltdown. I'm worried as I'll be graduating straight in a long and global recession.",Perhaps we all needed a bit of cleansing,anxiety,6,2,2,3,5,1,3,5,5,689,138
400,"I feel anxious about the situation. I am waiting to find out whether I am being furloughed. My other half has already been furloughed. I miss my family. It’s my mum’s birthday today and I can’t see her Is she is shielding. Is this life now? When will it end? Will I know anyone who will die? I have messaged my friends and they all seem okay but it’s not the same. Tv is boring after a while and I feel like I will soon be crawling up the walls. 
I feel like the government is doing a good job, they have channelled the NHS. An institution that is properly the only thing all Brits agree on. We police by consent. Britons are turning on one another screaming stay at home to save the NHS. ","The unknown makes us feel desperate, waiting to return to normal. What is normal? We are together though we are apart. We will meet again #queen",anxiety,7,2,2,6,8,6,3,3,1,689,150
401,"I am quite frustrated at with all the restrictions, and disruptions. Planning for the future is so challenging. It is as if my life is in limbo. I am looking forward for all this to be over, and life to return to normal. 

I am also employed as a front line health professional, work is just so draining, there are demands from the public, there are extra demands from my employers, there are also additional challenging demands put on us centrally from the NHS, yet there is not enough support, and this is really draining. ",Very unsure of what the future holds.,anxiety,3,4,4,5,6,6,3,4,4,525,108
402,"I am on maternity leave with my 6 month old daughter and currently parenting alone. I am incredibly anxious and worried. My mental health is suffering as I relied on going out to see family and attend classes several times a week to keep me sane! I am just thankful that at least my daughter hadn't started nursery yet so there was no change in routine for her.

I am also concerned about when the lockdown will be lifted as I am trying to arrange going back to work in June and have no idea what kind of childcare will be available ","This shit sucks major balls
",anxiety,6,4,3,6,9,7,4,2,8,533,106
403,"I feel indifferent at the moment as I don’t know anyone personally affected by covid, I’m anxious because I have young children and if anything happened to me I would fear the consequences for them.
I also worry about my parents who live far away and we can’t see them at this particular time of year.
I’m finding it difficult to go out for a walk as I can’t take all of us out and I fear for jobs and the high street as it was already suffering.
I think that asking for at least 500 characters is a bit much as not everyone has the mental sense at the moment to make the most clear and concise answers.","Please everyone STAY AT HOME, this won’t be forever, if you don’t play by the rules none of us can enjoy life for a long time. Short term frustration for a long term goal.",anxiety,5,3,3,5,5,5,1,1,1,603,124
404,"At the moment I feel confused and worried by the situation, on one hand it is very worrying and the fear of the situation is great.  I am very concerned about the economic situation, the state of the NHS and society as a whole.  I also worry about the older generation who are more susceptible to falling ill, although the disease is not being full ageist in who it affects 
but on the other hand staying at home with my family and not rushing around to school drop off, commuting and working full time is is good  
i feel relaxed when i am with my family but then you open the front door and the realisation hits you of what is happening ","Everyone please stay at home, for the safety of yourself, your family, your friends. and for those who are working at the NHS and frontline services  ",fear,8,2,3,8,7,3,5,4,2,639,128
405,"I'm concerned about the effect it could have on my family and friends, apprehensive about the potential effects on the economy and sad that it has prevented me from seeing people.  It's also been very frustrating the way that many people have reacted, by either panic buying or ignoring the advice and continuing to mix with others.
However, I'm relieved that my job is (for the time being) safe, and that no-one I know has suffered any major effects.  The reduction in pollution has been a positive side effect, and it may result in some positive changes to the way we live and work (such as more remote working).","Trying to focus on the positive consequences of the virus - remote working, less pollution and a chance to catch up with projects at home!  If only we could achieve something like this without the anguish and loss of life",anxiety,5,3,2,4,6,4,3,3,2,614,122
406,"I am worried about losing my job. My emotions and those of my family are all over the place. We are all scared and worried about the future. I’m also struggling being at home and this is getting me down. There does not seem to be an end in sight and I am worried how long this situation could go on for. The future looks quite bleak and where we go from here, I do not know. If we had a deadline or an end in sight, I think this would help a lot of people although I understand that this is a difficult thing to predict and communicate. ","Fear, terror, concern, worry and disbelief. Coronavirus is no joke and unless we work together, it will not improve ",fear,8,6,4,8,8,5,3,1,1,537,118
407,"When the coronavirus was first heard of I was quite relaxed.I never thought it would turn into a pandemic.As more and more countries have infected cases it makes myself worry more.As each day goes by I find myself become more and more nervous and anxious about the situation.The lockdown has brought out sadness in the fact our way of life has changed for the time being.I try to think positive and abide by the rules of the lockdown and hope one day life will be back to,normal.THe more cases that are confirmed in my own city brings the virus even closer to home .",We must globally all unite against this virus and we shall win.,anxiety,7,1,1,6,7,6,3,5,3,566,106
408,"Extremely concerned for loved ones who are more vulnerable than me. Anxious about being able to order/collect meds in a timely manner without risking infection, and fearful of shopping for food and other vitals. It's not the shopping itself, although that is potentially fraught with hidden dangers, it's more the thought of having to queue with strangers that worries me. In a bigger picture, is this the quiet apocalypse? IF not, then how long will we be under these restrictions, and will they get worse before they get better? Too many questions.","Worried about what we know, what we don't, and whether we can trust what we are being told. ",anxiety,8,4,3,8,9,7,2,4,2,550,106
409,"I feel that there is an underlying problem with the whole situation. Bill Gates had been warning of this on TED 15 years ago and we have had various contagions around the world. It seems that no country in the world was really ready for this, nor did they have any plans. It is as though it was never expected to happen. The testing in the UK for antigens is not working and a lot of taxpayers money has been spent on this. Emergency services are grossly overstretched and people are being badly informed. The only useful strategies have been hand washing, distancing from others and not going out unless necessary. Masks and gloves being worn day after day by the public may even accumulate the pathogen but no advice on this has been given.","Stay calm, keep your distance from others, keep clean and remain at home unless you need to work, shop for essentials or obtain medical help. Keep in touch with friends and family by 'phone, email, skype and other means. This will all pass. Stay safe and protect one another!",sadness,7,6,7,5,4,9,1,2,2,742,145
410,"Very Very anxious about work, about juggling family life, about my kids missing out on their lives. It’s impossible to juggle everything and stay sane. We’ve lost our first holiday in 2 years to this, and we can not afford another holiday and we’ve lost all our money on it. I’m Desperate to get outside properly and interact with family and friends. I’m totally sick of this shit situation. I think there’s a point that the economic fall out will be worse than the virus and I’m very anxious about what the future holds financially. I’m worried about my parents health but not about mine. I wish there was a way to tell who’s had it so life can return to normal. ",Very anxious about what the future holds. It’s an economic catastrophe,anxiety,8,4,2,8,9,8,1,1,1,664,133
411,"I think the world is in a very strange state of limbo, which is reflected in my mood. I am worried about loved ones, family and friends, who still have to go out the world. We are all in a liminal, uncertain state of being - I feel a bit hollowed out rather than any one emotion. The anxiety and fear has tapered off in recent weeks but I think this is desensitisation rather than it going away. It feels like a never ending situation that I would like the world to collectively come out of, as if exiting a bad dream. ",Looking forward to 2021!,anxiety,7,2,1,7,8,3,3,3,7,519,112
412,"I’m feeling much more anxious this week about the virus. 
I’m afraid of catching the virus and not being able to work and then being able to pay bills. 
I’m afraid of elderly family catching it and not being able to fight it off. I’m concerned about the people I look after in supported living because of the amount of staff they’re having in their homes. I’m disgusted with people not abiding by the lockdown and going out to public places and socialising. They’re putting us all risk and making us all more vulnerable. 
",I’m really worried about coronavirus and I’m worried about paying bills if I go off sick,fear,8,6,5,8,8,7,1,1,1,522,100
413,"Right at this moment Im trying not to get my hopes up too much
I notice in Spain and Italy they seem to be reaching the peak of people affected with the virus and as we are about a month behind them I can see things hopefully getting better by the end of June.
The panic nuying in the supermarkets seems to be calming down and people are taking the social distancing more seriously than they were beifore
I am still very my anxious and worried especially about my elderly parents who have not been outside for 3 weeks now Im lucky that they have very good neighbours who have been getting food and other suplies for them but it is still a concern as both are in the very vunleable groups.
Personally I am concerned I will catch it and I dont have a great history of physical and mental health so I would rather avoid the virus if I could
I just hope the virus peaks soon and we can all get back to work and our lives as normal","The virus is deadly serious.Stay in your houses or you risk catching it and even worse passing it onto someone with poor health which can kill the, Dont be selfish stay at home protect others and protect the NHS who are at full capacity already & dont need more cases to deal with",anxiety,8,3,3,7,9,7,1,1,1,926,184
414,I am very worried for my daughter my family and my friends. I'm worried about running out of food because I haven't been stockpiling. The shops are scary and frightening so I am running low on lots of basic food. I miss working. I'm worried about running out of money and losing my house. I'm also worried about when this is going to end if it's going to keep on for ages. I dread seeing the death toll every day incase its higher than yesterday. The death toll shows people as statistics instead of the people they were. Its dehumanising.,We all need to stay in and listen to the advice from WHO. Stop stockpiling and look after each other. We can all get through this together !,fear,7,6,7,9,8,7,2,3,3,540,109
415,"I’m generally an anxious person, ad have been clinically diagnosed with anxiety and depression but lock down has strangely eased some of my anxiety that. Before lock down I was anxious about me, my children, husband, siblings, parents and whilst i’m Still anxious and the occasional trip to the supermarket has been heartbreaking as you can see how desperately sad everyone feels, the anxiety I had about lock down and the children coping were largely unfounded and the anxiety is now first and foremost about the virus.",miss everyone but we need to do this,anxiety,7,6,2,8,9,8,1,2,1,520,95
416,"It's a bit frustrating not being able to go outside as I normally would. But the current lockdown does allow some time outside to go to the shops and exercise, that's good for my mental and physical health.

I'm lucky that I work from home, so I can continue with my job as normal, although my income has dropped a bit.

We have to be patient and try and make the best of things. It's a good opportunity to spend time with family and catch up on things indoors that need doing. 

Hopefully the lockdown will start to show some positive effects on dealing with the virus.","Although it's a bit of a frustrating time right now, the more people follow the rules on lockdown, the quicker we will get the upper hand on the virus and things will gradually return to normal again.",relaxation,2,1,1,1,1,1,5,7,1,570,116
417,"i feel really down as i suffer with depression and going fishing helps but cant go at this moment in time so it is really getting me down, i have managed to get a lot done in the garden that has needed doing so that is a positive but really need to get things back to normal asap, for myn and my families sanity, iss seing my father as he is in at risk group and havnt seen him in over 3 weeks now, my children are getting bored of not being able to go out and see friends, they also miss school its just not the same learning from home as in school with all their friends",every one please listen to the govermant i want to get back out asap to do some fishing with my dad,anxiety,5,3,1,6,9,6,3,6,6,572,123
418,"My feelings about corona is mixed. I feel anxious for my family and friends especially my parents who are at high risk. Also my work colleges who are looking after the children of keyworkers. I am angry when I watch the TV and see scenes of people gathering in groups as theses are the people who will cause this to never go away and we want life to get back to normal  the government is trying to do their best in a difficult situation and the minority of the public are not heeding the advice given. I have even seen in the supermarkets people not following the rules that they have in place to keep us safe,",Discussed with what I saw today Anxiety is through the roof. follow the instructions stay at home,anxiety,6,3,5,6,8,5,5,4,4,610,122
419,"I feel helpless and hopeless. There is nothing I could do apart from staying at home. 
I'm also quite stressed because of financial pressure. I will not get any financial help, and that keeps me awake at night worrying.
I'm a bit angry because the politicians were not honest about the situation when it first started. And the media have been misleading as well. 
I'm also angry that there are many selfish people who are not following official guidelines and not observing social distancing, bringing danger to every member of the society.","Worried and stressed. Everyone listen to the gov advice please, stay at home and practice social distancing to save ourselves.",relaxation,7,3,4,4,6,2,2,6,1,540,101
420,"I feel that the overwhelming majority of people are trying very hard to make this period of social distancing work but people need to try harder to protect our elderly and health workers. 
I wish that the government had taken the matter MUCH more seriously 2 months ago and then we might not be where we are now with the lack of resources for the NHS. Their lack of clarity in the last few weeks has also made a worse situation today.
I feel that if the government had introduced the lockdown two weeks before they did, as France and Spain did, our situation would not be what it is now and we would have less deaths from the covid 19 outbreak.",Feeling sad but also totally fed up with the conservative government today. Thinking how we will judge their decisions or lack thereof several months from now.,sadness,7,7,5,7,6,8,3,4,2,644,128
421,"It still feels unbelievable that this is happening. I can see it from the news and social media that people are dying, nurses and doctors pushed to their limits, emergency services trying to do their best..
I am worried about my family and our livelihood. I do believe the government is trying its best, although did not expect it to be honest. 
My heart goes out to the people who can't attend their loved ones funeral, doesn't have enough money to pay rent/bills/put food on the table or doesn't have anything at all.","Don't be selfish, stay at home as others will be suffering because of you!",sadness,4,6,5,7,6,9,2,2,1,519,107
422,"I feel that the cornavirus is quiet worrying and is making it difficult for me to find motivation or reach my goals at the moment. I think I am getting better at being socialiable remotely and have found some work to do as well as being present in a unique situation, however it is still difficult to feel that this is a good environment and I worry about my mental health at present. I think that today has been particularly bad and my sleeping patterns have been very negative with a lot of difficulty getting to sleep and needing a nap in the afternoon.",Cornonavirus is making is really hard for me to stay asleep. It's unforuntate that I've gone from one extreme to the other! Maybe I'll eventually find a good compromise.,anxiety,7,3,1,3,6,6,4,4,7,556,108
423,"I am very nervous about the current situation as I am missing my family and do not know when I will see them again.

I wish there was an end to this in sight so my life can return to normal. 

I feel very upset for all those who have died already and do worry that it will effect someone I know in horrible ways.

I feel a bit stressed about how I am going to pay bills because I am self employed and my working tax credits have been stopped because I made a claim for universal credit thinking it would help.",#scaredofthefuture,sadness,7,2,2,6,7,6,2,5,2,509,107
424,"Very worried as I feel people aren't taking things seriously enough. Also feel the government is handling it very badly. I'm very worried that my family could get it, I feel that because people are not self isolating properly, and people are not keeping a reasonable distance in shops, someone I know is going to get very ill from it, this is probably the most angry I have been in my life at a political situation, which I believe this is, as the government is clearly not doing enough to stop people from going outdoors, seeing friends and families etc.","Very annoyed at our government, they are a shambles.",anger,9,9,8,9,9,8,3,5,5,555,110
425,"It has quickly become normality. I am concerned for friends and family in terms if how they will be effected if they get the virus. It is also concerning that there doesn’t really appear to be an exit strategy at this point. The other main concern is how we will rebuild the economy, poverty is likely to be a major issue particularly if the lockdown continues much longer.  I am fortunate in that I am a key worker so do not have any immediate concerns relating to work. I am generally pretty relaxed and would go as far as to say that I am actually enjoying the isolation. ","I feel contradicting emotions, fear for friends, family and everyone else yet enjoying isolation ",happiness,4,2,1,3,3,4,4,5,1,575,115
426,"I am anxious, mainly because I am responsible for a multi-generational household - myself, my 15 year old son (who would have been taking his GCSEs) and my 87 year old father, who has vascular dementia and is very frail. We have carers coming in and out of the house 4 times a day to do Dad's personal care, and I live in fear of one of them inadvertantly (and they do do their best to be careful) bringing the virus in, as I realise it would likely mean a distressing and horrible death for Dad. I'm also worried about the effect of all this on my son, who now cannot improve on his schoolwork in order to get the grades he needs (he was unwell eariler in the year). I'm also worried about income, as I'm self employed and quite affected by the crisis in that regard. On the plus side, it's like someone has pressed the 'pause' button on life, it's peaceful, we are lucky enough to be in a reasonable sized house with a garden, and when I'm not worrying, I'm actually very relaxed, with the lack of rushing here and there.","Life on pause. It feels like we are in some sort of disaster film; I keep waking up - refreshed & relaxed, because no alarm - and then I remember, we are all in the middle of a pandemic with people dying, but it somehow doesn't seem real.",anxiety,7,3,1,6,8,8,5,8,1,1023,221
427,"I am worried and want life to go back to normal. I feel like I won't get really sick but know that there is a chance which is scary. I am more concerned about my children than anything else. I don't want them to get sick, I am worried what will happen if they do. I don't want them to be alone in hospital. I am happy for the lockdown to continue to get on top of the virus. I am angry at people who are ignorant of the guidelines and keep going out at the risk of others. I am tired of reading about all many people dying ",Getting worried about corona virus,anxiety,7,3,2,6,7,6,5,5,5,523,117
428,I am relaxed at the moment. I just got back from shopping and have my dinner on. I rest assured that the truth about the Corona virus (of which there are lots)will come out and those responsible will be dealt with accordingly. Hence I am getting on with my life the best I can. I intend to chill this evening and watch a film which helps to take ones mind off the whole debacle. I may also pray that the world wakes up to the nonsense that they are being bombarded with. I am even relaxed while writing these statements which is a good thing.,World shut down by an elite few. Welcome to the beginning of the beginning.,relaxation,1,1,2,1,1,2,8,9,6,542,115
429,"I am very concerned about catching the virus and getting seriously ill then making my wife and children ill. I am also very worried for my parents.  I am worried about my job, at the moment it is safe. I don't like going shopping when I have to. I angry that some people are not following the social distancing rules which will make this last longer. I also worried that people will become more xenophopic after this is over blaming foriegners for these problems.                                     ",I am worried,anxiety,6,4,2,7,8,7,3,2,2,500,91
430,"I feel like this situation is bad in regards to needless loss of life. It also has a positive, it allows us all to slow down and LIVE LIFE rather than constantly doing the same cycle of work and no term for our families.
It allows us to see what's really important, we are all vulnerable and time is not replaceable, our jobs will replace us, it's time to slow down and appreciate the simple things in life.
It's a shame that our government took a little longer to tell people to stay home. They made a big mistake not checking people at airports when they arrived.","I feel that we can now sit and appreciate our time and loved ones. The world can now slow down and the Earth can be....the Earth! People have been self focused for far too long, now we have no excuses, focus on others and the goodness in people.",anxiety,5,1,1,2,4,2,5,5,4,565,116
431,I feel trapped.  I haven't been out of the house since Friday afternoon.  I am working from home.  I want to go out for a walk but get anxious about the thought of it.  So I stay in doors. The days are just rolling into one.  I am happy on the whole but the want and need to go out is overwhelming sometimes.  I feel like every day is wasted.  The news is draining.  I try not watch.  Just want to do the time and get it all over with so I am just staying home and getting on with is.  Like a prisoner doing their time.,Trapped and numb,anxiety,7,3,1,5,7,2,7,6,5,519,119
432,"I’m feeling sad at the moment. I feel the government is reacting to the the issues opposed to being ahead of the game and this is causing a loss of life. I also feel sadness and disappointment in the public that aren’t sticking to the clear, simple instructions! The result of this will be an enforced lockdown which will have a negative impact on people as the warm weather arrives in the coming months. I’m sad that I can’t see members of my family that live less than 1 mile away from me, one of those family members is my 91 year old grandmother.",Stick to the government guidelines and this will be over ASAP!,sadness,6,3,4,3,6,7,2,5,7,550,111
433,"I am worried that it has not been taken seriously and may be too late. I am angry that people are still flouting the rules and are not being punished for being a detriment to their own health and that of others.
I'm nervous because I have to work in healthcare and am exposed to patients who may or may not have the virus day in day out without knowing what I could be bringing home to my parents who are at risk.
I think that the Government need to be harder. Yes, they may not want to tighten lockdown rules, but if people aren't listening to them - they must. It is for the benefit of the country.
And I hope that we learn from this, and should something like this happen again, we be far better prepared and take it seriously from day one.","People are showing their stupidity again. Rules are their for a reason and that reason is not to be broken!! Think of your own safety and that of everyone else.
Have some common sense and decency and stay home, stay safe!",anxiety,7,6,5,7,8,7,4,3,1,743,157
434,"there seems to be worry every time my head wonders, every time I try to take 5 mins to breath and have a minute I cant stop the wondering of my mind back to what if's.  Then the tightening of the chest with another panic attack brought on just by the thought of all the what ifs.  Trying to sleep but the cycle of worry's keeps reappearing and the thinking about keeping me and my family safe and my current medical problems getting worse and the what ifs reoccur. Knowing that I had important medical tests for an infection already that had damaged my brain and them being put on hold causes me to panic in case I lose any more of my eyesight and not being able to do anything about it.  But then I have to stop and think that at least I'm here and my family is here for now and not with covid-19.",having the constant worry every day as to whether if this day will be the danger that the danger begins.  The horrible feeling of not have control over the well being of my children,sadness,7,4,1,4,6,8,2,2,6,798,163
435,"At this moment, I am feeling incredibly bored by the whole ever-evolving Coronavirus situation. I live alone so have had to self-isolate by myself in a small studio flat and it is a lonely and experience. I miss human contact. The unknown unknown of when we will actually get to experience normal life again also makes me very angry about the Corona situation. I am also anxious about the wider global context of Coronavirus and the last effects it might have on me, my friends and family, and those around me. ","Bored, anxious and angry but staying home for the greater good.",fear,6,7,4,8,8,4,5,2,9,511,99
436,"Perversely it's created a shared spirit, albeit an anxious one. 
It's like a reset switch, but more bad than good is going to come out of it. Sudden hardship will cause large problems and there needs to be full empathy from large organisations to reduce those problems. 
There's not really a 'win ' situation here, it's a damage limitation exercise.
Large corporations (especially banks) need to be sympathetic rather than looking at opportunities to boost their public relations and marketing,
Most people I am aware of are keeping to the rules laid out by the government. i.e. keeping 2 metres apart, staying in the house, etc. But exercise is important, especially for those people in small houses with no garden, and I do not believe in demonising people who go to parks to get fresh air. If 20 odd people are hanging out together, that's something altogether different","We can't enjoy the Spring, but lets enjoy the summer. #stayinside #staysafe",anxiety,7,5,1,3,7,6,2,2,3,873,168
437,"At the moment, I feel very worried that people are not taking it seriously enough, which subsequently means a lockdown will carry on for longer and longer. I also worry for my family in case they contract this virus or if a member of my family is carrying this virus without knowing. 

I also am a bit disgusted that some people are only putting more of an effort into their personal hygiene now due to a disease and didn’t put any or much effort in to this beforehand. 

Times like these are the only times keyworkers or services such as the NHS or Emergency Services are receiving any sort of recognition, usually their work goes completely unnoticed. ","If everyone just became less selfish for a small period of time and stayed inside, despite the weather, then situation could be dealt with a lot quicker ",anxiety,6,4,2,7,6,2,2,2,3,654,124
438,"I feel very scared that I get it, I am scared to go out for essentials and I worry about my family. This is such a disaster for everybody and will change our lives forever. I have previously had breast cancer so I am worried about my immune system been weaker. I feel so sad for all the lives that have been lost already and dread to even think about what the next few weeks will bring us. Lessons need to be learnt from this, and we need to be prepared if anything like this ever happens again. I just want my life to go back to normal and do normal things like before, things that we take for granted.",Scared worried fearful for the next few weeks will never take life for granted again or the small things in life that we do not even think about but we are now! Stay safe stay home protect the nhs 💙,fear,9,9,9,9,7,9,1,1,1,603,129
439,I work from home so day to day my life has not changed too much.  I worry when going to the shops but I limit this to once a week and never go out of the flat otherwise.  It is a bit surreal but I have no problems carrying on with the government advice as long is helps.  I hope that we can all just follow the advice so that we can get through this as quickly as we can.  I do get rather angry with the people who flout the rules and go out to parks etc. as this is so selfish of them and is going to delay the outcome and also cost lives.,Keep calm and follow the rules.,anxiety,6,4,4,6,8,3,2,4,1,540,122
440,"I feel anger at the people who are not listening to what the government are saying , not listening to the lockdown rules,  Risking not there own but everyone’s else’s lives. The government should the exercise once a day rule as people are using it as an excuse to do what they please. It angers me knowing without everyone pulling together we may never get over this and we will lose even more life’s.
The nhs are risking there life’s everyday and to see so many selfish people not listening is upsetting and disgusting.",Stupid ignorant people this could happen to you #stay at home you aRe not invincible.,fear,9,6,6,9,9,9,2,2,2,520,99
441,"I feel relaxed and comfortable that as a relatively healthy young man that this situation will pass by without affecting me. I feel slightly worried in terms of finances but am currently not affected. I feel relaxed enough to spend my extra spare time doing the things I’ve been meaning to get around to but haven’t had the chance to such as gardening and decorating and so I’m actually quite enjoying my reduced hours at work. I feel confident that a vaccine will be produced fairly quickly and that as a result COVID-19 will become no more troublesome than the flu
",Confident that everything will be ok. Enjoy the sunshine!,relaxation,1,1,1,2,2,1,5,6,3,567,104
442,"My husband is shielding due to leukemia, this means I am afraid to leave the house in case I should catch the virus and bring it home with me. We have been at home for 3 weeks now and luckily I have an online shop, but after that I will have no choice but to go out.  This is a big fear, but worse is that my daughter's partner is a hospital doctor and I could not bear for him or her to be ill or for one of them to die. This fear wakes me up at night.  My son and his partner are sensible and are staying safe at home, but my daughter's partner can not and would not even if he could choose to.
","We all have to stay at home so that when, finally, we can get together again, there will be no-one missing. ",anxiety,8,3,2,7,8,8,2,3,1,597,136
443,"It has caused me anxiety and sadness, as I'm unable to see my partner, family and friends being that we are on lockdown. I'm also worried about my dad catching it, as he is high risk with having lung problems and poor health anyway. I worry too about the effect on our mental health and economy, many people are losing their jobs and small businesses will be affected too. Thankfully my job isn't affected as I am a key worker but my friends work in retail and hospitality and they have been unable to work because of it. It is also a strain on our NHS, which has not been funded properly for years ","Very worried about all that is going on in the world. We must all look out for each other and do our bit to combat this virus. Be strong everyone. We will get through this all together and we will see better days. Follow the advice we're given. Take care everyone, Michelle xx",anxiety,7,4,3,6,7,6,1,1,2,599,123
444,Some people are still very ignorant about what this virus is.  They just don't understand how important it is to isolate. The government has to impose a complete lock down immediately to protect everyone. I'm scared for my family at this time. I miss them and am afraid that I won't be able to go to my brother's wedding in August if the quarantine is extended because of stupid people ignoring basic guidance. It makes me so angry and frustrated that some people think they're exempt from the rules.,Sick to the back teeth of people's ignorance. The government has to impose a complete lockdown immediately!,sadness,7,3,3,7,7,8,3,2,2,500,95
445,The situation with Coronavirus is one that is very scary for everyone. Our way of life has been completely changed and it's had a significant impact on me and I'm sure others. The overriding feeling that I have is fear.  I fear mostly of getting it and giving to the people I love. I also have anger at the government for allowing it to get to this stage and for being ill-prepared.  Anxiety is also an issue as I have to look after getting supplies in for people and not knowing when this will all be over.,A fearful time and one we are all going to remember.,fear,9,8,7,9,7,6,4,4,5,507,103
446,"I’m not worried for me, as I’m a 32 year old “healthy” male. I worry about my wife who has asthma and my elderly mother who has underlying health problems. I don’t worry for myself I worry for others if they were to get it would have complications. That is my only concern. I know others are worried about their financial situation but fortunately mine isn’t going to suffer due to the virus. Hearing the death toll everyday makes you anxious and hearing the news around the world. I try to look at the news once a day just so I know the essential and then tune it out so it’s not overwhelming. ",I worry for my family and want them to stay safe. So please everyone stay home if you can.,anxiety,8,2,1,7,9,7,2,1,1,595,123
447,"I have just heard that the UK Prime Minister has been taken into the  Intensive Care Unit, this is absolutely shocking and I feel very anxious and a bit frightened. I was already feeling pretty anxious and slightly fearful but hearing this news has totally shocked and appalled me. I have felt a lot more anxious since the virus has become more and more widespread, this anxiety partly comes from being a key worker and partly due to having a child with asthma. I fear that if I catch the virus I could pass it to my husband or my son.","Shocked and saddened to hear of the Covid-19 outbreak, thoughts and prayer hoes to those affected.",anxiety,8,2,1,6,8,4,1,1,1,535,107
448,"very scared that I'll get it, I am already in an at risk group. The likelyhood of serious harm to myself is high with my pre-existing conditions. My social situation is like everybody else's deteriorating and will take many months to improve judging by the progression of the virus and the impact on the social and economic life in this country. all activities that i used to participate in have been closed off to me I do not work so do not get much (any) social contact. The activities I would like to be able to do are not likely to resume in any particular hurry either.","hate this situation, just gotta get through it",anxiety,8,4,4,8,9,5,4,3,3,574,115
449,"This is such a difficult position to be in. It is definitely the uncertainty of not knowing when this situation will improve that I find most difficult to handle. I am scared that my family, my loved ones or myself could catch the virus. Reading the daily gloomy news from across the globe is so sad and makes me feel incredibly helpless. Knowing that I will have to do the weekly grocery shop soon feels me with dread. I also find it hard to explain to our children what is going on. They are way too young to fully understand, but they know that life looks a little different right now. ","The uncertainty of not knowing when this situation will end, is very hard to deal with. Thinking about the next weekly grocery shop fills me with dread. ",anxiety,8,6,3,8,8,8,1,1,1,589,120
450,At this moment my main anxiety or worry over the coronavirus is about the economy.  I am concerned whether the country can return to a `normal' state and how long this will take.  I am concerned about my own income in the longer term as I work in the social care sector which is very stretched financially having to find extra resources to cover the staff sickness.  I am also concerned about the health of my loved ones though several of my older more vulnerable relatives including my father passed away last year.,Please don't go out if you really don't need to but try to keep shopping online to keep the economy moving.,relaxation,5,2,1,3,5,4,6,7,3,516,99
451,"I feel afraid of how the U.K. will cope over the next few weeks and I how it will ever recover. How will the children cope going back to school, how will the country cope financially? How and when will people mourn the loss of loved ones? I am also afraid that there will be so many investigations, looking for blame and how we could’ve dealt with this pandemic better when more time and focus needs to be on recovering as a nation and as smaller communities. Many people are not adhering to guidelines and although this has been a dreadful start to 2020, storms and now there is sunshine people want to go outside and they can’t. I worry about how police service will cope and NHS staff and the other key workers. ","Absolutely terrified. Terrified for what’s to come over the next few weeks and terrified for the U.K. over the next few years, economically. ",fear,8,6,6,8,8,7,3,5,3,715,144
452,Worried because I have to work tomorrow looking after the children of key workers. Angry because some of the children don’t Really need to be there and yet their difficult parents are putting them at risk and lying to us about why they should be classes as key workers. Angry because those children are the worst behaved. Sad because I could catch it and give it to my children. Scared of the future for my children if anything happens to me. Happy because the family time together at home has been nice. I like the improved sense of community that people seem to have but also disappointed that some people are ignoring social distancing rules.,why Would you put your children at risk if you didn’t have too? #notrealkeyworkers #liars #angry,sadness,7,3,5,6,5,8,6,5,4,646,122
453,"About 15 minutes ago, the news broke about the prime minister being admitted to the ICU, so that was a shock and made it even more """"""""""""""""real"""""""""""""""" to me than it already was. My anxiety has definitely increased, especially as I am high risk, but there isnt much I can do about it other than social distancing, intensive handwashing and trying not to touch my face. There have been reports of people ignoring the lockdown too, so that is adding to the stress of it. The increase of sinophobia I've been seeing on the internet, blaming Chinese people for the virus (mostly from Americans) is making me worry that there might be another pointless, stupid war that will kill millions.",I'm worried,anxiety,7,2,1,6,8,1,3,3,1,672,138
454,"Personally, I am fine, I am healthy with no underlying conditions and am working from home. The personal impact on me is that I've had to cancel several holidays and social activities I had planned. My day to day life hasn't been really affected. The only people I am concerned about is my elderly father but I spoke to him yesterday and he is currently fine.

I've been affected by having to go food shopping less often and it taking longer because I have to queue and go to several shops.

I'm anxious about how long this lockdown is going to be, I know we need to do it but I am not particularly enjoying not being able to go out. I feel the government aren't doing very well at managing this given many nurses have said they have no PPE and the govt initially ignored offers for help from some companies",the govt are pushing the blame on a minority not staying at home when really they lockdowned too late and didn't prepare for a pandemic situation. There was a report a couple of years ago that said we weren;t prepared and nothing was done!,anxiety,3,4,4,4,4,4,5,5,2,807,161
455,"At the moment I would say i have a level of anxiety and fear as I am a key worker. Anxious about going to work and possibly catching the virus and fearful i may pass it on if caught to family members. I wish people generally would take the situaton more seriously and follow the government guidelines. On my travels to work i see numerous people out and about, far too many to make the environment safe for everybody.  The situation in supermarkets is somewhat better than in recent weeks, however deliveries are very scarce and understandably for vulnerable people only. However this means that more people who are not classed as vulnerable are descending on supermarkets which is not ideal and i have seen numerous queues to get in, where people are not practising social distancing.                                   ",It is very simple - STAY AT HOME - SAVE LIVES .,anxiety,7,3,5,6,7,8,4,4,2,820,146
456,"I feel a bit more concerned and anxious than I did yesterday. Although the overall situation in England is following the trend I expected (or is, perhaps, better than that, as overall new cases and deaths are declining - I expected the peak to be next Tuesday), I heard today that a resident of my mother's sheltered accommodation complex had been taken to hospital last week, and has now tested positive for the virus. So I have to decide whether she should stay where she is, or move in with my wife and me. Either way has risks; but now staying put is considerably riskier than it appeared yesterday.","Rather anxious, as it now looks more likely to affect my family",anxiety,6,3,2,5,6,5,4,6,2,603,122
457,"I feel that the institutions of government and the media have quite likely put a lot of people in danger. The government has been woefully unprepared to deal with the situation and the media, for the most part has been unwilling to ask serious questions about this and put the required pressure on them to sort it. The fact that up until two weeks ago, the strategy was to be focused on 'herd immunity' has been completely memory holed and the shortage of protective equipment for NHS workers has been obfuscated by constant repetition of the phrase 'whatever it takes' to pliant journalists. ",A servile press is not needed at all in this situation!,anxiety,6,4,6,4,7,6,3,4,1,593,112
458,"i feel like nothing will ever be the same again and that humans will take a long time to get back to some form of normality.
I am fearful for my parents health and wellbeing and it is very frustrating not seeing friends.
i am hoping that humans will learn a lesson from this and fund the correct things in the future, like research, medicine, hospitals etc.
I have seen the best of and the worst of the human spirit recently with a rise in crime =s like theft from the poor but also seen some great volunteers out there helping those in need.","scared, numb and worried ...",anxiety,9,8,3,8,9,8,2,2,2,542,112
459,"I feel very anxious about the current situation. I feel it's like a 'waiting game' and the uncertainty makes things very difficult to face. The fact we don't know what the outcome is is very unsettling. No one is sure when this will be over and life will return to normal. I feel scared, worried, anxious and frightened but at the same time life has slowed down and I'm becoming adjusted to the 'new normal' and my wellbeing has most certainly improved what with getting more sleep and not having to commute for 3 hours a day I am seeing at least one benefit from this awful situation.",I hate this. Wish we knew what the outcome is and when this will all be over. The uncertainty is making me feel so anxious.,anxiety,8,4,4,9,9,8,2,3,1,585,119
460,"I am concerned for the vulnerable people in my family and local community and about how long it will last. I am proud and happy about the sefless work that many people have put into keeping people safe. I am anxious about the affect social distancing will have on people and that isolation will cause alot of sadness, Not being able to go out is putting stress on me and my partner as we do not have a lot of space so we are getting on each others nerves more than normal. this is a few sentences I dont now what else you want?
",Good job and much love to all the essential workers keeping everyone going!:),anxiety,6,2,1,1,6,3,7,8,6,528,109
461,"I feel afraid because it's likely that my family or friends may be affected by this. I believe the government are doing everything they can but a lot of it is so unknown that it is difficult for them to know what action to take and this worries me. I also worry about the impact on the economy and how this will affect my children as they grow up. It is the unknown element of all of these factors that makes me feel anxious about this situation. It has been nice to spend time with my family but that is overshadowed by the horrible disease and the amount of people dying from it.
",Coronavirus has got me feeling quite worried. No one knows the full extent of this virus or the impact on the economy. We will all be affected in some way so please just stay at home if you are able to.,anxiety,6,6,6,7,7,7,4,4,4,582,118
462,"I work as an emergency department nurse. I am seeing sick patients. Whilst worrying about contracting Coronavirus, I feel I have done good protection.
I have anger that some people are oblivious to the danger and digitalising as normal.
I’m irritated that others are paid 80% of their wage to stay at home, whilst I am paid my normal wage to put myself at risk.
I worry that I could contract the virus at work and pass this onto my immediate family at home.
I am also concerned that Boris Johnson is in hospital and suspect his health is worse than has been disclosed ",This is not a holiday. This is not something affecting other areas of the country. This is real. This is in our neighbourhood. Stay at hone. If you’re not afraid then you should be,anxiety,6,3,4,7,6,4,5,2,4,568,113
463,I am fed up. Mainly because I'm working from home at the minute so not seeing anyone during the week. I'm also lonely as family can't visit from overseas and all my social opportunities have been cancelled. I feel isolated and like rubbish generally because my routine is gone and every day is like the last. I keep having stressful dreams so my sleep is poor and overall I just feel on edge all the time from anxiety. Everything and everyone is strained and stressed and it's horrendous. I really can'twait to this is over. The worst thing about it is that noone has any idea of when that might be.,So sick and tired of this now. Praying and hoping it all ends soon for everyone!,anxiety,7,4,3,6,8,8,4,3,1,599,119
464,"I feel a bit anxious about the Coronavirus situation because I'm worried about older members of the family such as my mother who is nearly 90.  I'm happy about the lock down to reduce the likelihood of infection.  I don't think it is too much of a hassle if it works.  I have been a bit obsessive with the news - I've even watched the Orange Oaf's update from the USA on the BBC website when he shows what a ghastly human being he is. I do get irritated with stories of people visiting the beach, etc. on the weekends.",Chins up folks - it could be worse e.g. Black Death or Bubonic Plague!,anxiety,7,1,1,2,5,2,2,6,1,518,107
465,"This whole situation is making our lives worse as we just leave in fear,in the house,lonely and while most of the days are fine,some are just unreal and I wish the focus could be on something else rather than corona.You hear about it everywhere,its incredible like the whole world stopped and we forgot to live.People are going against each other and emtying shelves.This siuation has shown how egocentric the british people are.We are trying hard to show to whole world how deservant us british are,but this corona situation has shown the worst out of people",It gets harder everyday #corona,anxiety,8,2,3,7,8,2,6,5,4,559,105
466,"I feel sad for families who are suffering with the Covid19 and who have lost those to the virus. I feel angry about people who are not taking the pandemic seriously. It is a joint effort - the idea of being stuck at home should be transformed into safe at home. I worry that I will get it, even when I limit my time leaving the house to one excerise a day or going to the supermarket when I need. I also worry about the lack of knowledge on it. I feel hopefully knowing that other countries who were suffering have started to recover.  I feel comfort knowing I am with my family and that we are safe and healthy and I have hope that others will keep safe and healthy too. ","Praying for those who are suffering, anxious and scared. Praying for our brave NHS workers and all other people helping the cause! ",anxiety,7,7,5,7,8,8,2,1,1,672,140
467,Anger at our lacklustre authority figures who only ever think of the economy and how they can line their pockets in any given situation. Restlessness at being stuck inside. Fear that I haven’t made the most of my life. Peaceful that it is currently socially acceptable to stay home away from stressful work. Happiness at spending time at home with my family. Disgust at how billionaires have refused to use their massive wealth responsibly. Confusion at how many sentences equal five hundred characters.,I see Boris Johnson has Coronavirus... he wanted herd immunity after all.,relaxation,4,5,5,5,5,5,5,8,5,503,90
468,"I am anxious but becoming a little bit indifferent. I am more worried about impact on economy and my personal finances than anything else. Perhaps I am also uneasy about the fact that I cannot travel and might not be able to do it in the future. All in all, the situation is far from perfect but I try not to panic. I take every day as it comes and try to keep myself busy with work and exercises not to go crazy and not to waste too much time. I feel happy that I can spend time with my family and that we are having a good time together.",There were 24000 death of flu in 2014/15 and we carried on as normal. I am intellectually anxious why we closed the country now.,anxiety,6,6,5,6,8,5,2,3,2,539,117
469,"I'm personally not affected by it right now. However, it's worrying how many people are being infected and killed by it. Being isolated socially is difficult at times. However, I am feeling good at the moment. I worked a lot on self-improvement today, I had time to read about interesting topics and meditate. I even managed to get out for a small walk, as I'm lucky that there is a path near my home where not a lot of people travel through. I just finished my tea and now I'm mostly watching videos online.","This situation is difficult, and we may be fed up of being stuck at home alone. However, this is time to be reflecting and improving upon ourselves, while keeping each other safe. Even if you miss your friends and family - don't visit them! Call them, text them, and stay home.",happiness,6,1,1,1,1,1,5,5,1,508,105
470,"I'm very anxious for my family and my job. I have just been furloughed regarding my job and this means the government will pay 80% of my wage which is amazing considering others have been laid off, however, it has got me stressing with money as I'm only part time and I struggle with 100% of my wage nevermind 80%! As I said about family also, I don't live with my parents but both of them and my little brother are all classified as essential workers which means they are still going to their jobs. My partner who lives with me also works with my mum and so he is classified as an essential worker and I'm worried for their safety and health. My grandparents also have health conditions and I'm very worried for them. It's just a stressful time for everybody but it's making me more anxious than usual (I'm diagnosed with anxiety as it is).",I can't stress enough how well the NHS and other front line workers are doing. Very appreciative of them but still very worried about the countries future and those closest to me.,anxiety,7,2,3,7,9,7,2,3,1,841,171
471,"Fearful and anxious.
Nervous stomach and racing thoughts.
Worry for the world and what it will become.
Scared for my family and my friends.
Sad for the elderly and those who are totally alone.
Sick of trying to get food into the house!
Feels like a survival game or a science fiction novel.
Unable to concentrate on anything for me than a couple of minutes - brain like a moth around a light.
Cross with people who are flouting the rules.
Worry that this is a virus we know nothing about and so can't possibly know the outcome 6 months, a year or even 2 years down the track.
Every time I go shopping I see germs and fear other people - I see the fear in them too.
Want to wak up and it has all gone away",Coronavirus can just do one. Had enough now. #stayhome #covidiots or this will go on much longer than we could ever have envisaged.,anxiety,8,2,1,9,9,7,1,1,1,704,151
472,At the moment i am a bit worried for my family and friends. I feel a bit sorry for my children who have had their normal freedom and routine messed about. I also feel very hopeful that as long as we all do our part then we can get through this till a time a vaccine can be made to protect or find a drug to help heal the worse affected people. I feel across the world a lot of countries are started to turn the tide on this virus which does make me hopeful we can do the basics to get this under control. I do also feel very lucky to live in a country with.a good health system as well which can open a new hospital in 9 days and have all the bits we need to try and help save people.,Worried that this Corona virus will hurt the people i love but hopeful that we can all stay in and turn the tide on this virus.,sadness,6,1,1,3,1,6,4,2,5,684,149
473,I feel sad that I can't see my grandparents. I feel like it's  a year wasted when I was going to try and better myself from my anxiety and depression. I can't do that now as we can't go out. I hope I get more good years with my mum and dad to make up for this year. I'm missing thing's like the concerts and football and going out. Going to visit my grandparents on a Tuesday afternoon. But I know that it is all to keep thme safe. It's annoying me that others are flouting the rules and putting others lives in danger,I feel sad that I can't go out to visit family and friends and hope there are many more years with my parents in good health to make up for this year,sadness,8,2,1,5,8,7,1,1,5,518,111
474,"Finding it frustrating due to working as a support worker and seeing the effect it's having on those who have mental health issues and learning difficulties. Specially those who don't understand why things have changed and why they cannot do their normal routines. It's also affecting home life as well due to girlfriend working from home who has mental health issues herself,so managing the two does make me frustrated and sometimes angry. The main thing that bugs me is all the old people I see whenever I'm out shopping. These are meant to be people we are trying to protect however they do not seem to care or in show any regard.",The frustration of those who are ignorant shouldn't be allowed to leave without some short of punishment,sadness,7,7,7,8,4,6,2,1,2,633,119
475,"I feel anxious about the thought of leaving the house. Whilst I am very careful, I'm worried about others who don't appear to be taking it seriously. There have been too many people taking advantage of perceived loopholes to allow them to do as they wish. I wish they would adhere to the rules and advice so that we can all recover from this quicker and with more of the population alive at the end of it. I also wish that the NHS was better looked after to be able to cope with this. I hope that when this is all done that the NHS and other key workers are paid a better wage that truly reflects their hero status at times of need.","I'm anxious. I wish others would adhere to rules so this goes away quickly so we can ALL get back to normal. I've just attended two funerals via webcam, I don't want to attend others when this is all over. I also hope that the key workers are properly recognised after this.",anxiety,7,5,4,5,7,6,5,4,3,632,131
476,"I am self-isolating and going out only to buy the essential items. I am ok about that. I do miss the Gym and Work but I can work from home and do some pull-ups and push-ups. I know if I can get angry but I do remind myself that it won't help. I have to stay positive and keep on for the safety of my family and me. It is what we all have to do. Work together and protect the nation. I do feel that economy will go down if we do not get back to work. I also feel sorry for the people who live paycheck to paycheck and unable to work. I can go on and on. I do apologise for that. Please stay safe and take care, Kleinberg. Regards","Stay calm and protect the country, not just NHS.",relaxation,6,1,1,2,1,1,6,7,2,628,146
477,"I do not feel hugely panicked or anxious for mine or those close to me's health, as I am comforted by the fact none of us are vulnerable with underlying health conditions and are undertaking all the social distancing precautions. However, I am sad and anxious in regards to the impact of isolation on my mental health and the implications this will have on my academic career with all forms of education shutting. Also, I have empathy for those who are affected and are tasked with fighting the pandemic on the frontlines, and am saddened by their stories.","I urge everyone to please STAY HOME! All of us want to be out and have normal life back again, and the only way to fight this pandemic is to stay inside, as the sooner we do the sooner we can go out again",sadness,7,3,2,6,7,7,4,6,3,556,105
478,"At this very moment I am nervous about this coronavirus and it's effects on myself and my family but I am also hopefully that in time a cure or vaccine will be found and we will be able to return to our normal lives, despite feeling that nothing is ever going to be the same after.
I fear what would happen to my children if I caught the virus or if my partner caught it again, I am fearful that they will be left alone and that terrifies me but for them I have to remain cheerful and optimistic and not to crumble under the worry and anxiety as they don't understand.","I am fearful for our lives, our communities, families and friends but I trust the people who carry our lives in their hands to create a solution, to find a cure. I am hopeful that will be overcome this and sooner rather than later, all come together again.",sadness,7,2,1,5,7,6,5,4,6,568,116
479,"I am mostly worried about the future and not so much about the present or about actually catching the virus (thought that is still a slight concern). Since a large part of my life and my family's life revolves around the airline industry, I am worried about jobs and what the future may hold as I was just starting to gain qualifications towards working in the industry. Also, the majority of my family lives and works overseas, and with the border closures we are unable to see each other in person for the foreseeable future, which also causes us concern. ",How long will this last? Is all that's running through my head.,anxiety,5,2,1,2,5,4,1,2,2,558,109
480,"Well, I feel anxious. I have kids and I'm worried about them and my husband. It's hard times for all of us and I'm trying to keep myself calm because of them but I can't help being worried about the coronavirus. I really hope that everything will be ok and we will be back to normal soon. Still, I am sad about all the people who lost someone they love. It's hard for the kids as well. My biggest one knows everything about the coronavirus but my little one doesn't understand why she cannot go to school and why she cannot spend time with her grandparents and her friend. We are all in this situation and I pray that it's going to be over soon.",We are in this together. Let's be better people!,anxiety,7,4,2,4,7,6,4,4,2,645,135
481,"It's easy to feel anxious about this situation so right now I am trying to relax and focus on other things. This survey is one such thing.  

I feel a little sad as well because the mother of someone I respect has just passed away from the virus.

I also feel lucky as I am not currently struggling financially and I know that many have little or no income.  

Anxiety is something I am keen to minimise, as a result, I have chosen not to follow developments too closely although I have made sure I am fully aware of all safety measures and our family took the decision to adopt social distancing and remain inside 10 days before the majority of people. ","COVID-19. A devastating, tragic, worldwide event that has shown us both how selfish and selfless humans can be.",relaxation,8,3,1,3,5,3,5,5,1,654,129
482,"I've just come back from daily exercise with my son, it's about dusk and very few people were around. It was peaceful and I enjoyed the birdsong and talk with my teenager. It's certainly a worrying time but being outside in nature was helpful. I don't think the government's response to the early crisis was at all helpful and I am not a fan of the conservative party and its systematic defunding of the NHS, but I do hope that Boris Johnson makes a speedy recovery as we need him to help lead the country out of this disaster.",It's one of the stranger moments of 2020 that I'm brought to thinking 'please let Boris Johnson return to lead the country'!,relaxation,7,2,2,2,4,3,5,5,1,527,105
483,"anxious about catching it am in self isolation being in an at risk group.  Son does not have a job having given it up to do A levels - now will not be graded (he is 24) and therefore will not get into university.  He is at home.
My husband is negotiating his pay cut with his employer - he is merchant navy and does not qualify for government help.  I cannot earn as i am isolating.
Hoping all is well for our 4 tenants, would want to help if trouble is ahead.
If I die insurances will cover a lot of our current borrowings.
My/our main concern is cash flow and the worst case scenario - how long?",How do i stay alive long enough for the vaccine? How long can we stay in the black?,anxiety,8,1,1,7,8,3,5,2,1,597,132
484,"i feel mostly comfortable in my own company, although it is irritating to see others in society ignoring the lockdown rules which are designed to save lives, and frustrating that there is so much ambiguity in the instructions which makes it easy for people to justify making trips. I don't think exterior wall paint is a basic necessity, for example.

bizarrely, i'm in an odd situation where i still live with my ex, so despite being friends the relationship becomes more strained. i'm also involved with a married woman and it's incredibly frustrating to only have online contact with her, especially when others think it's acceptable to visit their second home against their own advice!","enjoying having the time to focus on myself, but it's a bit galling watching #covidiots out flaunting the rules!",relaxation,5,1,5,5,5,3,3,6,6,689,125
485,"my feelings are one of protectiveness towards my wife and anxiety that I will fail to shield her,  I have no fear for myself but worry about others.  I a, stress free though and most of the time can relax and distract myself working form home, gardening or walking my dog.  In fACT I HAVE SPOKEN MORE TO MY NEIGHBOURS THAN EVER BEFORE AND PEOPLE ARE DEELOPING A COMMUNIOTY BOND, A COHESION THAT WAS NOT THERE BEFORE..  I FELE MORE ATTACHED TO OTHERS AND MY COMMUNITY, BUT FEEL EMENSE SADNESS WHEN I SEE THE DAILY LOSS OF LIFE AND THE HARD WORK nhs STAFF AND OTHERS ARE DOING, I FEEL GRATITUDE AND ENDEBITIDNESS.","I am anxious for my family and my community, I an grateful to everyone trying to help, we pull together more and family bonds have deepened. I dont want to fail in shielding my wife.",anxiety,6,2,1,3,3,4,1,2,1,611,124
486,"Concerned as to how long the regulations that have been brought into place will last for, but at the same time aware of the reasoning behind the restrictions imposed. 

Having been working from home/voluntarily isolating (though no symptoms) for around 3 weeks now, feel like I’ve settled into the rhythm of the isolation and dealing with things on a daily basis whilst monitoring the news for updates. 

Work can be stressful but this is due to the systems that we are supporting and the staff who’re working remotely due to the COVID-19 situation. However our manager is supervising this and trying to minimise this where possible. ",Keep calm. Stay in. Stay safe.,relaxation,5,1,1,2,4,2,7,8,5,634,116
487,"i feel very sad and have lots of anxiety at this moment in time, but i am trying to keep a good positive attitude and hopeing that this is going to end right now, it to me, is like a bad dream and out of one of the sci fy books i read, i still can not believe what is happening and i cant see any thing positive happening right now. feel sad for people who are ill and losing loved ones and know it could happen to me and my family at any time, sad for my daughter who can not work right now as a flight attendant as she loves people, but happy she is safe and we are all alive","Tweeting that I am feeling very sad and unhappy right now, just wishing this nightmare would end and we can get back to the way things were and all this death and illness would end. want life to get back to the way it used to be and we were all feeling happy and not as ill now",anxiety,9,2,1,9,9,7,1,1,1,577,130
488,"I’m not too worried or concerned about the corona virus for myself personally. I do worry about it when it comes to family members that are elderly or a bit more vulnerable. And am hoping that it won’t take too long before people listen, remain in their homes allowing the virus to die away or blow over so it can be dealt with and life can get back to normal as it was before. It does annoy me that people aren’t taking it too seriously and thinking that the current lockdown situation is an opportunity for them to just do as they like and roam the streets possibly passing germs and the virus itself off to others who will then come into contact and infect those in their household. ",Quite fed up of hearing about the corona virus. If people started listening and doing as told then the sooner this will be beat and over with.,relaxation,2,1,2,1,1,1,3,7,2,686,134
489,"It is a very strange situation and the social isolation is starting to affect everyone. I am having difficulties adjusting to this new way of life and it makes me wishful and impatient. I am not feeling scared or very worried, although my heart goes out for the people affected.
I think it is more difficult for the elderly as they are not so used to using technology in their every day life. But young people are feeling it as well.
When you go for a walk, there is this new phenomenon called """"""""""""""""The corona virus greeting"""""""""""""""" - everybody steps away from each other and then smiles.
",I am getting more impatient by the minute - there must be a solution to this virus situation,sadness,3,2,1,2,2,7,6,4,6,580,119
490,I feel stressed because of self isolation and fear because if I do there’s the possibility of catching it. I feel anxiety for family members who have to work and may carry it and possibly bring it home and my household get it. Also annoyed as the government are not taking enough action to stop people going out for fun while the rest of us suffer at home in self isolation. I don’t like that we are kept in the dark about the government and what their next steps are because I get angry thinking about them not putting lockdown in action,I feel annoyed as the government are not putting better precautions into play for the corona and assuming herd immunity will fix this .,anxiety,7,6,7,6,9,6,1,2,2,538,105
491,"It's been a very difficult and stressful situation, in extremely unprecedented circumstances. The uncertainty for now and for the future is unsettling. It is illuminating the class divide and all its injustices, the disgusting underfunding of the NHS and the poor pay of what are now essential workers. Life and society will change forever. I feel stressed and worried about people getting ill, being able to get food and drugs and how this will work out for the future. The Government is woefully underperforming, putting us all in danger. So many people are out of touch. The government are scapegoating anyone other than those who should be guilty.","In this very uncertain time, we all have each other and the effort of volunteers, workers and all society is heartwarming. We will all get through this. We will remember and reward the NHS, essential workers, and those who were vile Donald, Richard Branson, Stelios, Tim Wetherpn",anxiety,7,7,6,8,8,7,4,3,2,651,120
492,"Fearful I may carry and give the virus to my daughter. Frustrated as a key worker I am required to continue working and will no doubt be required to pay more tax to repay the amount being given out at the moment. Fearful that as a key worker along with my wife that I need to put my daughter in nursery so I can go to work while everyone else is able to spend around three months with their families. Frustrated at people who are not adhering to the lockdown terms for there own benefit despite the amount of literacy around telling people to not do this, all this will ultimately lead to lockdown lasting for longer than anticipated. ",Worried about this entire situation. Too many irresponsible people around. What,fear,7,4,6,6,6,5,4,3,7,635,124
493,"I am anxious for my older relatives in case they catch the virus and fearful of their safety, especially when they have other health issues that mean they have to go to hospitals for appointments. I feel anxious when I go food shopping that everything we are doing is being watched and scrutinised for errors. I feel sad when my 3 year old is crying because she misses her friends and wants to go the park and she doesn't really understand why we can't go. I feel lucky to have a safe house and small garden to spend our lockdown in and happy to be seeing more of my husband and daughter.",Nothing is the same anymore and this situation is hard.,anxiety,7,6,1,7,9,6,4,4,2,588,117
494,"I feel quite scared at the moment because a lot of my family are key workers so I worry for their safety. I feel anxious as to when it will be over because it is just awful to see people dying. I hate the fact that underlying illnesses keep getting pointed out as if it makes it any better, everyone has their time to go and theirs was still cut short. I hate the government's response to the pandemic, it was too lax at the beginning and showed how little they cared for the UK population. I know they will continue to deny their policy of herd immunity and will probably get away with it which honestly boils my blood. However, I do feel so grateful for every key worker that are putting their lives at risk for the rest of the population and I am looking forward to getting my life back.","Corona is awful & so is the government. Thankful for all key workers, cannot wait for 2020 to be over.",sadness,8,2,1,6,6,6,4,5,2,790,162
495,"I worry about he state of my children’s education when they all go back to school. I am also very worried about my parents and other vunerable relatives trying to keep them safe and at home as some do not realise just how serious the situation is. I am very anxious about leaving my youngest child at school mixing with other children as I have to work, as does my husband as we are both key workers. I am trying to keep positive about everything as trying to look tern, what are the positives we can take out of the situation.",Feeling sad. Can’t wait to celebrate with all my friends once this whole carnage is over.,sadness,7,4,2,6,6,7,4,5,3,527,107
496,"I am not worried about myself but I am worried about many others and the fact that people my age (21) are dying worries me a bit. It also makes me think about death a lot and how fragile humans actually are. I am extremely worried now that the prime minister is in intensive care as this shows that the virus is not discriminatory when attacking. I try not to read the news too often as it can make me more anxious about the situation but I feel like I need to stay informed about what is going on. I feel quite fortunate in that because I am introverted I am not really affected by lockdown, but I am worrying about how other people are coping.
",I can't believe our pm is in intensive care... really makes you worried about the whole situation and to never take life for granted. Hope everyone is well and please stay indoors to save others and our NHS!,sadness,7,2,1,7,7,9,3,4,3,646,134
497,I am very anxious about Coronavirus. I am scared and anxious that I will get it and die because the news keeps talking about young people dying. Every time I have a slight tickle in my throat or cough I think I have got it. I am worried about my financial situation as my partner cannot longer work and we also have a young daughter and I am worried about her too. I don’t want my daughter to be left without parents. She doesn’t understand what is going on and it’s hard to explain because she’s only two so she doesn’t know why she can’t see her family members that she loves.,I am always anxious and on edge at the moment. Why are people not taking this seriously?,anxiety,7,6,4,7,7,6,4,2,3,578,118
498,"I feel as though this situation is not being taken as seriously as it should be, there appear to be people who are continuing on with their lives as normal with disregard to the rules. This may be due to a lack of personal empathy or education, or simply because they didn't feel the government restrictions were clear enough. Some people don't seem to understand the importance of staying at home, and social distancing as they have not been made aware of asymptotic carriers of the virus. This causes me to become frustrated, and saddened for the NHS and other key workers who are risking their lives.  ","This is a time filled with trepidation, but it's also a time to show how kind we can be and how much good we can do. ",sadness,7,7,7,5,5,8,3,4,1,605,115
499,"Right now, I feel calm and quite relaxed about the Corona situation. This is because I've finished work for the day (and I'm very thankful to still be working from home, as I did prior to the pandemic, as it gives me a purpose during the weekdays) and I've been for a walk which cleared my head. I am of course worried about a lot of things to do with the virus but right now, including the health of my family and what the socioeconomic impact to the UK and the whole world will be. But right now I can see the bigger picture that it will pass, that this is an experience which we have to ride, and we will return to normal at some point hopefully this year.",Feeling calm after clearing my head with a solo walk in the sunshine.,relaxation,7,3,2,4,4,6,5,7,5,659,142
500,"Currently I am very worried about the corona virus.  People here do not seem to be taking it seriously.  I am a student radiographer about to go into emergency practice and my wife is a midwife.  We are having to manage childcare between us and it really angers me to see some people not heeding the government advice about social distancing etc.  I do hope we can make it through this, but I think the UK is going to follow the same route as Italy and I think lots more people are going to die.  I am also very angry at China and really feel something needs to change in the way China conducts it's business in the future.",Really worried right now.  Unsure about the future.  How will things be when this is over?,anxiety,7,6,4,7,8,6,4,3,4,623,126
501,"I am sad that my life has changed so dramatically. I miss doing the things I like to do, and my friends.

However I also feel guilty about feeling sad, as I know I am very lucky as I have a job, I am working so that fills my time, I have a roof over my head, space to exercise, and nice people around me. 

I have not yet known anyone to who has had coronavirus to any level of severity, and I am worried about when this will happen and who it will be. I am worried about my friends who have lost their jobs. I am worried about my relationship. I am worried about the economy. ",Torn between being sad and feeling guilty about being sad because I know I am a lot better off than so many people. Trying to ignore it and being aware of the privilege have being able to ignore it.,anxiety,6,4,2,6,8,9,4,4,6,577,132
502,"I feel very anxious about the situation, due to the uncertainty of the extent of it. I feel we won’t know the full extent until people abide by the lockdown rules, so I am fearful of the full effects on the most vulnerable! It’s hard to comprehend but also it’s easy to stay inside unless essential, in order to help reduce the pressure On the NHS and reduce the spread. It’s very hard not seeing family and friends, especially as it’s unknown how long we won’t see them for! The corona situation is showing how strong we are but also that we need to help others around us!","I am anxious about the Corona situation as it is a very uncertain pandemic. However, I do believe if we stay positive and help those around us by keeping distance, isolating unless essential to go out we will be able to overcome it.  ",anxiety,7,6,4,7,9,6,1,1,1,573,117
503,"I feel like it is under control and that the correct measures have been put in place by the government. Although the social distancing measures are annoying, it will be worth it as it will reduce the number of new cases and means life can get back to normal quicker. Staying at home is getting boring although allows time to develop as a person such as; doing more exercise, learning a new skill. 

I am annoyed at people ignoring the social distancing measures as it is selfish and annoying for the people who listen to the rules. If everyone stayed at home we could deal with covid quicker.","COVID should be taken more seriously. If we all come together as a country and stay at home, listening to the governments rules we can get through this and get back to doing the things we love!",relaxation,2,1,1,2,3,1,3,5,4,592,116
504,I am shocked more than anything that a % of society are showing arrogance in helping to eradicate the virus by doing as they please. I feel personally calm as I am abiding by all guidelines; however my frustration comes into play due to the fact that I am a self-employed individual who has now lost all income. Seeing people not listening to government advice is not helping the country get back to a reasonable state of normality. We need businesses to trade and the economy to start moving again. It's a worrying time for all businesses regardless of size.,We're all in this together! Please be kind and watch out for each other and be safe. Listen to the advice of our governments and stay at home. We need to help reduce the spread and you can play your part by staying indoors! #SaveTheNHS,anger,8,5,4,2,1,1,5,7,1,560,106
505,"I feel worried about the current situation, for myself as I have an underlying health condition, and for my family. I feel sad for all the lives that have already been lost. I also feel stressed juggling working from home with having a small child, and am struggling to stay on top of everything. I am grateful that presently, myself and my family are in good health, and are able to stay at home together away from the risks that come with the virus. I hope that we can soon overcome this awful situation and that the world returns to normal.",Working from home with a small person is a challenge.,anxiety,7,1,1,5,8,7,1,1,1,543,111
506,"I am feeling quite anxious about the whole situation. Fortunately I am in a good position, but I know there are a lot of people out there who are struggling either with the virus or knock on effects of it. I feel anxious as I don’t know when it is going to end, and helpless as I feel I can’t help much in these uncertain times. They are unprecedented times, and no one really 100% know what’s going to happen in the long run. I hate that there is so much unnecessary death going on right now.. but I also feel very grateful we have the wonderful NHS and all key workers onboard to battle this virus as best we can do as a nation. ",I wish covid 19 would leave us alone an let us live in freedom again. I am scared for the health of others and the economy at this scary time.,anxiety,7,2,1,4,7,5,3,1,1,631,136
507,"Going into week 3 of lockdown I still have some anxiety about getting the virus it is very scary looking at how many people are actually dying from it not just getting a bit poorly, I am not normally an anxious person at all so I don’t know if that actually makes it worse especially as at work and at home people look at me to be the calm one and if I show panic then there really is a problem as I have so many underlying health conditions I think it would be catastrophic for me to get it. Surprisingly I think I have adapted to these new living restrictions quite quickly, the shock has worn off a little and the lockdown measures seem to be being accepted quite readily which gives me some confidence that we will get through this ok ","I feel quite anxious now it is spreading so quickly, I’m also feeling really isolated and lonely ! I miss my students and wonder how they are doing through all of this.",anxiety,7,3,2,6,8,4,5,3,2,739,146
508,"I feel sad for all the people infected and those that died and their families. Somewhat pissed off at how the government have handled the outbreak airports and eurotunnel still open...Particulary concerned at Boris Johnson with the situation of him still continuing to shake hands even with coronavirus patients...no wonder he is in hospital at the moment showas a disregard for the situation, fear the worse is yet to come. Me personally I am not worried health wise more concerned for my eldely parents and of course the effect it will have on our everyday lives moving forward","""""""""""""""""I was at a hospital where there were a few coronavirus patients and I shook hands with everybody"""""""""""""""" Boris Johnson 3/3/2020

As well as infecting himself he likely passed it to his fiance.

His somewhat mistaken belief was """"""""""""""""herd immunity"""""""""""""""" / only affect elderly",sadness,3,2,2,3,2,4,4,4,1,579,109
509,This is all making me feel a bit sad at the moment and need this to be all over as soon as possible so we all can get back to normal.  I think that the government should not be treating the country all together as a whole as there are obviously differences between what steps need to be undertaken by people in large cities such as London as opposed to people living in rural Scotland.  I think there is too much ambiguity about what citizens can and can't do and the fact that some people seem to be swanning around and behaving as normal is galling to others who are following the governments rules to the letter.,"It's all pretty stunning to be honest, i haven't really processed the enormity of the situation that myself and the whole country are living through.",anxiety,6,4,4,6,7,6,3,3,2,618,120
510,"I feel as if a sword is hanging over me, but there is no way to know when it will fall.  My health is not the best, and though I am in a more fortunate position than a lot of others, I am terrified of catching the virus.  I feel as if my life is paused during the lockdown, and though it is peaceful here, there is an undercurrent of anger and fear from everyone I see when exercising or going to the shop.  I worry about my family and friends and feel somewhat isolated from everything.  I miss my job, not only for having something to do, but interacting with people normally.","The world is cold and empty, the streets abandoned.  Hope and love might exist still inside, but there's a sterility to the days that smells of disinfectant.  I wish the best for everybody, and look forward to the days we can meet and laugh together.  Maybe not tomorrow but soon.",anxiety,8,1,1,7,8,6,2,2,1,578,125
511,"I would not usually be at home during the day as it negatively affects my mood. My house is small and I have young children. It is difficult to keep them entertained in one room all day. I went to town for the first time on Sunday to buy cat food and found it very scary. There seemed to be more people with mental issues in the streets and much fewer other people to ask for help if there were problems. Most of the shops are shut and there’s no access to public toilets. People who are out do not respect the 2m rule and others and abuse the staff who are trying to enforce them. I am scared to go into town where usually we would spend most of the day there before. When I got home my anxiety and fear was so bad I felt I couldn’t breathe or think and I don’t usually suffer with anxiety. Now we go for exercise before 6am because we don’t trust people and if we have to shop we try to be home by 8:30am and we go to local shops and not the supermarkets. The queuing system is terrifying and full of people coughing and smoking and grouching about the stupid rules. I do not want to queue to potentially catch something that kills me or my family. Shops say one family member only and forget that we can’t leave our children outside alone, and that to buy a weeks shopping is often not possible. We have four cats, three children and no car. The cat food weighs 10kg for a week. The litter weighs 3kg. Milk for all of us is 30litres. I’m pushing a double buggy with 20kg of children in already, how do I carry everything? We can’t get home delivery, there are no slots and we’re not vulnerable. Shopping every second day is the least we can get away with at the moment. That means we have a higher chance of meeting the virus. ",Hindsight is a wonderful thing. But who is there to look back when all are gone.,anxiety,8,6,7,8,8,8,2,1,1,1730,365
512,"Watching the tv and seeing pictures of people on ventilators in hospital etc is very worrying and people die without their family around them its so sad :-(

i'm already a germ freak so this virus is making me ten times worse as I feel everything that comes into the house is contaminated so I'm having to spray everything with anti bacterial spray

i certainly don't want to die like that and then to some health care workers who live on my street flouting the rules is a disgrace

I am also angry at some of my neighbours who don't seem to be taking this seriously and are still having visitors",Please stay indoors & don't spread the virus around.We all need to do our bit to try & slow the virus down as I feel to many people are getting ill & dying and it's very upsetting.,anger,9,9,9,5,3,9,1,1,1,596,113
513,"Mixed emotions as angry at people being idiots. Disappointed with government for not getting PPE sorted, I say disappointment as it’s the Torys so we all know who much they love cutting public services, so it’s no surprise we are in a mess.  Upset for all victims.  Anxiety about leaving the house to shop as no idea if you will be able to get what you need.
Huge anger towards bosses of big companies that furlough staff and then come begging for state handouts (Philip Green!).
Sad about social media as too many bullies on there",Be kind to people,anxiety,7,6,4,6,7,6,3,3,1,531,106
514,I am worried for the country with Boris in hospital. Feel OK in self and with family at moment all well. You just don't know what may happen next and our family has a newborn baby. Its sad not even able to go and visit as we had planned. Happy that family well so not all bad. Relieved shops not as chaotic as they were. Although seeing more emotional flareups than we usually do. In balance have a good feeling of community support. See that on thursday clap for the cares and support staff that continue to work. More good than bad people. Just wish was back to normal.,"Worried but getting hopeful, sad for loses gratefull for those working to keep it all together. Big clap for them!",anxiety,7,2,2,6,7,6,5,4,4,571,120
515,"I'm more concerned for the health of family members than myself.  The daily death total stories are quite sad but don't really scare me as we were prepared for them.   It's not hard for me to remember to take the extra precuations like hand washing and keeping distance, although I'm unsure how much these can truly protect me.  I'm annoyed and frustrated that some people are still not obeying the lockdown rules, such as those sitting on benches drinking or hanging out in parks, and also annoyed that the government didn't act sooner.",Coronavirus is worrying but everyone follow the rules and we'll beat it! #Coronavirus #StayHome,sadness,7,6,1,4,6,6,4,7,1,537,100
516,"Im feeling a combination of anxiety and fear for my loved ones. Im also angry that reckless people allowed this to happen to spread in the way that it has. Im also annoyed that I had to cancel my holiday and will spend my 40th birthday in lockdown, though I feel guilty by being annoyed by such a trivial thing. Im angry that China have reopened the wet markets even this is likely to have been the source of the virus. Im also worried that governments will push through all manner of draconian measures on the back of this once things calm down.",Feeling very anxious and worried for my loved ones. Hope everyone is staying safe in these difficult and worrying times.,anxiety,8,7,6,7,8,5,2,1,1,546,109
517,I feel anxious about the fact that we don’t know when this will end but I mostly feel sad for everyone affected by this and losing their lives and loved ones. I am incredibly proud of the country and particularly the NHS and I am determined to try and use this time as a positive time to get things done and to refresh. I think it’s important that people follow government advice as it will allow this to be over sooner and it disgusts me that some don’t seem to be listening. I pray that this all ends soon and that life can go back to normal but I also want to make sure I use this time wisely and don’t fall out of a routine,"These are scary times for as all but for the first time in a long time, the world has a common enemy. We all need to put our arms around each other and work together as a race, as people. ",sadness,7,2,3,7,8,8,2,4,6,628,129
518,"Emotions and anxiety are quite debilitating 
I miss my family so much and I worry for them
I'm so proud of my NHS working daughter but so worried for her safety
It is an alien situation. I am proud of my elderly parents who seem to be managing better than I am.
I am fearful when I leave the house and am paranoid not to come into contact with anyone. I take antibacterial wipes everywhere and constantly wipe surfaces and my hands
I feel helpless for my family and I am fighting not to be redeployed frontline with my nhs job","I only feel safe when I am inside my own house, I look at everyone as a possible carrier. I have become obsessive",anxiety,8,6,7,8,9,8,1,2,1,526,104
519,"I'm extremely anxious and concerned about the current situation in the UK regarding the Coronavirus. Some people just don't seem to understand what staying home is and what the implications of them staying out sunbathing in a park or visiting their mates are. People are stupid and inconsiderate and it's a very tough feeling because you're stuck at home feeling helpless and waiting for this all to pass. Also, I am in panic every time I go to the shops and see there's a lot of things missing in the shelves. I'm also extremely concerned about my work and the livelihood of my job as so many people are being made redundant or are being furloughed. This has resulted in some sleepless nights.",I know we all know it and all of us are going through it but I'm extremely worried and anxious with the Coronavirus situation,fear,9,7,5,9,8,9,2,2,1,694,130
520,"I just feel like it is spreading way too fast, as I work in a supermarket, I have to walk past people in a daily basis despite lockdown. 

I would be much happier if more people followed the lockdown advice given by the government. I still keep seeing people sitting on their street drinking beer and not having a care in the world. 

People seem to go from being mildly ill one day to requiring hospital treatment the next day. 

I hope the vaccine for Cov is ready sooner than the predicted timeline of 18 months. Too many people have already died from it. ","We are all pretty much powerless to do anything about the situation, There is a lot of people not following guidelines and putting themselves and others at risk. ",sadness,5,3,6,2,2,7,2,1,1,559,112
521,"I feel relaxed as I am in isolation, my only worry is my family bringing the virus into the household as they go to work and to the supermarket, but as I’m not at work I feel very relaxed. I’m not stressed at all, but I do feel very bad for those who have been affected and scared for my elder family members. I feel more patriotic as it shows the whole country coming together but it angers me that some people think it’s okay for them to ignore the social distancing rules set by the government, these people aren’t above anyone else and they should face consequences.",Loving the time off work but am getting annoyed at people who think they don’t have to social distance. It’s people like them that put others at risk,relaxation,4,2,2,7,6,7,1,7,1,570,115
522,"I feel worried about what is going to happen to the country and how it's going to affect my life. I don't worry too much about getting the virus but I worry that my parents might. I think the future economic problems will be very bad though and we don't know quite how bad yet. I feel quite constricted, on the news they have lots of items about people ignoring the social distancing rules or being fined and I worry that the government will ban all outdoor exercise and I'll be even more constricted. I think people are getting overly angry at these """"""""""""""""bad"""""""""""""""" people in society because there's nothing else for them to get angry at really and that worries me. Most of the people dying now will have caught the virus before the country went into lockdown so I feel their anger is misplaced. On top of all this they've cancelled all visa processing so I'm worried about when my spouse will be able to get their visa and come to the UK.","It's okay to feel bad about your life right now, we should try to understand that everyone is just trying their best to cope and be there to support each other.",anxiety,7,2,1,6,7,5,3,3,2,932,187
523,Really concerned about health of vulnerable family members and my own health. I have already lost one vulnerable relative to coronavirus and have many elderly relatives and vulnerable friends. I feel some anger at the inadequate and delayed Government response to the virus. I am anxious about the economic and social consequences of the pandemic with one daughter furloughed with her job at risk and another trying to follow a degree course through online working with no university contact. I am also concerned that a small number of individuals are not following guidelines for social distancing.,"I am anxious about the health of vulnerable relatives and friends. The Government response was too slow, they have not prepared for testing or to provide the NHS with resources, equipment or the protection to deal with this adequately. I fear for my health when restrictions lift",anxiety,8,4,2,6,7,6,2,3,5,599,101
524,"I feel uneasy as there is a lot that is unknown about the economy in terms of employment etc. Quite a lot of anxiety had been created in terms of not knowing what the future holds and what is generated on social media, which a lot of is “fake news”. The fact that there is not an end date insight does contribute to a less positive outlook within day to day life and yet again creates a sense of anxiety. I also feel a sense of frustration seeing other citizens being unable to follow government advice when it comes to social distancing.  ","I feel that the coronavirus has created a sense of unease In my life, the fact that there is not an end date in sight makes it extremely hard to keep a positive mental attitude. There is a growing sensation towards people who are also unable to follow social distancing! ",sadness,5,4,1,6,5,6,4,4,4,540,109
526,"Initially I didn’t realise how serious this was. I thought it was like the flu and didn’t understand why everyone was talking about it so much. I now realise it is serious and it makes me very anxious. I am worried for my children. I am worried for my parents, especially because my mother is having to isolate for 12 weeks. I am missing her. I don’t like the streets being quiet and shops having queues. It is necessary and that’s fine. But it’s all so different and it’s not knowing when it will end that scares me. I just want people to listen to advice and it’ll all be over quicker. ","Feeling scared, apprehensive. Wondering why peeps aren’t heeding advice. Corona is serious, it’s not a game. Stay home everyone. ",anxiety,6,4,1,5,9,6,1,1,1,588,123
527,"I feel the situation has escalated due to the government acting slowly on information that was available in January but ignored, as a result we now have unnecessary deaths and illnesses to a large % of people. If this was acted upon at the time I feel we could have prevented the scale of this and reduced the effect it has had on the economy with workers being made redundant. As a result people are now scared and nervous to even leave the house, and everyone panic buying, leaving a number of people struggling to get basic supplies.",I feel saddened by the slowness of the response by this countries government to deal with covid-19,anxiety,6,4,5,5,7,6,5,5,4,536,104
528,"I’m worried. About infection reaching my family, particularly my high risk vulnerable dad. 

I’m worrying about money. I’ve lost most/all of my self employed projects, and the fear of how long this is going to go on for is enormous.

I’m sad. I miss my friends. I miss having a hug. 

I’m currently classed as a part-time key worker in a supermarket, but customers aren’t completely adhering to the social distancing rules and it gets me very nervous. I can’t afford to not work. I fear for my family, and should anyone get ill, would it be my fault? 

I suffer from a few chronic conditions myself, so I’m not entirely sure how I would even survive the virus to be honest. I’m previously diagnosed with contamination/health OCD, so I’m pretty impressed with how I’m handling things so far. ","I’m frightened for my family, my friends, our livelihoods. Please stay indoors. Stop meeting up with people outside of your household. We’d like this to end sooner rather than later, whilst minimising deaths 😢",anxiety,9,3,3,8,9,7,3,2,2,791,162
529,I'm worried about the health and wellbeing of my family and friends. I'm concerned that this could become more dangerous due to the actions of others. I'm worried about my own personal financial situation and how I will manage to secure employment going forward. I hope that everyone pulls together in order to minimise the impact of this virus while health services try to deal with what is going on. I admire all those key workers who are putting their lives on the line every day to help other people in society.,I am worried for everyone out there. Please stay home and stay safe.,anxiety,8,4,3,7,8,7,3,3,1,515,97
530,I am feeling very anxious about the whole situation both personally and for my country. I am very worried about the effect it is having on my family and young child and for the future. I am also fearful for what will happen to my country the UK especially as our Prime Minister is now unwell. I also feel a little angry at how this situation has arisen and if anyone or anything is responsible for it and if there was anything we could have done to prevent it. I am also sad as I can’t see my extended family at this time.,Trying to stay positive even though anxiety is taking over. Please let us be through the worst of this so we can get back to normal.,anxiety,8,7,2,8,8,7,4,2,1,522,108
531,"I feel very anxious about my job and ongoing financial situation. I’m also concerned about my son who is working in a supermarket and whether he may come into contact with someone with the virus and get it himself. I feel fearful for the future at the moment. I worry that this will take the country years to recover from both socially and financially. I’m cross that people aren’t obeying social distancing rules which will make us have to endure lockdown for longer, I’m very proud of our NHS and thank staff daily for working through this. I admire their courage and strength.",Cross at government early inaction to deal with crisis. Fearful of the future.,anxiety,9,6,6,8,9,8,2,2,2,579,110
532,"Relaxed as working from home but worry about family and friend, my sister is a front line nurse so Im concerned about how much contact she comes into with people who may have the Corona virus.
Im also concerned for my job as the business I work for is affected by Corona due to falling sales due to the lockdown the country is currently operating under. If the lockdown continues we will have to make redundancies and reduce hours, therefore reducing salaries and there is also a chance that the business may well go out of business if this continues for too long.",Not concerned for myself as i'm in good health but concerned for my sister who is a front line nurse.,relaxation,4,2,2,1,2,2,6,6,3,564,108
533,"I find it very worrying as people are not taking it serious enough  .a bit of warm weather and people are acting that there’s not a scary virus going around and it scared me to think we won’t ever get this over and done with . I miss my family so much but know it’s best to stay away and stay indoors . I just hope we find a cure so people can go back to work again and live life .i have lost a few people so far and it’s so upsetting
G that I can’t say goodbye to loves ones and that they died alone ","People stay safe .keep isolated and this sadness of living silently can be celebrated once it is all over . This is going to end if we all work together and help each other with support ,love and care .stay safe people xx go die corona . We’re gonna beat this and see a end of thi",anxiety,6,3,4,6,7,7,5,3,6,501,109
534,"Ii feel anxious as it is uncertain for how long the Corona virus lock down is going to go on for.  I also worry alot about my parents and grandparents. I think the situation is pretty sad at the moment and hope it gets better soon. I also get frustrated about how people are hoarding food and online delivery slots. in this unprecedented times , I think we all should think about others and not act on selfishness or greediness. I
I feel anxious about my heath as I only go outside occasionally.  I feel worried that this lockdown will create a great negative impact in our economy. I am also worried about the how lock down period might last upto or more than 6 months as it can also impact our mental well being ",hope everyone is safe ! and let's do our best to fight the virus by staying  home.,anxiety,7,1,1,7,6,3,7,2,1,714,142
535,"I find it very worrying. I am a key worker and have to continue working. I have vulnerable members of my household. I am trying to do the right thing for everyone but am finding it difficult to cope.

I find that even necessary tasks such as shopping are fraught with hazards, and other people not sticking to the 2 metre exclusion guideline. I also see family groups out walking and exercising, whilst I have to go out to work. I see other people enjoying having the government paying their salaries, whilst I don’t qualify for any relief, and my work needs to continue regardless of my desire to do it. I feel hopeless, and without relief. I can only take refuge in the figures coming out of Italy and Spain indicating that they may be over the worst , meaning that we too in the UK may also soon be past the peak. I hope so.","I am anxious about my situation, and that of my family. Too much work, not enough time to do it, and too little reward. No end in sight. I am not a religious person so I’m not going to pray to anyone, but I’d welcome an end to this.",anxiety,8,5,3,7,8,6,1,2,1,827,172
536,Very worried for certain elderly and compromised relatives. Can’t see a good ending to this. I’m fearful that elderly relatives will need to stay in isolation for many months to come until a vaccination has been developed and don’t know how they’ll be able to stay inside for so long.   Anxious about getting enough supplies when supermarkets are struggling to keep their shelves stocked. Can’t see an acceptable way forward because as soon as restrictions are lifted the virus will pass to the vulnerable. Anxiety that the fabric of society is disintegrating.,Can’t see a good ending to this.,anxiety,8,1,1,6,8,1,6,4,3,561,98
537,"I am anxious for how this will continue to affect life in the future. I am fearful that loved ones might die. I am worried that our financial security will be affected. But, I am also cherishing the quality time I am getting to spend with my children, and I am quite enjoying home schooling them, in between home working. I miss my friends and family, and I miss going out for meals or to the beach. I love to travel, so I am sad that we are missing on our holiday, but it's worth it if we can help to stop the spread of the disease.","Anxious, nervous, afraid for the future. Proud of all the front line workers protecting us. Enjoying spending quality time with my kids,",anxiety,7,6,2,8,8,7,5,4,1,533,119
538,"I am very sad, worried, upset, frustrated and angry. We have had to move our wedding from May 2020 to May 2021 (and our honeymoon was also cancelled, along with our hen and stag dos) so it’s obviously been a very emotional time for us - particularly as we were going to start a family afterwards. I’ll be 37 by the time we’re married so this is a huge worry for me. I feel angry and sad that our plans are being put on hold for a year and it feels like this whole year is being wasted. My anxiety has been horrendous although it has improved a little since my fiancé’s workplace finally closed and he has been home, safe. I have a compromised immune system due to chronic illnesses and the whole situation terrifies me. Both our mums and other family members are at higher risk too and I’ve been so worried. None of us caused this situation, yet the whole world has been affected by it. It’s so surreal and unbelievable.","Really can’t believe we’re in this situation. It’s so surreal. It feels like 2020 is “the year that never was”. Everyone needs to stay home, stay safe, and stop flouting the guidelines.",anxiety,9,7,2,7,9,8,1,1,8,920,191
539,"I am worried about the people who are not taking the situation seriously and are putting others at risk. No one should be selfish and behave like they can do whatever they want. I’m not scared of getting coronavirus but I’m worried about passing it on to others who might not survive having it. I am finding staying at home to be quite easy because the stakes are so high. I find being alone suits me and it’s the right thing to do. I live alone so I’m having lots of time to myself to do the things I want to do. I’m a musician and I can record alone, so that passes the time and is fun. ",The situation may be worrying but staying at home is the right thing to do. And it’s easy compared to the good people who have to keep going to work to help others.,anxiety,5,1,2,3,5,2,5,5,3,589,126
540,"I generally feel ok regarding the virus as it’s quite easy to keep busy at home with the kids and not take too much notice of social media and other news outlets. The biggest thing at present is that I can’t see my friends and family and enjoy the usual freedoms of life.
I’m also a keyworker so work life goes on fairly similar, although our services are dramatically reduced to emergency work only. People in work are quite stressed and this can breed further anxieties in the office. 
I have two young children so my main concern Is their wealth fair and making sure I can protect them ",Although I usually hate social media and general media screens hyping up situations to gain views as they only achieve further panic through the scare lingering. On this occasion it’s probably helping to stop people from breaking the social distancing rules that are in place.,anxiety,6,2,3,3,3,4,6,7,4,589,114
541,"I feel nervous, constantly in a state of what if. I’m currently out of work for the foreseeable future and I keep thinking that I’m having a long dream.i feel like a lot of people aren’t taking it seriously enough when people are out there dying every hour. The government isn’t taking control so people still don’t know the full effects it’s taking as there is no brutal honesty about it. It’s scary going outside; they’re saying we should do essential journeys but the essential journeys has huge effects on everyone still ",This whole situation we’re in is absolutely crazy and people need to understand that it’s no joke,anxiety,9,6,6,8,9,9,4,1,1,525,97
542,So as it stands I feel very overwhelmed by the situation due to me being deployed soon enough and expecting our third child I feel it's not a world I want to bring any child up in but unfortunately have to! It's really to think that at any moment a member of my family could get the coronavirus and it can effect us all! So many people have died already and it just makes me think who's next and am I going to know them! I feel scared for the elderly people that I know and others around that cannot help but suffer the most knowing that it could potentially kill them!,I wish this coronavirus would just disappear its fear mongering for everyone and sad to think what elderly people must feel and feel afraid of it! It's hard to think I'm bringing my third child into this world full of scary things like this!,sadness,8,2,1,4,5,5,2,1,1,570,116
543,"I am, fluctuating between feeling calm and carrying on at home day to day with tasks and looking after my children and husbandm but then there are moments when I get very anxious when I watch the news and hear about others around me. I cant help think about the sadness of others and the worry for the future. I worry to for my extended families health and for all our financial future . I worry now when I hear about the prime minister, but then I do get a little comfort to hear China is doing better and life is getting back to normality","So worried and anxious for us all, just praying and looking forward to coming out of this and going back to life as we knew it.",anxiety,8,3,1,8,8,7,5,4,4,540,109
544,"I'm worried for my personal well-being and mental health. I am a self employed performer, so currently have no in-comings. I am thankful that my partner is still able to work (from home) but it is difficult as we have two small children, so i am anxious that my youngest (8 months) may be socially behind with her development.

I'm concerned for the whole economy and how it is going to cope.

I'm frustrated at being stuck in the house with said small children (eldest 3) who don't really understand whats going on, and i'm annoyed when i see people using the park equipment, which we shouldn't be using.

i fear for how long this whole thing may last, and i'm dissapointed that so many great things have had to be cancelled that i was looking forward to, concert tickets, holidays etc.

i'm unsure about when its all going to end and we will start to get back on our feet.

and finally

I'm grateful and thankful for all the keyworkers on the frontline, putting themselves and their families at risk to try and salvage what little is left of normalcy.

","Thank you to all the keyworkers! keeping our country going in these dark times. Finding it difficult to see the light at the end of the tunnel, will this madness ever end? hopefully someday soon, but, until then, as the Queen said last night, """"""""""""""""we're in this together"""""""""""""""" STAY SAFE!",anxiety,7,3,2,6,9,3,2,1,4,1055,213
545,"I am perhaps slightly concerned about catching coronavirus myself but I'm following all the advice such as staying at home, washing my hands thoroughly and only going out when necessary so think I should be ok. I use the news to keep up to date but try not to spend too much time thinking about this or being bombarded by the information. Perhaps compared to the average person I am feeling more relaxed about the situation because due to fatigue staying at home a lot is something I am used to and it doesn't unsettle me.","Yes coronavirus can be frustrating being told what you can and can't do but it is so so important to stay inside, protect the NHS and save lives - there's never been a better excuse to sit on your sofa and watch Netflix!",relaxation,3,1,1,3,3,2,7,8,6,522,100
546,"I am not worried for my own health but I do worry about my family especially my elderly parents who live far away and do not have much local support.  I am concerned for my financial situation. I have been made redundant so will soon have no income and my husband is on 80% pay, so I worry about us getting into debt.  I also worry about trying to get a new job as many people will be in the same situation.  I mostly feel calm, but sometimes worried and anxious, I also find I am waking up in the night most nights.",Feeling up and down. And definitely eating more than usual as there is not much else to do!,anxiety,6,2,1,3,7,6,5,6,4,516,112
547,"Sad. I feel so sad about the loss of life right around the world. I'm sad about the folk who flout the rules and put others lives at risk - are they selfish, ignorant or what? I'm sad that the people of the US have such a t**t as a president and will see a big death toll.  But mostly, I'm sad for the over-worked, stressed NHS workers who work so selflessly and who are so under-resourced. Yesterday it was anger at all these things - especially the idiots who won't do as they're told. But today it's sadness. 
",Stay at home to save lives and save the NHS,sadness,6,7,1,3,6,9,2,1,1,513,112
548,"I feel scared and wishing it all to be over, worried financially as well. I'm worried I'll lose my job resulting in me losing my house. I wish the end was here but I cannot see an end near and I'm worried we will stuck in isolation for a long time. I miss my family and friends. I miss the pub. I miss socialising and doing what I enjoy. I feel depressed staying at home. Before this all started I was having therapy for depression and now that's been cancelled for the foreseeable future and now I feel lost and not sure if I can cope any more.","So scared right now, wish the coronavirus would do one!",anxiety,8,6,6,8,8,4,4,3,3,545,117
549,"Whilst I'm not worried/concerned too much for myself I feel worried for the people that I love and all those who are considered vulnerable. I'm somewhat irritated by those who do not feel that the rule applies to them. It's not about you alone at this time. It's the impact that you could have on others. And I'm sad to hear of all the deaths and the people that this is affecting. It's heartbreaking that these people are dying without the usual attendance of family members. 
I feel helpless as I don't live near family who are in need and so the burden has landed with other members of the family who are now exhausted, anxious and worried. This upsets me that I can do very little to help. So I feel a little helpless. That said, we all have to do our part and I remind myself that the kindest thing I can do is not visit loved ones. I'm a little concerned that the government will lift these rules too soon. We have one shot at this. ",This is a concern whichever way you look at it. We must do all we can as individuals to protect those considered vulnerable. It's hard for everybody to go without seeing loved ones but it would be even harder if we couldn't say goodbye should the worst happen.,relaxation,5,1,1,5,2,4,5,6,2,939,195
550,"I live in an area that has some issues with groups gathering and it worries me greatly. I have reported it to the police, the council and the press but I haven't received a response as yet. The news about Boris Johnson also concerns me greatly. I can't help myself the whole situation is worse than we have been told. I don't know how we will ever get back to normal and I worry hugely about the future of my job. We need an economy to go back to. The longer this goes on the more insecure the future. I am working from home at the moment and I don't know how much longer I will be able to do that. I think my business will close for a while and I'm dreading it. ",I don't think we are being told the full story. It's such a complex situation. Get well soon Boris!,sadness,7,6,6,7,7,8,4,4,2,663,144
551,"I feel worried and exhausted, because my close people are at high risk group. Both my MIL and FIL are cancer survivors and have weak immune system. Also I'm worrying about financial situation in my family and our economy in general. I'm working from home and homeschooling my child, so I'm also tired more than usual, because of the added responsibilities. And I miss my mum, siblings and friends. All that makes me feel sad, worried, sometimes anxious, exhausted, sometimes restless and unable to stop worrying","I'm worried, exhausted and anxious. And tired",anxiety,5,1,1,2,5,2,1,1,1,511,99
552,"Going stir crazy. Not getting anything done, as it always seems like may as well do it tomorrow, as tomorrow is pretty much the same as today.
Somewhat concerned for my own heath, and particularly concerned for friends and relatives who are ore vulnerable. E.g. my 95 year-old dad, who believes that covid-19 would be a death sentence. 
Worried about how this will ever end, no exit strategy seems like a good one - lockdown can't go on for ever, but any relaxation of the rules will put people like my dad t extreme risk. ",How will we ever get out of this #lockdown? #coronavirus,desire,6,3,1,5,8,4,3,6,7,523,107
553,"I feel a little worried about how bad it might get, but on the whole I feel fine, and know that it will be over in the long term. I mostly worry for the health of vulnerable relatives, both in terms of corona virus and their mental health in regards to isolation. On an individual level I am not so worried at all. Isolation seems to be fine on my own mental health, but living in my confined space within a flat share is a bit stressful. This mostly comes from being near my flatmates for such a prolonged amount of time, which I am not used to.",It's gonna get tougher but we will get through it.,happiness,4,1,1,1,2,2,7,8,5,546,118
554,I am 7 months pregnant and I feel sad that I can’t share the experience with my family. It being my first baby I am sad about missing my baby shower and 4D scan feel I’m grieving the normal ness but I am so grateful to be working from home with my partner where we are both safe. I miss my family a lot and it’s made me realise how much I took for granted before. Trying to be grateful each day for our health and home and take the time to get some jobs done around the house that otherwise we wouldn’t have time to do but it still is tinged with disappointment and disbelief at how fast this has all happened.,"Trying to be grateful for our health, each other and our home at a time where some people don’t even have that. But it’s so hard to not be sad and angry at how the second half of my pregnancy has turned out - grieving for the plans I had made and wanted. ",sadness,7,6,2,7,8,8,5,7,2,611,127
555,"I feel frustrated that this situation has caused us all to have to sacrifice our freedom in only being able to leave home under certain circumstances. I also feel very anxious about my future job security and anticipate long term economic affects from this situation. I feel more concerned about that than I do the health implications of Coronavirus, although I am concerned about contracting the virus and passing it onto my wife, who's health I am worried about more than my own. I also feel quite frustrated at not being able to see my relatives. ",Feeling sad how it has all come to this. Hope governments can support their citizens to come out of this experience with some security and hope for the future,anxiety,8,6,6,6,8,6,4,4,3,550,102
556,Concern that I am a keyworker looking after vulnerable people. Worried that I can't stay home and scared I take virus to the people I support or my family. Tired as having to work extra shift and worried about older family members. Find it hard to get time to go shopping without taking my 5 year old as my husband and I are having to work opposite shifts due to grandparents being unable to babysit. Scared in case I become ill and can't look after my family and worried about the economy after it is over,Scared anxious,anxiety,9,2,2,7,9,7,1,1,1,506,100
557,"While I am physically at home I am quite content and feel safe enough. I am aware of potential threats from deliveries, post etc and become heightened with fear/anxiety while I have to deal with it.
I limit my time listening to the news and reports and social media about Covid 19so as not to feel overwhelmed or fearful. I do like to hear the briefing so that I can hear firsthand what is said instead of annoying spin from the media. I get irritated by the media pushing issues when they don't need to - it's irrisponsible.",Pleased with the way the UK has come together and the good help that has been demonstrated and the help that has been given to those who need it. Amazing work being done by lots of people,anxiety,9,1,1,7,9,1,6,5,1,525,106
558,"I'm worried for the health of my children, my wife and myself. Im worried for my extended family and friends. Im worried people i know and care for will die. Im worried lots of my family and friends wont have jobs to go back to once the crisis is over. Im worried about the long term effect on the economy and my community. I dont think life will return to normal for many years. I fear for the stability of the peace process in northern ireland ss we have only recently started to properly move forward. ","Im scared, im frightened and im worried. I dont think people are taking the need for isolation seriously enough. We need to have a full lockdown now. ",anxiety,8,4,4,8,8,5,3,3,2,505,104
559,CUrrently i am quite concerned about the current situation. although none of my household is high risk i do have family members who are.my work are closed due to lockdown which is allowing me time i dont normally have to spend with my son which is brilliant but the circumstances are definitley not. i am angry that so many people are ignoring government guidelines and putting so many people at rsk.the future beyond lockdown is also quite a big concern. i work for a famiily business which is probably going to struggle with the economic climate after lockdown which then puts my job at risk and my husbands because we work together. i think its going to take a long time for us to recover from this.,what do people not understand about staying at home!!,anxiety,7,3,6,7,7,7,4,4,4,702,132
560,I am angry because the United Kingdom government has not closed non-essential construction sites. My neighbour is having a house renovation and have not been asked to stop construction despite the noise on my mental health and the increased risk of Coronavirus through its spread from builder to builder. The government needs to close down non essential construction sites otherwise there will be more deaths and unnecessary lives will be loss. I am also scared for the mental and physical health of my already ill and disabled family due to the Coronavirus situation.,Shut the construction sites and save lives. People before money. Wealth before health.,anger,8,9,8,6,7,6,1,1,4,568,97
561,I am worried about the virus being passed on to my family. Both myself and partner are front line nhs workers and are in contact with patients who have tested positive. We worry about bringing it home with us and passing it on. I am also frustrated that some people seem to think that the social distancing rules do not apply to them. I have one neighbour who had visitors at the weekend but thinks it is ok as they do not have any symptoms so are unlikely to catch it. We all need to work together to defeat this and some peoples selfish actions put this at risk making me frustrated and angry.,"the corona situation is real,we are all worried and scared but we need to work together and not be selfish.Obey the rules . ",fear,8,3,3,8,7,6,5,4,1,595,120
562,"It is senseless.  If China had been honest from the start and closed borders it would not be happening.  Quite honestly I think they really should be held to account for this.

Why do I have to type 500 characters, I have summed up what i feel and cannot go too much further.

Right, I am not sure what else to say, it is pointless making it a minimum of 500 words, 

So what else can I say.  It is annoying, yes, it is expensive.  But it is what it is and we can do nothing other than try to make it go away as quickly as possible so doing as we are told is important.","Annoying and expensive, but necessary.  Please capture all the idiots and put them in a big room together, and lock the doors for a month,",sadness,3,4,8,2,2,7,5,5,5,569,129
563,"I feel very concerned about the outbreak, also hoping we can get a grip on the situation.  I suffer anxiety so it’s reeking havoc on my condition.  I suffer tightness in chest, so I’m now thinking that is corona virus, would love to be tested.  I’m hanging in there but increasing worry each day.

The news isn’t helping the populations mental health, it’s nonstop morning to night morbid news coverage, I’ve stopped watching.

I haven’t left the house in over 3 years due to anxiety so I can cope with the quarantine side of things 


","I’m fed up with fear and worry, we suffered Brexit for years now this which is a nightmare!",anxiety,7,3,3,6,7,3,2,3,2,536,105
564,"I am stressed and afraid, worries about my family and friends.  I'm angry at the government who ignored the warning signs and didn't prepare for such an event deposits being told years ago that they were underprepared.  I'm also angry at the people who are letting everyone down and disgusted by the celebrities and billionaires claiming we're all in the same boat while they are living in mansions with pools and grounds and with the money to help but doing nothing. I miss my partner and hope this will be over soon. I am inspired by communities as the whole.",I am afraid and angry but most of all I am hopeful.,anxiety,8,2,2,5,7,6,3,3,1,561,106
565,"I feel worried about going to work, I work in a supermarket and doing 2 oclock in the morning shifts so it is really hard. I am worried what the next few months holds for the country. I have already moved departments in my job, I am worried my family get it especially the older generation in my family and the health implications. I am worried about finances and for someone like me who goes to university and works the long term impacts. I worry whether I will be stopped by the police on the way to work early hours in the morning. There is also the worry about my holiday booked for June I do not want to go but the travel company will not cancel without charging a high cancellation fee.","When will this end? Working in a supermarket has to be one of the hardest jobs. Customers not listening and going about the shop as if there is nothing going on in the world. The words said at the front of the store are not enough, I don’t know why people cannot listen! ignorance",anxiety,7,2,2,7,8,4,5,5,5,692,141
566,"I feel worried and anxious, predominately about what the future holds. Whether I will still be employed soon and I’m also worried about my husband/children and family that live further away. It makes me feel sad thinking about people who are less fortunate and don’t have enough money or have lost jobs. I worry about the impact on their children. It makes me really sad and it also angers me that I can’t do anything for them to help them. I fear for my mental health, I fear that this is now going to deteriorate as I’ve recently moved areas and I don’t know when I’ll be able to get treatment again. ","I’m really worried, worried about what the future holds for us all. More importantly I’m worried about my mental health and my job. I need my job in order to stay sane and likely to pay for therapy sessions which I am going to need following this epidemic.",anxiety,7,2,3,8,7,5,5,3,3,603,122
567,"I am worried about the situation with Covid-19 as I have just glanced at the news five minutes ago. I have family members who are key workers in the NHS and working around the virus every day. I worry about them, friends or other family getting the virus as it looks to be very serious. I also worry about the possibilities of myself having the virus at any time. 
As I am so worried I am quite tense and unable to relax. This means I am fidgeting and looking for ways to use up some energy, I don't feel particularly happy and am starting to feel a little bit sad, ",Worried about all those people dealing with Covid-19 and thankful to the many heroes risking their lives to support us all in these crazy times. Stay strong.,anxiety,8,2,1,6,9,7,5,3,1,566,118
568,"I feel saddened at the number of deaths of NHS workers who have not been adequately supplied with PPE, these deaths are preventable and should never have occurred if they were given the right equipment to do their job safely. And that only recently they are being tested. 

I also feel for those who are dying not of covid but as a result, those who surgery been cancelled or those in too much fear to attend A&E with life threatening symptoms

I'm angry that we were slow of the mark, lockdown should have occurred sooner and more tests carried as well as contact tracing.",Stay at home to protect lives.,sadness,2,6,1,2,2,7,2,3,1,573,112
569,I feel that there is a lot of unknowns which is contributing to people’s anxiety. I feel that the government are not in a position to answer many of these unknowns which is a contributing factor to anxieties. I am personally feeling very unmotivated in my day to day living. I feel it is difficult to maintain a routine with changes to work patterns etc which is having an impact on my mental health. I do not personally feel at high risk if I was the get coronavirus but I feel many people who are in the high risk category are being complacent in their daily actions which could result in them becoming seriously ill.,"This is a temporary adjustment to our daily lives, do as your told and stay home! Why risk others?",anxiety,7,3,7,6,8,6,1,3,2,619,120
570,"At this very moment I am fairly relaxed about the Corona situation. I purposefully only read the news online in the mornings then avoid it for the rest of the day (by not watching tv, not going on Facebook but rather just Instagram and YouTube). When I think about the future, the health of my family, the security of our jobs and the economy etc I can get worries and I am worried by the fact there is no end date to lockdown as of yet and also when lockdown is lifted, how can we be sure to keep ourselves fit and healthy? But day to day I am pragmatic - I take each day as it comes and at the moment I am enjoying taking this time to do some DIY and odd jobs around the house. This keeps me busy and my mind off the situation.",Take each day as it comes,relaxation,4,1,1,2,2,1,6,7,5,729,159
571,"As I'm self employed and work from home this situation hasn't impacted me financially or affected my day to day life.  I'm worried about my older family getting the virus and how badly it would effect them, also their mental health as they're not used to being on their own for any time at all.  Also I'm worried how the economy will be impacted as a result of the lockdown as well as this coinciding with brexit.  Overall I consider myself very lucky and I'm following government advice strictly to protect the people most at risk. ","Hope people are staying safe and making the most of this time in lockdown, it's a good time to reflect and make changes to your life coming out of this whole thing.",anxiety,2,1,1,3,5,2,2,4,2,533,101
572,"I feel hopeless of the measures that the government is currently using. There is still no face masks for general public since the WHO started to say it is useful for protecting lives from the coronavirus. If the government said that because there is not enough masks available, they can build more factorys to produce tons of masks for everybody use. Please stop risking the public. If not using masks for general public, I don't think you can stop the coronavirus spreading between people. it will become a deadly bug forever.",Please stay home everyone!!!,anxiety,7,3,5,7,8,6,3,5,5,527,99
573,"Staying at home has me very lethargic and unmotivated to do anything productive with my time. I very much miss the little things of life like meeting friends and going out which made me happy. I long for this to be over honestly but I know that can only happen with the hard work of our health services and whatnot. However, I am extremely angry at our government's handling of the situation (e.g lack of PPE for frontline staff), I think the lack of preparation was very irresponsible and thus I am a little disgusted by it. Though I feel like this time has brought a big collecive spirit together and I feel like I'm more appreicative of my friends and family.","I am extremely proud of our frontline staff working very hard to face this crisis. However, our governments lack of preparation for this crisis has left me angry and disgusted.",anxiety,6,7,8,5,8,8,2,5,7,662,131
574,"I am anxious. I have a disabled daughter with rare, complex disabilities and I do not know how the virus would affect her if she caught it. We have been shielding her and self isolating as much as possible.
I am stressed as I have been juggling looking after my daughter, my 2 school aged children who are at home and my toddler. My husband is a key worker and is still out working, leaving me at home. My 2 school aged children are being home schooled requiring help and supervision.
Lockdown is hard with children keeping them amused, active and engaged.","Lockdown and home schooling with children is very hard going. But, its vital to protect our vulnerable. My daughter needs to be protected.",anxiety,7,2,2,4,7,3,4,4,2,556,113
575,"I feel pretty fed up and resigned to staying in for weeks. I'm very sad for my children who can't see their friends and extended relatives.
I feel like the neighborhood has become very judgemental and is encouraged to spy on each other to tell if someone is breaking the lock-down rules. 
I'm appreciating how much freedom we had before this lockdown but everyone just took it for granted. Now people are getting outside and enjoying exercising. Suddenly things seem so much more appealing when you know you're not supposed to be doing them.",Feeling fed up and wondering when all this will end. I want to see my family.,anxiety,5,3,3,4,4,2,5,4,1,541,100
576,"I don't feel too concerned about Corona. When the emotive take on Corona is removed the stats put it back into perspective and the chances of catching it, let alone it causing serious illness or death are in reality quite small.
What is more concerning is that it is very clear that worldwide Governments contingencies are woefully inadequate to deal with such incidents. 
The UK in particular has fallen woefully short on testing capability.

Am I scared of Corona, no
Do I worry about Corona affecting me/family, no
Am i concerned about the death rate, no","Viewed pragmatically and statistically there is a very small chance of anyone you know being affected by Corona.
Always look on the bright side of life !",desire,2,1,1,1,1,2,3,4,6,557,106
577,"I’m still very worried about covid-19 at this moment in time, mainly for other members of my family. My wife is 27 weeks pregnant with twins so is classed as high risk, even before the virus came. Everyone in our house is classed as vulnerable so we are all very worried. Life has completely changed and we don’t know long for, so we are also concerned about mental health. My parents have underlying health conditions, so if they caught it then there’s a good chance it could get serious. There is also a worry for the economy and potential job losses. ",All very stressed and concerned by the covid situation,anxiety,8,6,5,8,8,7,3,2,4,554,111
578,"As a key worker I am still working at the moment albeit on reduced hours. I have a young son who cant go to school so I and my wife are home schooling. The lockdown measures, whilst understandable, are really frustrating as there is nothing much to do at the moment. Also very frustrating that my holiday in May wont now be going ahead. The overiding boredom is the thing that is more annoying than anything. From a county perspective there doesn't seem to be any real let up in the number of cases and fatalities so there doesn't seem to really be any light at the end of the tunnel.",#bored out of my head at the moment. Nothing to look forward to and no light at the end of the tunnel.,anxiety,7,6,2,6,8,7,1,2,2,584,119
579,"I feel most sad about future plans not happening in terms of summer. I miss my friends and human contact, going out and socialising was a big part of my life and well being. However on a positive note, it can sometimes be good to get out of routine, I like the sense of social solidarity and not having work to do. I find most frustrated when I see how it is affecting people differently, I worry about the increased domestic violence rates and it upsets me when people get angry at those in parks when not everyone has a garden, people have children that need to go outside, we need to be responsible but not shame others.","I feel sad about missing out on my plans with friends and family, about holidays and travelling missed. However I think it is good to have a change of routine and hopefully there may be some social change from this outbreak, in terms of state intervention and appreciation for NHS",relaxation,4,3,1,6,6,6,6,7,6,623,128
580,"I feel very sad watching the news and about the people affected by this. I feel worried about my own family's health. I am worried about my financial situation as I am a supply teacher not on a contract so am not getting paid at the moment. It is difficult to sleep. I am worrying about doing a good job home schooling my three children, aged 14, 12 and 7. All these things are making me anxious. I can see some positives I am enjoying spending time with my children not rushing around to work, people coming together and supporting the NHS is a good thing.","Feeling anxious about the virus, home schooling and my current financial situation. Will stay positive and at home.",anxiety,8,2,2,7,8,7,5,1,1,557,116
581,"I feel like the situation is all very uncertain, I’m really worried about my grandad who is staying at home for 12 weeks! I’m not sure how secure my job will be when this all goes back to normal, I am furloughed at the moment but there is no telling as to how long it will be until the shops reopen again.

I’m annoyed at people who aren’t taking this seriously and I’m concerned the government will loosen the lockdown too early. I’m not too bothered about my own general life being affected, I can cope without going out for food and to the pub, that can all wait! ","I hope people listen to the advice, think of others and not just yourselves. We all want to go out, and we will when this is all over, think about that moment and how great it will be....do not ruin that now! ",anxiety,6,5,5,6,7,4,5,3,5,567,117
582,I am very worried about catching Coronavirus. Having heard about the Prime Minister's condition just now has made it even more frightening that it can attack anyone.  I am also worried about my family catching it as they are elderly and in the vulnerable group. I am trying to only go out shopping once a week to keep myself safe. I am also shopping for family members to ensure they have everything they need during this difficult time as they have been advised to stay indoors for at least 12 weeks.,"Feeling annoyed with this stupid virus now, wish it would just disappear.  Looking forward to getting back to normal, not sure when it will be but hopefully soon.  Still too many reckless idiots thinking that the rules do not apply to them and endangering lives of others.",relaxation,8,1,1,4,2,1,8,8,5,501,96
583,"I'm frustrated at the people that haven't been listening to the government guidelines and are still going out socialising with their friends. because it means this is going to take even longer to get sorted meaning we will have to isolate for longer. I am also missing my family and friends because I can't see them. I'm Getting bored from having to stay at home and upset because it means I potentially have to cancel my holiday, that was booked almost a year ago. And other events I have planned for the summer will most likely have to be cancelled. There's aot of uncertainty about when everything is going to go back to normal that is the worst part 

","Im bored, I just want to go out ",sadness,7,6,6,4,4,6,2,3,4,656,125
584,"I go back and forth with my emotions. Sometimes I feel frustrated, upset, bored and gutted about people getting ill and dying, all big events cancelled, pressures that come with homeschooling. I feel upset I can't see family and friends and then I feel ok and think this is a good time to relax, be with the children, also get the house sorted as well as sorting out other bits,working from home and sorting bits out that have been left for a while and also most importantly keep safe and save our NHS.","COVOId-19 a rollercoaster of up and down emotions, but most importantly stay home and stay safe!",anxiety,7,6,5,8,9,6,4,2,7,502,104
585,"The situation is concerning but I feel that it is following the trend and pattern expected following social distancing measures.  I am encouraged that society at large seems to be following the current advice without to much objection.  I am confident that we will overcome the virus but concerned that the change to our society may last for a long time.  The economic impact will be severe and I worry about how we will be able to revert back to normal life within as short a time as possible.  I am a little uncertain about the actual severity of the disease in relation to seasonal flu but have to accept the information given to me by the media and the Government at this stage,",Keep strong and smiling through,relaxation,4,2,1,4,5,2,8,8,6,682,129
586,"Whilst this is clearly a troubling situation, I am trusting that if everybody follows the Government advice, then this will be over soon. 
I am fortunate that I have a nice house and garden to be able to stay at home and i have just had a family quiz via zoom with all of my family. Whilst it is difficult not to see them in person, i do actually speak to them more on a daily basis.  I have stopped watching the news as it makes me angry at the presenters who are clearly trying to stir up issues and therefore i am more relaxed. I only follow the official guidance. ","If we all stay at home, this will be over soon. 

Stay in touch with your family and you will be able to see them in person soon.

Don't be selfish and burden the NHS. 

Make sure you exercise, be grateful and stay safe.

Stay home, stay safe. ",relaxation,5,2,4,4,2,6,7,6,3,568,119
587,"I feel immense uncertainty. Its like this situation is either going to be quite bad, or much worse (with lots of collateral damage)if the authorities miss-manage it. It feels like people on the street are becoming paranoid and mistrusting of each other and if the current climate goes on for too long then I fear permanent/long-last damage to the social fabric. 
I also worry for the future. If this much havoc has been wrought by a moderately harmful Virus then it seems like something more severe could pretty much collapse modern civilization.",Only now could Fridays feel Mondays.,anxiety,7,3,1,4,6,4,3,2,5,546,103
588,"I think people are incredibly selfish. I am a Police Officer and have to go to work. People need to stay home and stop socialising and stick to the isolation rules aet by the Government so that people can see their family members sooner rather than next year! If people don't listen the government will have to impose stricter restrictions. I feel let down by neighbours who will not stay inside. I get people need to exercise for mental health but there is a limit. The amount of people I have seen out and about is disgusting. There is more cars driving around everyday which just proves the issues. 
",People are selfish. Please stay home as I can't. If you want to see your friends and family again then listen to government advise. Hundreds of people are dying everyday.,anxiety,8,7,8,9,9,4,7,1,7,603,117
589,"I feel anger because I am a key worker and I have to be at work every day risking my health. Then people who should stay at home are outside having good time. Running every day, on bikes with families and every day I see them shopping (example they came just for one banana every day-idiots). It is to hard for them to stay at home and they have paid for that- extra holiday.  if I have a chance to stay at home I would stay. For me them people should pay for that behaviour.  If people are not gonna listen every advise by nhs it will be long time it will finish. Only thing I am asking is STAY HOME ",#stayathome!!!!! and think about lovely nhs staff you ignorants,anger,3,9,1,5,1,1,5,5,5,601,131
590,"It's a very tough time at the minute and is only gonna get worse i feel. It's not very nice at all, but it has to be done. However it ain't helped by selfish people going out in public when being told to stay indoors as that dont help things. It will make it worse and in a few weeks we will see the severity again. It's a very worrying time currently and I cant wait for it to be over. I miss seeing my friends and family and socially meeting people. It all makes me very sad and I've often felt lonely cus of it. I'm also angered by what people have been doing but not so much at the virus.",All these people going out when been told to stay in is pathetic. We all miss social interaction but we have to do what we have to do to get through this tough time.,relaxation,7,2,1,2,4,5,5,9,3,592,131
591,I feel very strange about it all.  One minute I am ok and can block it out of my mind but then the reality kicks back in. I went to the supermarket today and felt very anxious. I feel at this moment as if life will never be the same again and that we are stuck in this time freeze forever.  It is the most surreal thing I have ever encountered. I am getting that I don't even know what day it is and have to force myself to recollect what's happening from one day to the next. I keep wanting to look at the news on tv and then when I do I want to switch it off again as it is so depressing.,"I feel lost and confused, like we are all caught in some kind of time freeze, a bad nightmare that I cannot see will ever come to an end. It's hard to imagine life will ever be the same again.",sadness,8,2,2,8,8,8,1,2,1,590,132
592,"I am able to work from home at the moment, so I'm feeling very lucky in that sense. I am however worried for all the key workers who have to potentially come in contact with the virus daily. I am trying to stay positive in this situation and hope for the best. If everyone follows the government guidelines, we should be able to beat this virus. All we have to do is stay home and be considerate of others. I cannot wait for this pandemic to be over. More than ever, I want everyone to get back to their normal lives. I think the whole coronavirus situation is a good wake up call for everyone to not take things for granted and be grateful for every day that we get to live.",Be considerate. Stay Home. Protect the NHS. Protect the Planet.,sadness,6,6,6,6,7,8,4,4,4,675,143
593,"It's hard for me as I work in a hospital. All our clinical staff has been redeployed on to the dementia wards. So its out admin team who are the backbone of the service.Every day feels like groundhog day. More and more people diagnosed. It does not feel like there is an end in sight. All my favourite things have been cancelled, music, sport, events. Can't visit relatives, supermarkets busy, social distancing, no big gatherings. NHS overstretched. Using football grounds as hospitals. Asking footballers to take paycuts. Funding for lower ranked tennis players. Spending time at home in isolation. Domestic violence up 25%. prime minister has Covid 19.",Wake eat sleep repeat #grounding day # covid 19,anxiety,7,1,1,1,5,1,2,1,1,655,129
594,"I feel stressed, anxious and worried about health, money and employment. I feel overwhelmed and pessimistic about the future. I feel disgusted that it has been allowed to come this far. I am concerned about what is going to happen and how the UK will bounce back from all of this. The lockdown is quite stressful and emotional. It makes me feel nervous and worried for myself, friends, family and the rest of the country. I harbour resentment to the government and people of China for not putting a stop to the disease as and when they had it so that it didn't spread an affect all countries.","Such a stressful, worrying and anxious time.",anxiety,9,7,8,9,9,8,2,1,2,592,119
595,"Unsure of the future and how long this will last, and what effect it will have on life in the future.

Different countries are using different methods for trying to control the spread of the virus.

Many deaths are being reported but I am not 💯 sure that every death is related to the disease.

The episode is affecting daily life as I am having to work at home which can be problematic due to so many people using the network and slowing down progress.

Shopping needs to be planned due to the number of customers being limited at any one time, as well as queuing to get in to shops. The panic buying seems to have curtailed now and shelves are once again being filled.",Let’s stay at home to save lives and help the NHS.,disgust,5,4,5,5,6,6,2,3,4,670,134
596,Watching too much news. Worry about loved ones. Fed up with social distancing. Absolutely believe the government is making it up as it goes along and have dragged their heels with response. Disappointed (very selfishly) at having to cancel plans. Sitting looking out my window every day. Need to exercise more but glad to still be able to get out for a walk every day. Eating far too much. Don't really have anything else to say as I can't think of any other feelings I am currently having in relation to the corona situation.,frustrated with those who are taking advantage of the current situation - they are too selfish to act for the greater good,sadness,5,6,4,5,6,6,1,1,1,526,105
597,"I am frustrated with the restrictions, concerned about older relatives and also friends who are working in the NHS. 
I contend that the Government has endangered more UK lives with its haphazard approach in which herd immunity seemed to be the policy, where testing is minimal and health workers are not appropriately protected. So yes as a result of all of this, I do feel anger, mainly towards the government who now seems to be scapegoating elements of British society. Also, the Police with the new regulations or guidelines are sometimes overstepping in their interventions. ",Buffoon Boris will be experiencing an element of hubris over his hospital admission. Hope he recovers but that outcome is denied to many by his sloppy and tardy approach to Covid 19.,anger,6,5,1,2,1,2,2,2,1,580,104
598,"Very anxious. Trying to avoid media as constantly reports the negatives which makes the fear and anxiety greater. 

Feeling very lonely and isolated and distant, struggling with positive mental health and have not left home at all in 3 weeks. Very twitchy and anxious for this to all be over but a fear that it may not be over anytime soon. 

Feeling very lonely and that this will not end well, also have medical issues so worried that if I am to catch anything then it could cause serious problems or death, which in turn has caused greater stress. Slowly running out of food which is not ideal either and having no supermarket local or any deliveries for weeks is also causing a huge impact. 

The overall feelings are of fear, uncertainty and anxiousness. ","I wish that we could get this #covid-19 beat! My mental health is struggling, and people need to socialise and grieve. Let’s hope it’s over sooner than later!",anxiety,7,6,4,7,9,6,3,5,3,760,145
599,"I am, primarily, angry that the economy is being put ahead of society,at this moment and that years and years of doing so has also left the NHS short of resources to cope.

I am afraid, and worried, that the decisions made at the top will sacrifice lives to protect """"""""""""""""the city"""""""""""""""".

On a more personal level, at the moment I am relaxed and content as I am making good use of the additional time I have and am getting to spend more time with my family. There is the underlying fear that any of us could yet get very ill/die.",It's time to stop shaping society to meet the economy's needs and instead to reshape the economy to meet society's needs.,anger,6,7,6,6,6,6,6,6,2,521,118
600,"i feel anxious mainly about the economic impact of the coronavirus more than the actual illness itself. 

I think that the action of the government is good, but ultimately it's setting up the younger working generation up for years of austerity and there doesn't seem to be a clear exit plan from the lockdown. 

It worries me that there doesn't seem to be enough PPE doctors and nurses and that there may not be enough ventilators when the virus peaks. 

I also worry about the mental health impact of the situation. ",I'm about two weeks away from a Britney spears in 2007,anxiety,7,3,1,7,9,6,2,1,1,518,96
601,"I am appreciating all the time at home with my children and husband, but I am extremely concerned about having to shut my business for the forseeable future. The unknown is the most frustrating part - how and when will we be able to reopen? Will we stay afloat? Will we get the financial help we need? The anxiety is constantly at the back of my mind. The actual prospect of getting ill is less worrying - we are self isolating bar a daily walk and shopping once a week. I would hope we are strong enough to fight it off if we do catch it.",Don’t know whether to spend this time panicking about all the bad out there currently or embracing what good we still have! #confused,anxiety,6,3,2,6,8,4,5,5,1,539,114
602,"I am a little anxious how long we will be on lockdown for because there is a minority of people who do not listen and the less people listen the longer the lockdown will last. More people will get ill and some people arent taking this situation serious which is frustrating. Lots of people are missing their family and friends and idiots are ruining it for everyone.
The schools being closed is having a huge impact on children and their lives. Lots of schools are a child safe place and that has been taken away.",It is frustrating how people are not listening to lockdown. The less you listen the longer this lockdown will continue. Stay at home and stay safe.,anxiety,5,4,4,4,7,7,5,5,3,513,100
603,"I feel quite sad as the measures taken to help stop the spread of the COVID-19 pandemic have affected my family. My parents are not able to visit their grand-daughter (my daughter) and my wife and I may be unable to go on our planned 1st holiday with our child. I am moderately worried about my close family's health but my over-riding emotion is sadness at everything that has been and will be missed out on due to self-isolation measures. I am not fearful as my current employers have furloughed me but agreed to pay the remaining 20% of my wages so although I am technically not working at present I am still receiving full pay and can therefore spend more time with my wife and child. My wife is an NHS Key worker and as such is working a lot, I am moderately scared of her contracting the virus but I know it will not affect the 3 of us too much.",I've ha enough of this Coronavirus situation now. People need to start respecting the government's actions and staying home. Personally I don't want my family to miss seeing their new grand-daughter so I really want this whole issue cured and cleared ASAP!,sadness,4,5,3,4,6,8,2,4,7,851,172
604,"It is a concerning and worrying time for everyone around the world. A lack of control in that there is nothing one can do to eliminate the chance of getting the virus. There is frustration and lack of trust in the government leadership and believing what they say. It is appalling about the lack of sufficient testing being done and the behaviour of public figures evidences a case of “do as I say, not as I do”. People have and will die, some people will be prioritised treatment over others, some will be tested who should need to be, whilst others will not be tested who should. The failure to provide adequate resources and protective equipment is inexcusable. There was a scenario a few years ago to test the ability of the UK to handle a pandemic. It found serious failings but little or nothing was done. ","Concerned, worried. We may all be in the same boat, but some are on the top deck with life jackets and access to the lifeboats, whilst the rest of us under below the water line with no such resources. Any of us may die, most of us won’t, but the odds aren’t equal",anxiety,7,4,1,6,7,5,3,3,2,812,161
605,"I am very anxious and apprehensive about the current Corona situation. I am angry about all the people choosing to blatantly ignore the lockdown and social distancing. I fear how many people will carry on getting infected by not adhering to the guidelines that have been set in place. At this point, I think the lockdown should be made stricter as some obviously are taking advantage of the hour of exercise outdoors each day. I fear for my own health as I am in the vulnerable category as I have DIabetes and take immunosuppressants. ","Whilst I adhere to the lockdown fearing for my own health & my loved ones, others are recklessly & selfishly out in the sun ignoring it. People are on the frontline risking their lives to keep everyone safe. Just stay the fuck home, it's not rocket science people! ",anxiety,7,7,3,7,9,6,3,1,1,535,100
606,"I'm not especially concerned about my health, more how it will affect my parents as they're older and more at risk. I'm fed up of lockdown - I understand why it has to happen but I live alone so it's very isolating. I have moments where I have mini breakdowns and have to accept those which isn't always easy. I also like being in control of things and I have no control at all. I'm uncertain about holidays I have booked for later in the year (I've already had to cancel two which is rubbish but in the overall scheme of things relatively minor.)",Fed up that there's no end in sight to this. Can the government get their arses into gear and come up with a coherent strategy please?,anxiety,6,6,3,2,7,6,4,6,1,547,112
607,"Although I count myself very lucky to still have a job. I am very anxious as I support vulnerable adults. I fear that I could spread the virus to those I support.
I also worry about becoming ill myself as statutory sick pay is too low to cover the bills. 
I worry about the health of my family and I feel a lot of sadness for those that have died.
I also feel upset about the way that key workers have always been treated. Underpaid and under appreciated. Yet now people clap for us. While this is nice recognition, I still believe that once this is over, we will return to the way it was before. ","Anxiety levels are very high right now. I fear for my family’s health and fear that as a key worker I may spread the virus.
Hopefully the lockdown takes effect soon and we can see light at the end of the tunnel.",anxiety,6,2,1,6,9,9,1,1,1,597,127
608,I am concerned about how many people are getting it. I feel anxious that I can’t be with my friends and family and I’m scared they will contract coronavirus and I won’t get to be with them. I am angry at people who are abusing the system and still going out. I worry about the future of society. I know my job is safe and I am grateful but I am worried for those who have lost their job. I fear for the brave key workers putting their lives on the line and risking everything to save the population.,Please stay at home and save lives. Think would I die without making this trip? If yes then go out    If no stay at home,anxiety,7,4,4,8,9,7,3,2,1,500,105
609,"I worry about how the government are handling the current situation. I feel like they decided to tackle the situation too late. It concerns me that the UK economy will really struggle to survive, as a self employed person who makes cards and invitations as my primary job, I am worried that about a lack of financial help right now as I have no savings or money in the business to draw on. My mental health is also suffering because of all the worries bubbling under the surface in my mind and I’m not sleeping well.",Everyone needs to follow guidelines. #Stay safe #Stay in. Let’s get through this quicker #together,anxiety,6,2,2,4,7,5,2,2,1,516,102
610,"I feel quite awful about it. People are dying and I can't do anything to help. I am also high risk and am struggling to get shopping etc. Very scary. I also cannot see my parents, who are also vulnerable to the disease. I'm worried they'll get sick. I live alone and I'm worried I'll get sick and not be able to look after my cat. I find it difficult to relax. I am keeping busy and connected with friends etc but I still feel lonely due to the isolation & lack of face to face contact. I find it difficult to be happy and have fun while so many people are dying ",fuck corona,sadness,8,6,7,8,8,9,3,5,1,563,123
611,"Frustrated that certain members of the public are not taking the threat seriously. 
Generally the issues with getting essential food from the supermarkets is a little bit time consuming but safety matters to everyone and social distancing is there to help prevent the spread of the viral infection is a necessity.
Working from home if available does offer additional security when it comes to self isolation. 
However some companies appear to be chasing their revenue streams rather than thinking of their staffs welfare. It appears as if staff are expected to be very flexible with their work schedules to avoid companies cease trading (Taking annual leave forced shutdowns). However whenever we get back to some form of normality I expect companies won't remember what their staff did for them.
",Stay at home if at all possible. Isolate and only go out if really necessary.,anxiety,8,6,6,7,8,6,3,4,6,797,137
612,"I feel really conflicted - on the one hand I am worried about my parents and how my family would manage if I got ill. But in a very strange way, I am enjoying certain aspects of lockdown. Life is simpler, we are being kinder to one another. We have more time for domestic things. But then I feel guilty, knowing that I only feel this way because my life is quite privileged - how different it would be as a single mother living hand-to-mouth. I worry about how we can begin to resume life and about the people for which it will never be the same.",Coronavirus symptoms are far less serious if you are middle class (and I don't mean in a medical sense),anxiety,7,3,3,6,7,6,7,6,9,546,116
613,"currently feeling rather scared and frightened. Dread going out to work as I am a keyworker. Also all my family are keyworkers, so we are all mixing in situations which put us at risk, and then bring it home and risk affected everyone else in the household. It also annoys me to see all these people not following guidelines, makes me very annoyed that most of us take all these precautions to keep us all safe, and these idiots dont care, they are out picnicing in parks, no social distancinging. Each morning i wake up dreading to go to work, having to deal with people that have no interest in following guidelines. ",Please people follow the rules. You are going to cause someone to die. Act now and stay at home,fear,9,5,1,9,9,5,1,1,1,619,124
614,"I feel like I am living in limbo due to the lockdown.  Everyday seems the same and it is kind of depressing.  I know it if for our own safety so I am happy to abide by it, but it is still making me feel really down.  Also I think the press and media are scaremongering and creating even more fear amongst the population.   I think it is the uncertainty of what is happening and what is going to happen which also creates fear and panic.  I just want this to pass and for life to return to normal as soon as possible.  ",2020 hasn't been the best of years.  Threat of WW3 in January and then global pandemic in March.  #badyear #reset,anxiety,3,6,4,6,7,9,1,1,3,518,110
615,"I,feel,extremely,bored.
Nothing,is,happening,at,all.
It,would,be,good,to,be,active,and,doing,something,positive.
I,am,irritated,with,that,hypocrite,in,Scotland.
I,think,the,government,were,ill-prepared,and,the,NHS,wasprey,after,decades,of,austerity.Will,we,learn,the,lessons?
I,am,hopeful,that,Boris,will,fade,away,and,Mr,Starmer,will,lead,us,to,victory.I,am,a,little,sad,about,all,the,vulnerable,women,who,are,sufferoing,domexstic,abuse.I,personally,feel,rather,detached,from,it,all,watching,frm,a,distance,and,worrying,about,the,lonely,elderly,people.","Greetings,to,all,the,detached,observers,like,myself,We,see,the,women,in,terrible,situations,of,domestic,abuse.Ring,that,Helpline,for,Christ's,sake.It,is,24//7.Keep,that,stiff,upper,lip,Britons,and,we,willall,meet,again!",relaxation,2,1,1,1,2,2,6,9,5,553,188
616,"I suffer with anxiety and feel that the current situation has made this 100% worse. It feels like it isn't going to end anytime soon and that concerns me as I miss seeing my friends and family. It upsets me that some people are still acting like nothing is wrong and are going about their daily business, this is only going to draw the process out for a longer time. I avoid watching the news as it is all negative and upsets me. I worry about my mum as she works for the NHS and is still having to do home visits. I also worry about both my nan's as they are feeling very lonely at this present time. ","#can'twaitforthisnightmaretobeover 
#staysafeeveryone
#stayinsidesavelives
#proudoftheNHS",anxiety,8,4,3,8,8,8,1,1,1,602,127
617,"I fear the situation mostly because of the large parts of the population (not just in the UK) that are not taking it seriously, as their actions threaten the survival of vulnerable people in the population. It is increasingly dangerous that some people do not listen to scientists, and I fear the lack of control that we have. I hope that better things come out of this. I also feel that mental health is taking a hit as people stay confined; I personally am lucky that I managed to join my family before lockdown hit, as otherwise I would be in a very bad place. ","Please take this time to be a good person, as this is the time, now more than ever, to care for others. Imagine the direct effects of what you do acting on a relative, and stay home. Reach out to others and take care of yourselves. ",anxiety,8,5,4,7,8,6,3,4,1,564,115
618,"I feel anxious whenever I leave my home to get food supplies. I feel sad and upset at the amount of lives being lost both here in the UK and across the world. I feel anger towards the members of the population that continue to go out and do as they please whilst the rest of us are trying to keep to the rules. I feel annoyed at the government for not giving us stricter rules. South Korea have done what everyone should do. They never had a vicious peak like we are having. I just want us all safe and well, I want this all to be over.",Stay home. Respect the NHS an all they are doing. Try to embrace your life and your family as you never know who is going to die from this fatal virus next. Keep your loved ones close.,anxiety,8,5,5,7,8,8,2,3,1,536,117
619,"I feel hopeful. There is still a long way to go but I am less anxious than I was. I am also feeling sombre and sad for all those that have died. I also feel a sense of duty in following the government rules and to keep going through this challenging time. I also feel grateful to all those on the front line, nhs staff, carers, supermarket workers, delivery drivers etc. I also feel glad I am able to work from home and stay safe. I feel like this is a life changing time of my life. I don't think we will ever face such a tough situation in my lifetime and feel like it will define us. ",Feeling sad but immense pride at  the workers risking their lives for us. #Stay at home,relaxation,7,2,3,6,4,7,5,8,4,587,130
620,"I feel not too concerned, certainly not as concerned as I was. I am anxious for my sister who is on immunosuppressants and my dad who has an autoimmune disorder, but overall I do not feel that anxious. I feel guilty about saying it but there are some positives to the situation. I am a keyworker so I still have to travel into London to work and the trains are very empty so my journey has improved significantly which I am happy about, but I feel guilty that I am happy about that. Apart from this I feel anxious, a bit concerned, but not necessarily fearful.",I feel a bit anxious about the coronavirus situation but not overly. More concerned for others than for myself.,anxiety,4,4,5,4,6,5,5,4,3,560,116
621,"I feel sorry that people are dying from this and are having anxieties caused by it however for myself I'm really enjoying it. Everywhere is much more peaceful, the air is less polluted, the night sky is brighter, there's no noise at night, no airplanes in the sky. It's very much idyllic to myself. I took a stroll through the park the other morning and it was deserted. I don't have to waste my existence in pointless shops. About the only annoying thing is not having a place to take the kids but they're young enough they don't really mind",Everything feels so much cleaner.,relaxation,2,2,1,3,2,2,8,8,7,542,109
622,Tired of being inside most of the time but making a routine and trying to get through it all. Looking forward to being able to socialise and band out with friends...whenever that is.  Feel sad for those who are passing too soon.  Feel proud to have the NHS but angry at the government for how shortsighted they have been given they’ve underfunded it and berated it but now want to applaud it.  Almost more worried about the US and how their government’s blind ignorance of science will affect their people.,"Hopefully if we learn anything from all this, it’s that experts ain't so bad after all.",sadness,5,5,4,4,4,6,3,4,4,506,99
623,"It's a time to reflect on how bad the world has become and people are beginning to help each other. We an only hope that a vaccine is discovered soon and we have every faith in scientists to do so. I do hope this is over soon. I am trying to keep positive and look on the bright side, but in the back of my mind I am worried about catching the virus and dying from it. I am confined to my house and am not sad about this, in fact I am enjoying being at home and and being away from the rat race. I don't know what else to say really. I'm on medication for serious depression and anxiety and am feeling chilled out/zoned out most of the time.","Covid 19 is an evil virus that is stealthily attaching itself to many many people. Even though virologists have an understanding of how this virus works, it is unpredictible. All we can do is follow the rules and keep hope in our hearts. #coronavirus #covid19 #hope",relaxation,7,5,7,1,3,3,7,7,1,641,142
624,"i am actually quite happy during lockdown. I've been doing all my jobs that need to be done. it is upsetting that so many people are dying, but I feel like I am numb to all these deaths. since it is not directly affecting me, I'm numb to it. i have been outside once during lockdown to go to the shops but I am lucky because I have a nice garden so I can go outside safely. me and my family are coping very well together and I feel like this experience will bring us closer together as a family. we have been getting along very well. we have done little projects, e.g my daughter made a TARDIS from Dr who","I understand how everyone must be feeling during these times, but we as a nation need to pull together and look out for each other and help those most at risk. i am always here to talk to and if you need someone to talk to, please @ me or dm me",relaxation,3,1,2,3,1,3,5,5,4,605,131
625,I am concerned about the current COVID-19 pandemic but I’m also aware I am doing everything possible. I’m angered by people not following basic rules and the situation proving to be getting worse. I’m anxious for my friends who are in the higher risk categories and also for my job. I worry about when normal service will be resumed and how the country will recover afterwards. I am sad primarily due to the lack of human interaction although I am grateful for my house mate who makes things much happier.,I wish people would just follow the rules and stay inside! The coronavirus is serious and we all need to stay safe. Following the rules means the country will repair and as few people will be hurt as possible,sadness,4,6,4,5,5,8,5,4,2,506,95
626,"I am just so worried. I am worried about my family that lives thousands of miles away, I am worried about my mother who lives on her own and still has to go to work. I am worried about my brother who was looking for work just before the crisis began. And I am worried when this will end - will we ever return to normal? Will we go on holiday again? We were so excited to celebrate my graduation this summer and now this won't happen. And any good news, personal and professional, is so rapidly forgotten because you can't celebrate it with anyone. ",I am worried if the world will ever be 'normal' again. And I am so sorry for all the families grieving during these horrible times. The world can be such a scary place.,anxiety,8,6,4,8,8,7,4,3,3,548,115
627,"I miss my friends and family and being able to go out whenever, wherever, with whomever I want. I am sad that this has happened to the world and that so many people are suffering. I am so annoyed and angry at the people who keep flouting the government guidelines and making everyone else struggle for longer. It's unfair that they don't feel like they have to help anyone else when there are people trying to save lives. There's so much death. My mum has cancer and she's a very high risk person but she's been told she won't be able to get help if she gets the virus. Yet people who blatantly disregard the safety rules will probably be absolutely fine.",Coronavirus is the worst,sadness,7,3,4,2,8,9,1,1,1,655,131
628,Currently feel mentally and physically drained - it’s caused really bad anxiety as it’s very unnerving not knowing if you or family will contract the virus and not being able to hug and see family is so difficult. Currently working at home but so hard to focus and have motivation to carry on with work based topics when partner is furloughed which is an financial strain and balancing boredom. Beginning of lockdown was excited to get things done in the house but also due to lockdown are unable to get any items in particular fence paint. I get really heightened anxiety at the thought of going food shopping during this time.,Wish I could cuddle my mum and nan - so hard to carry on as normal in such a heightened state of anxiety,anxiety,6,5,3,5,8,6,2,1,1,628,115
629,I have not been tested but have had cv for last 10 days and been very unwell. I am worried that my lung function will never go back to normal but I guess also relieved that I seem to be getting better now. I think most of my family had milder symptoms than I did. The fevers were Terrible. I am hoping we can begin to release some of the measures in a few weeks but know that will depend on impact. A lot of negative a have happened but have dealt with those so far. Now I am worried to some extent about how we get back to more normal living and keep infection under control. Also I don’t want to get reinfected so hope that immunity is actually a thing which applies for a period of time.,Currently recovering from a nasty mild bout of coronavirus the fevers were horrendous and now my main problem is breathing whilst I do anything other than lying down... grateful to be well but wonder if my lungs will ever be the same again,anxiety,5,3,2,4,6,3,5,5,5,690,147
630,"I am slightly nervous about it, more about the uncertainty than anything else. I want to know when lockdown will be over, and I want to know that the government really are doing all they can to increase medical resources.
Are we really just in isolation because there aren't enough medical supplies for us to be helped if we have corona?
I think the media are potraying too much information about it and we are not focusing on anything else in the news which is equally imporotant.
It's having a good effect on the environment.","Stay at home! if everybody stays home for a few months, we can get through this as a country and come out on the other side stsronger than before!",relaxation,6,4,2,4,6,3,8,8,3,527,102
631,"I'm feeling quite calm as I don't tend to venture out much anyway, I'm not a very sociable person.  I'm relaxed as there is very little traffic which means there is a general air of calm and we're seeing more of nature coming to the fore.  If I'm honest, I'll be sorry when somethings go back to 'normal'.  The only time I feel anything other than calm is reading certain posts on social media but I can walk away from that and go back to my 'bubble'.  I feel that the situation may be tightened up due to people not taking things seriously, or even that it may be prolonged.  As it is at the moment, this isn't causing us major problems.  It's probably the only time I haven't worried about us both being unemployed","Calm, riding out the storm but enjoying the tranquility.  Every day feels like a Sunday and I will miss this when things go back to 'normal'",relaxation,5,1,1,3,3,1,5,7,1,716,149
632,"the first week I struggled adjusting to 'the new normal' and was very bored and irritable but now I feel I have adjusted well and feel normal most days, still bored a lot though. I do find the days go quick and im not as worried as I thought id be about the whole Corona situation. I'm slightly worried about my wage being different every month for the foreseeable future though. I just hope this virus goes as quickly if not quicker than it took to arrive in the first place.

There is an eerie feeling when you go out for your daily allowed exercise; i.e. there are very few cars and people about and everywhere is closed makes every day feel like a Christmas Day sort of feel, or that funny week inbetween Christmas and New Year where you're not certain of what day it is. ",I feel quite irritated by this coronavirus at the minute. the only thing getting me through this without constantly being irritated is that the majority of the world are all in it together which gives a certain level of reassurance. I hope that everything reopen soon for us all.,anger,5,6,3,5,6,2,3,4,5,776,158
633,"I am worried about catching the virus, as us everyone else.  I am not going out, except for food shopping when I can’t get home deliveries.  I have started to use a meditation app in order to control my anxiety and enable me to sleep at night.  I started to use this tool after suffering a few nights of broken sleep.  On occasion I feel overwhelmed by the risk of catching the virus and have taken to watching less television news to control the overload of information.  I miss seeing my son who lives in his own house and also my dad who lives in a local care home as he has dementia. Bathe home has a “no visitor” policy in place.  I worry about him getting the virus and dying alone.","Worried about family and friends at this time.  Am staying home as instructed, hope that everyone else is staying safe too.  We will get through this.  Finding meditation is helping control the anxiety",anxiety,8,2,2,6,8,4,6,4,2,688,144
634,"I feel not too anxious about the corona situation however i feel quite lost and lonely, almost empty rather than sad. I feel bored and tired more often but not angry, i’m a little bit anxious about getting ill but not too bad, however my mum and dad are key workers so i’m more worried about catching it, i don’t feel as anxious as usual tho. I am struggling to feel motivated to do any work and i am struggling to get out of bed and struggling to fall asleep. I feel sad i can’t see my friends or boyfrind",omg !!!!!! i am sick of corona now i just wanna see my friends and boyfriend. it’s been 16 days since i’ve seen my bf and i am sick of it!!! i tell u i am sick!! stay inside and stop seeing ur friends so i can see my friends asap!!!!,sadness,7,3,1,2,3,6,3,6,3,506,107
635,"Along with the rest of the population, the situation we are seeing progress every day is unprecedented and therefore very worrying. It is difficult seeing the number of deaths on a daily basis, reeled out on the news like it is the norm. It is a particular concern for those of us who have elderly parents at high-risk categories. Yet, if there is anything at all positive that can be taken from this, it's that maybe it will give the planet time to recover a little from pollution, and allow people to just slow down and hit the reset button. We will get through this. The world will continue to turn.","It's in no way ideal but, make the most of it. This time in lockdown is a time to reflect. When all this chaos is over & things start to return to normal (whatever normal is), I guarantee the first thing to come out of everyone's mouths will be 'I do wish I had more time to...'",anxiety,7,3,1,7,7,3,4,5,3,602,122
636,"I cannot sleep. I'm anxious, my depression worsened. I feel like I'm scared of anything. I'm scared to die. This feeling of uncertainty is eating me alive. I'm scared for my child and my husband who is a key worker. It's unbearable. I feel like I'm barely surviving. I try to stay focused but it's impossible. I feel like we will not have a normal life again. I easily cry after I read the news. I don't want to end up like Italy and I miss being outside. //////////////////////////////////////////////////////////",This feeling of uncertainty is eating me alive. It's an unbearable sense of fear and anxiety,anxiety,9,5,5,9,9,9,5,3,3,514,159
637,I'm annoyed that I cannot continue my life as normal however I don't mind the enforced isolation as I am more relaxed and not having to worry about many of the daily tasks. I am having more time to do things like yoga and meditation and am spending less money as I'm not out socialising and using petrol etc. I miss my friends and miss socialising however but I have got around that somewhat by utilising online meeting platforms like zoom. I am worried and a little anxious about the future of COVID and wether or not my friends might get it and die,"I am obviously worried about COVID-19 but I am somewhat enjoying the enforced isolation, relaxation and not having to worry about many of life's daily stresses.",relaxation,4,4,1,2,3,5,4,6,1,550,107
638,"The COVID-19 situation has caused me a great deal of worsened anxiety, especially bad as I suffer with it anyways. I am so sad that I cannot see the majority of my family due to themselves and myself being in the high-risk category. I have self-isolated for 3 weeks now and will continue to do so for as long as necessary to help overcome this pandemic! Nonetheless, it is still a rather scary time as it has been proven to impact anyone. The virus does not care who you are (nor can it) and it will take anyone's life. The unpredictability of the virus is one of the scariest things, as we do not know when the peak will arrive nor do we know if we can overcome this and restore the country back to its original sense of normality.","Just want corona to be gone tbh, actually cannot be bothered for it",anxiety,9,6,6,9,9,9,2,1,1,732,151
639,"I feel people are making the situation a lot worse than it is. And that a lot of people also try to.make profit off it. It's certainly something that needs attention and care, we all need to be careful, but the overreaction of everybody makes the situation immensely huge. Off licenses also try to make profit off peoples' fears and anxiety, and/or health conditions. It's really sad to be honest, but at the same time it's really a good """"""""""""""""mask off"""""""""""""""" moment for a lot of people. You truly see a lot of the """"""""""""""""true intentions"""""""""""""""" of people during situations like this one.","I'm feeling pretty calm about it, a bit careful, a bit anxious about old family I have, but I feel a bit calm but sad at the same time. I lost a lot of chances on things and my life went a lot steps back. But I can't do much other than stay as positive about it.",anxiety,5,2,1,1,7,6,4,4,7,568,124
640,"I am stressed about a whole range of things, including my ageing parents health and my job prospects as I am being made redundant at the end of June. Additionally my part time evening job has ceased due to the Corona virus putting additional strain on my Finances.

I am also very worried about contracting the virus personally - but as I am a single person I am struggling with the isolation of working and living at home alone.

I have been suffering with depression and this has not come at a good time for me adding additional stresses and barriers to my life",Feeling stressed about every aspect of my life due to the current Corona Virus. Hoping that we get through this very quickly,anxiety,8,2,2,7,9,8,1,2,1,563,108
641,"I feel that the World as we know it is going to be a different place for a short time.  I feel that over a space of time it will just be as it was before the Global Pandemic..  People will forget about the Community effort, sacrifices by front line staff and the importance of identified key workers as life gets back to normal for the majority.  It will be like the collected sorrow when Diana died but long forgotten now except by a few.  It has been good to watch the mighty scrutinised by the Country and found wanting and to stand and clap for those previously ignored.","Who actually keeps the Country running, feeds us, educates our children, cares for us when we are old, looks after us when we are sick. Not the people who we thought did but others we took for granted and clapped when they didn't get a pay check.  Who is looking after you now.",anxiety,7,3,1,4,7,6,1,1,1,574,116
642,"At this very moment, I feel sad about the rising death toll, however I do not know anyone personally affected so I am perhaps a little naive to the severity. I am not too anxious, but would be devastated if people close to me become affected. I was struggling last week and felt quite depressed, but this week I am feeling more uplifted and excited about things and have planned things to do. I am worried how long it will go on for and how I will cope and the severity it might get too. Today I feel more upbeat.","It is a very sad situation, but as a nation we can see some light from the corona virus - with the lockdown we are learning to enjoy the little things and have value the people close to us. We no longer take things for granted.",desire,5,3,2,3,3,4,7,6,8,513,109
643,"Anxiety about what the future holds for society and the economy. Sadness for all the lives lost and fear of how many more there will be.

I feel stressed, worried, lonely and isolated. I also feel utter disgust at those flouting lockdown and purring lives at risk, as well as compromising the NHS and the work they do to keep us safe

I a concerned about the government not doing enough to force social distancing measures and that by not acting, or whether they have indeed already left it too late, that our death figures will continue to rise. I am thankful that the UK government has put financial measures in place to support people and jobs, however. 

",I am scared for society,fear,8,4,5,9,9,9,2,1,1,659,129
644,"I'm sad for everything I see on the tv - about the incredible job the NHS staff are doing to comfort and support and ultimately cope with the demands of a horrible situation right now. I'm sad that people aren't able to go out as much as they normally can, particularly with the warm(ish) weather, and it being the start of the Easter holidays. It's particularly tough now because we're coming - at least it seems - towards the peak, in 7 to 10 days I think. On another note, I am feeling extremely lucky that I haven't been affected by it so far. I'm sad for everyone who suffers because of this. ","And if a god will wreck me, on the wine-dark sea, I can bear that too, with a spirit, tempered to endure. ",sadness,6,1,1,3,1,7,6,7,7,598,125
645,"I feel mainly anxious and unsettled.  I am checking the news more often than is good for me, but can't help it.  I am very emotional and find myself teary when I see videos of nice things people are doing for others in the community.  Clapping for the NHS on Thursday night made me cry.  I am living alone and feel isolated but grateful for good relationships with my family, boyfriend and friends which are keeping me going.  I feel scared when I go out because other people aren't careful enough about keeping their distance.  I am therefore not going out much.  I might stop going out for a walk every day and just go every other day.  Obviously this would not be ideal for my mental health","Government incompetent; virus terrifying; experience lonely; future uncertain; job maybe lost; trying to keep it together, not sure how well I'm doing",anxiety,9,7,1,8,9,7,7,7,3,693,138
646,"I'm worried about it.  Even though I am only going to the store once a week I feel like I'll probably pick it up from there!  I have decided to go on a dating site to get a headstart on meeting new people when the lockdown is over so I actually feel kind of relaxed and excited for when this is all over.  I have also been trying to keep preoccupied by talking to people, playing games, reading books instead of news articles as I feel like this just makes me panic more and I find distraction and looking towards the future is more helpful.",Feeling anxious about the coronavirus but looking forward to when I can get out there and appreciate life again.,fear,6,4,4,7,6,6,5,5,6,541,111
647,"I feel relaxed at the present moment as I don't have to wake up early and go to work. But I do feel a little bit fearful of catching the coronavirus even though I am taking all the necessary changes. It is a bit sad that the weather is nice and sunny outside and we are all stuck inside, but it's not forever, it's only a couple of months to get through.
We all need to take this serious and follow what our government is asking us to do.
I am hopeful that we will come out of this stronger as long as we all stick together and we all take precautions.","Please everyone take extra care of each other during the next two months and then we all will be able to go out and enjoy this lovely weather. Stay indoors, stay positive and take care.
",relaxation,6,2,1,4,2,2,2,7,2,552,119
648,"I am concerned about the length of time we will be asked to stay indoors and how long children will be off school. I imagine how it will be to be able to go shopping again and have everything back to normal. 
I am not happy to only be allowed out once per day I feel very trapped indoors all the time as I have no garden. Its worrying about the older generation but I feel we should be able to be outside more than we currently are. I speak to my family much more often via video chat apps since this all begun which is a positive  


","Uncertain times give you too much time to think

",relaxation,3,1,2,2,2,2,9,9,1,535,112
649,"I am frustrated and angry that people are still not social distancing and putting other people's lives at risk, however I am happy working from home spending time with my family, we are playing games and doing jigsaw, having old fashioned 
fun. However  I am worried about the spread of the virus and how many people have died. I am a person who shows emotion and am looking forward to being able to hug my Mum and Dad and other friends and family and having a big party. I did not vote for Boris Johnson however think he has done a good job with Covid19 and am concerned about his health as he is now intensive care ","I'm angry and frustrated with selfish people not self isolating, they are putting people's lives at risk and stretching our NHS workers even more than they already are. I am angry I can't see my family and friends. When all this is over I will be so relieved and have normality",happiness,7,6,7,7,7,8,8,6,2,617,123
650,"I feel concerned for those who lose people to the virus and I am very worried about my Mother who has dementia and is living alone.

Feel worried about those that work in our National health service that they don't have proper protection.

I am concerned regarding  the future economy of our country and individuals impacted financially by this.  Not sure how long this will go on for and the unknown impacts too.

Particular concern for those countries who do not have great medical care or are unable or unwilling to provide economic support to their citizens.

I am not feeling well today, tired and aching.  Not sure what else to say as don't want to type rubbish",I am fed up,anxiety,7,4,1,2,7,6,1,2,1,667,125
651,I’m feeling cautious but as I’m self isolating so feel that I’m doing all I can to prevent contracting or carrying the virus. I feel anxious when I watch the news and see the number of deaths but I remind myself I don’t live in a city and  compared to other places our death toll is low. I am interested in how the virus is spreading more than I feel anxious. I try not to watch the news all the time but once or twice a day is enough because I understand how it could make people anxious and afraid. I’m not bored by self isolation but some people are so I think we need to remain cautious and not become complacent.,"I feel extremely lucky throughout this crisis that I have enough food, gas and electric to last as long as I need to self isolate. People need to stay in the cautious mindset and not become complacent because we could be lockdown for a while. Don’t let anxiety creep in.",relaxation,4,1,1,1,2,1,7,8,5,618,127
652,"I worry about my friends and family. I really miss seeing my Mum who is isolating at her house all alone. Even though we communicate over video on my phone 

I feel very penned in at home. Somedays i feel like i'm climbing the walls.

I hope things go back to normal soon! It's my Birthday today and it's been a very strange sort of day not seeing friends or family or being able to go out for a meal.

I struggle to keep my daughter who is nearly 4 entertained all day and try to take her for a walk in the fresh air every day.",Wish this was all over. Very grateful for all those risking their lives to help people.,anxiety,7,1,1,6,8,3,7,2,1,528,114
653,"I am really concerned that someone in my close family (particulalry my elderly parents and parents in law and my young children) will be impacted significantly by the coronavirus.  I'm equally worried about the economic impact a lockdown will have and the impact that may have upon my job security - should I lose my job then I would have significant difficulty meeting financial obligations.  I feel sad that, as a community, we have been diustanced from each other - though there are some positives in the fact people have found alternative ways to communicate despite this.",I am hopeful that the situation will be resolved but fearful about the impact that will be felt until then.,anxiety,8,1,1,3,6,4,7,5,1,576,104
654,"I feel very fortunate at the moment. My company has gone out of it's way to allow everyone to work from home (which is something I've wanted to be able to do for years) and after a few hairy days I've been able to find everything I need in the shops. 

I don't know anyone who's been seriously sick and I've been restricting myself to checking the news once a day. 

All my social engagements have been cancelled but that's been great for me, I was dreading a couple of them. I've been able to keep in touch with people via Zoom and Houseparty.",Turns out that being made to stay at home for weeks works out great for me. Sinking some hours into Animal Crossing.,relaxation,4,1,1,2,3,1,3,4,1,544,112
655,"I am concerned for my family members and more vulnerable people I know, less concerned for myself. I know that I am lucky being able to work from home. I am concerned about what this will do to the NHS. I am finding the lockdown fine but concerned if daily exercise is stopped this may no longer be the case. I am very annoyed at those who are constantly flouting the rules. A few people not following the rules means that the whole country will have to suffer. Seeing people sat in parks etc is very annoying and I am glad the police are taking it seriously. ","I wish the minority would stop breaking the rules! The majority can do it, why can't you?",anxiety,6,6,4,6,7,6,3,4,1,560,115
656,"Disgust and annoyance more people don’t listen to guidelines for greater good of society as a whole

Too many people are ignoring guidelines (including politicians and people of government )

Most people in my local community are reacting and responding well with compassion and doing what We should all be doing. 

As a key worker I appreciate this greatly 

VvvvvvvvvvvvvvvvvvvvvvvvvvvvvvvvvvvvvvvvvvvvvvvvvvvvvvvvvvvvvvVvvvvvvvvvvvvvvvvvvvvvvvvvvvvvvvvvvvvvvvvvvvvvvvvvvvvvvvvvvvvvvvvvvvvvvvvbbbbbbbbbbbbbbvbvvvvvvvbbvvbvvvvbbvvv",disgusted at how some people think they are above guidelines,disgust,5,3,6,5,5,3,5,5,1,532,62
657,"I am very worried and anxious about my close family and friends health. My father has just come home from hospital after a 9 week stay, he has a very low immune system so I am terrified of him catching it. My partners father only has weeks left to live due to cancer, we are distraught at the fact that we may not be able to attend his funeral. 
I am also very worried about money due to my partner being self employed for only 7 months which means we do not qualify for a grant. Also all his jobs have cancelled. We have a 1 year old daughter who is luckily to young to understand, but I am worried about the world she's growing up in. ","I have never felt so helpless and anxious. It is so difficult not being able to see sick family members (not Covid related). So worried about a 90% drop in our household income. We have a 1 year old daughter to provide for, I am not sleeping properly. I cannot relax, I am on edge",anxiety,9,7,7,9,9,7,4,2,2,637,136
658,"I am very worried about the no of cases increasing daily and scared that my partner will bring the infection home as he is a key worker. It’s just a matter of when. 
 Another aspect is the fact that the virus seems to be constantly adapting and is now causing deaths in kids as well. Being a parent, this is a very scary scenario. 
I also worry about my elderly parents back home in India and this increases my feeling of loneliness in the case of anything happening to me/my partner. 
The added stress of keeping the kids occupied, housework, staying inside etc. doesn’t help with this situation.",JUST STAY HOME and please please save lives,anxiety,9,4,4,8,9,7,1,1,1,597,120
659,"I feel extremely anxious about the situation, both for my health and that of my family.  I feel worried about the implications for my job and for my sons job. Things are getting worse all the time  for many people and I worry also about the financial implications for future generations. I have started to not watch the news too much as it was quite depressing, it was affecting my sleep, so I've learned to distract myself with other things which has helped. it's very sad to see that businesses have closed and people have lost their jobs and it's difficult to see how the economy will recover anytime in the near future.",Feeling sad and powerless over the coronavirus outbreak. Let's look after each other,anxiety,9,2,1,7,8,4,1,1,1,623,121
660,"angry there still people out and I about I have neaver seen so many people on bikes walking makes me so cross do people not get stay in and stay safe upset hurt that so many people have died just from this cross my partner is a key work at the hospital they have no ppe at all and now he is in ICU as there has not been the correct ppe so now he is lying in ICU get so mad at the way keyworks can not be covered, there is that many people in hospital makes me  upset angry any onew could catch it , young old , why has this happened ","hashtag this corona 19 need to do one now, now  it is time to say good bye to the cornoa 19 you upset and hurt and killed so many people now its time to say good bye argh why has this happened why would people cover it up and eat things that are bats why would you corona 19 needs",fear,8,7,3,8,7,4,1,1,2,533,115
661,"I am mostly concerned for those people who are particularly vulnerable to this virus. I live with two people who fall into this category, so have been rather aware of the need to try and prevent unnecessary spread.

I am also somewhat angry with the people who do not seem to be able to grasp the potential seriousness of the situation, and who feel that because they aren't particularly at risk of serious illness from it they don't need to worry about spreading it. Fortunately those people appear to be in the minority.","I feel that the situation is serious, but manageable if people are sensible. I am hopeful that this will be eventually contained, but concerned about the long term impact on the economy and the possibility of a second outbreak.",anxiety,7,3,2,5,7,5,4,5,5,522,99
662,"Worried and scared how rapid the whole situation is regarding the virus. Large spreads with idiots still outside than staying indoors. People need to realise this is a serious thing but people are looking at it like it’s a national extended holiday. A fast acting serious dangerous thing causing people to die and people are acting relaxed and being selfish. This country should be on full lock down and kick this virus out because it is totally Taking over. Stay safe, stay indoors, stay away!! We need to cut this virus in the bud and stop the spread, act now act fast and stay safe ","Scared and distraught by the current situation of the fast spreading virus! Stay away, stay inside, stay safe! ",fear,7,3,3,8,7,7,3,3,3,585,115
663,It's a strange time nowadays. There's an undercurrent of what there might be lurking under everyone you meet in person and it can hamper socialising with people. I hope it passes by quickly. I'm also wondering what the political ramifications are because of this. How will the politicians react going forward? Boris Johnson had to be admitted to hospital so who else knows what might happen to the political parties if someone dies. I think it's going to be a case where people will have to accept Covid-19 as another regular disease people get much like the common cold/flu. It does appear to have a higher death rate and our hospitals doesn't want to handle the sudden influx of sick people.,Feeling strange in these times. Wonder what the history books will say about now?,anxiety,6,3,2,4,5,1,3,6,2,694,131
664,"I’m very anxious about the current situation. I want to see if the lockdown has had any effect in reducing the number of cases and deaths, but don’t want to get my hopes up yet. It isn’t clear if the day on day reductions will lead to any actual trend, and I’m not sure when we would expect to know if the measures have worked. I think that people are getting fed up with the lockdown and there will be increasing civil disorder if the situation doesn’t seem to be improving. On the other hand, I’m truly horrified by the authoritarian streak that has been revealed in many people, and am disgusted at the way that rather than promoting community understanding some individuals are calling for people to be shot in the street for going for a walk. I’m looking forward to when I don’t have to work from home any more and I can do normal things like see my sister and my mum, and my friends. ",Seriously anxious and fed up with the current situation. Really hoping the situation will start to improve soon or I fear the social consequences will be severe.,anxiety,8,6,2,6,7,7,4,5,2,890,179
665,"I am nervous about the impact of the virus on my family and friends, but I'm also highly frustrated by the restrictions put in place. It has made my job very challenging through working at home, and has added a greater number of obstacles. I fully support the restrictions, but I fear it will damage the relationship my baby daughter has with family members and hinder her development. In terms of my own risk of infection, and any subsequent complications, I am fairly secure in my ability to fight it off, even if I'm unlucky enough to contract it. I have no underlying health issues and generally respond well to illness. My main concerns centre around my parents and their ability to survive should they contract it. ","This Corona virus is a scary thing. It'd help if people would follow instructions, then we'd have a chance of some kind of normal life again. Never thought I'd be chomping at the bit to get back to work! ",anxiety,5,4,4,6,7,4,2,3,6,721,139
666,"There's a slight sense of worry since there's a suspicion that this might not be a one time thing. The virus could mutate and come back even worse on a seasonal basis. Overall though I think it's likely there will be a vaccine within a year or so. It will be interesting to see how all of this social distancing influences behaviour once it is all over, and how easy it will be to return to normal. It might also be interesting to see how long this will take. I can't imagine a world where everything is back to normal any time soon. Some unsavoury characters might even tryo to take advantage of the situation.",Slightly worried but optimisitic.,relaxation,3,1,1,1,2,2,5,6,1,611,123
667,"I feel quite anxious about the situation as the future is so uncertain. I am worried about how coronavirus will impact all areas of my own life (social, economic, career, family) alongside society in general and the economy. I don’t see an end in sight which worries me even more. I am concerned that the government is hiding aspects of the epidemic from the public. I am concerned that China has been untruthful with the world and that their death toll is much higher. I am worried that there may be a second wave of the virus which will destroy all of our progress ",I am worried about what coronavirus means for both myself and the country as a whole. I think the impact will be devastating on all aspects of life. I think the government is hiding the worst from us just like the Chinese government did,anxiety,7,5,1,7,8,5,2,1,1,567,114
668,"The COVID-19 pandemic is currently making me feel extremely anxious and nervous about leaving the house. I see people who have taken it upon them selves to go to friends houses, go to the park and up my rural road for walks, not following the doll I’ll distancing guidelines. It’s extremely frustrating as someone who suffers with anxiety and depression because I feel like I do not have control, not over people as they can make their own choices but over my mental health as I’m forced to stay in where I won’t see my friends etc and it’s difficult. However, this can also be a blessing in disguise to me. I study French language and have been able to focus more on my studies now that I’m stuck at home. I feel on top of things for once and feel like I can catch up and keep up on all of my work as I’m doing it in my own time while also to deadlines. It’s a very contradictory time for my emotional and mental state but for everything else it is frustrating as I love being outside. However, it is selfish of others to go out when realistically that’s what’s making COVID-19 and it’s spread worse. The quicker we all stay inside and self isolate, the quicker this will all be over and we can be vaccinated etc. ","Everyone stay at home. The faster you all stop being selfish and self isolate, the faster we can all enjoy the summer again. STAY AT HOME. ",anxiety,4,1,4,5,7,6,7,6,2,1215,245
669,"I feel that countries are trying to work together and watch how each other responds to the situation and what we can learn from each other. But I feel sad that so  many people have died and in particular that nursing staff have lost their lives when they have helped so many people. I also feel scared about how we will exit the virus and what the economy will be like afterwards. I am worried for my job and that of my husband, who is self employed. I also feel sad that the weather is so nice but no one can be out there to enjoy it.",sad at the situation we're in but hope for the future thanks to our wonderful NHS.,anxiety,7,1,1,5,8,6,4,2,1,535,113
670,I'm mostly just worried about the whole thing. I don't want to get poorly so i am afraid about that and even more afraid of my family getting unwell. Im also anxious about what the future holds for not only me but the country in general as i fear its going to be a long time until things are ok again. And im upset as i am struggling to be stuck in the house and i dont know if theres going to be any food shortage so its a constant state of stress and worry.  im not sure what else to put as ive explained really.,"Please, everyone stay inside. The longer you don't listen to the goverment rules the longer we are all in trouble for.",anxiety,8,2,6,9,9,6,3,6,1,515,111
671,"Feel that the threat is still coming. Feel very lonely because I live alone. Feeling I’ve eaten too much chocolate because I’m just a bit fed up and all Easter eggs on offer at the moment!
I’m more concerned for the older people I know such as my parents and someone I’m keeping an eye on in assisted-living. 
Do you feel I need to keep reminding myself how lucky I am. I live in a nice area with easy access to open spaces and I have supermarkets in walking distance. Most of the world doesn’t have this luxury.",Feeling lonely but also feeling thankful that I live in a country where is one of the best healthcare systems. We need to look at places like India and sub-Saharan Africa. Those of the places where individuals don’t have the luxury we have.,sadness,6,1,1,2,3,7,1,4,1,512,105
672,"I feel anxious about the actual virus - I work in a retail bakery and on shopfloor, so it's quite a worrying time for people like us! Especially seeing many, many people coming into the store for items that are not essential. I also feel sad because all my plans are on hold, even short trips planned. I also feel sad as I can't see my boyfriend at all. The only time I see him is if he comes shopping at my store! And yet we've been together 12 years. I know it's for the best but it's a sad time.  Alongside this, I feel proud to be doing what I can to help contain this virus, by working and providing essentials to people, and by staying at home on my days off.","A terrible time for our generation, tinged with sadness and anxiety, but a time to be proud to be united!",sadness,7,3,1,6,7,8,2,4,5,665,147
674,I am very worried that I might contract Coronavirus I have to care for my elderly father and I worry I might pass it into him I’m also worried about job security and paying my bills I am also very scared when I go and do the basic things like shopping for groceries and I will put this off until the last minute. I am also very angry that some people are just ignoring the social distancing and not following the rules that the government have laid out. I am also concerned that our leader Boris Johnson has been admitted into hospital with Coronavirus symptoms and I hope for a speedy recovery as he was doing such a great job and I worry that his replacement will do such a good job the nation needs him,I am very scared and worried about contracting the virus and becoming unwell,fear,9,5,6,9,8,8,2,1,1,706,138
675,"I feel lots of worry about loved ones, what will happen if they get the illness. Also feeling anxious about what is going to happen, how long this will last for and long term effect it might have. Anxiety is mostly driven by unknown things, living like this is doable but harder with not knowing all of these things, Relieved that me and husband have secure jobs, mine being In key worker sector (education). We are feeling proud of key workers in NHS and supermarkets etc who are supporting at possible expense of their own health.","Feeling anxious about how long this will go on for, but incredibly proud of all key workers! We can get through this.",anxiety,8,3,3,7,8,7,1,3,1,532,107
676,"The government made an absolute mess. We had time to prepare and learn from other countries. instead they wasted time with the idea of herd immunity. Now we are royally screwed.
Mr Charles Windsor trip to Scotland is the umpteenth proof of the contempt we are hold, it is disgusting and he should pay for the care of the entire village he infected.
Scotland is trying to resolve this matter using devolved powers as much as possible but the Westminster government should do more, or nothing at all and leave devolved administration free rein and funding. Either they give the money or give instructions, can't do neither of them.
Mr Johnson illness, while we all wish him a speedy recovery, is just a proof that this virus is a serious matter.",This government is a shamble and their response to COVID-19 is ludicrous,anxiety,7,8,6,8,9,6,2,2,6,743,144
677,"I a fairly relaxed. At the end of the day, if you are able to follow the guidelines and reduce human contact to as low as possible, then you ought to be ok. I have to go out to shot but try to get out early when it is quite and with the new procedures supermarkets are enforcing, I feel fine. In addition, if you are meant to catch the virus, then you probably will. I had a cardiac arrest lasting 72 minutes last year ad survived without issue, so it kind of makes me more relaxed. 500 characters for 50P that's a canny rate of return!","Follow the rules....stay safe, live long!",relaxation,4,1,1,1,1,2,4,7,3,536,119
678,I feel extremely anxious at the moment about Coronavirus. My grandmother is mid 80s and although she hasn’t left the house in weeks I’m still concerned about her. My parents are in their 60s so are mid risk and my mum is still going to work. I don’t want them to get sick. I am missing seeing them and it’s making me sad. I’m anxious because I’ve lost a new job and so we have had to freeze our mortgage. This makes me nervous and I’m worried in a few months time there won’t be enough jobs for the unemployed like me.,Please stay home and stay safe. Seeing people sunbathing is upsetting and is going to extend lockdown.,anxiety,7,7,5,7,9,6,3,6,2,519,109
679,I feel extremely lonely and anxious. I havent seen anyone in ages and even taking the dog out a walk is really quiet. I live alone so I feel extrememly isolated and cut off from the world. I have been very lethargic and havent been doing much and the days are running into each other. I have also not been sleeping very well. My sleep patterns are all over the place and are usually resulting in me staying up until 5 or 6am and waking up late in the day. I just want to be able to go and see people and be sociable.,I need someone to talk to and cuddle. Im so lonely,anxiety,7,1,1,4,7,7,2,3,7,516,111
680,"I feel very afraid and tearful, my mind is constantly distracted.ive lost my income,I miss my family and I’m scared for the future. I think we as a country and my own family can get through this virus but it’s going to get tougher before any progress is made. I find myself picking arguments with my husband because I’m angry and frustrated with him being home all the time as we are both used to being at work and are spending all our time together. He seems constantly angry at me and I don’t know why I cannot help our situation at the moment nobody can",Does anyone else feel alone even though they are with family? I hate this situation but I know if we do as we have been told we can get through it.stay inside.,anxiety,8,8,4,8,9,6,3,2,1,556,112
681,"Both my daughter and I feel very lonely and bored due to the current situation as we are used to seeing people daily. We fully understand why the lockdown is in place and appreciate and adhere to it - we just wish everyone else would and then hopefully this would end sooner instead of being prolonged.
I do wonder why China are keeping everyone in the dark regarding their true numbers of cases and deaths -honesty could have helped other countries deal with this sitiation sooner and better. Why there is still a huge cover up going on is astounding.","Utterly drained, bored and frustrated. The sooner lockdown ends the better! What's the difference between Trump and China? Nothing... they are both full of hot air! ;) #Covid19 #CoronaVirus",sadness,9,5,5,7,7,9,1,1,1,552,104
682,Worried. I have symptons - my 14th day with a cough. I should be ok but this disease has a lot of unknowns. I'm better than I was so I am optimistic. I am worried for Boris Johnson our Prime Minister. I also worry about my family though they are fine at the moment. The economy is a worry and I dare not even look at my pension pot for fear how much it has diminished. I fear for the economy in the short and medium term and I feel so sorry for small businesses like garden centres. I am happy that the weather is getting warmer and that I can sit in the garden and also go for a walk and cycle for exercise.,We will  get through this,anxiety,6,2,1,6,7,2,3,4,1,608,134
683,"i am currently furloughed, so a little anxious of the situation with work, and when that will re-start. I Am trying to busy myself with jobs around the house to keep the worst of the anxiety at bay, and trying to turn the situation into a feeling of positivity. This has been fairly successful for now, but who knows how long this will go on for. I guess I feel a little guilty not being at work when others are. I  Feel for those directly affected with the virus and who have lost loved ones or those close to them. Very sad situation","proud of all the nhs and key workers in this current climate. Everyone make sur e they do their bit to help, no matter how small a gesture it may seem",anxiety,6,2,1,4,6,5,4,5,2,535,112
684,My anxiety levels have gone up as I fear for my elderly parents and young children.  I worry about the finanical fallout from all this as my partner is currently furlonged and bills still need to be paid.  i feel extreme;y stressed as I have to work from home using unknown technologies all while having to answer questions from the general public.  I feel aberhension at the thoughts of this continuing for a long time.  I worry about how this is going to effect my childrens educations especially my youngest as he was just about to sit exams to decide what secondary school he could attend,I feel so anxious about the corona virus and the effect that is going to have on not only my family but the wider community and world.,anxiety,8,2,1,8,9,7,1,2,1,592,112
685,I feel sad about the coronavirus situation. My wife lost her new job due to this and her old employer won’t take her back to furlough her so it’s a stressful time. I am lucky my job is secure and safe which eases the worry and anxiety a little bit but not much. I am also worried about my parents who are both high risk. We are all following government guidelines but it doesn’t make the worry any less. We are lucky we are young and healthy and so are taking advice to go out to buy basic essentials rather than taking online slots who are for the most vulnerable but it’s still an anxious time given that young and healthy people are dying from coronavirus.,So frustrating my wife’s new job has fallen through due to corona and new employer will not assist! Lucky to have health and we are safe but doesn’t make us feel secure economically.,sadness,6,5,6,5,4,7,3,7,2,660,132
686,"I feel very angry that people are not compiling to the whole ‘lockdown’ situation - that also includes businesses that are not ready to pay their employers who have to work in the frontline (postmen/women, shop workers, nurses, caters, delivery workers etc). 
I’m fearful that my family may get it if they’re not careful because they HAVE to go into work. 
It’s not really social distancing and helping stop the virus if people are still going out to do their daily shopping or meeting in parks! 
I’m anxious, very anxious that everything is out of my hands and I cannot do anything to help. I don’t have medical skills to help with the NHS and even if I did, would I put myself and my family at risk because the government are not ready to provide the right PPE.
I hate that the government have left this situation for too long that now it’s spiralling out of control. 
 ",I hate you corona. I hate the fact that you’re destroying so many lives and yet you cannot be stopped until there’s a ‘cure’. I appreciate that this pandemic has made us all be appreciative that we have somewhat shelter. I wish that I knew what the cure was to help everyone. Blah,anger,9,9,8,9,9,9,2,1,1,872,176
687,"I am very concerned about losing a loved one to Covid 19. My anxiety is lessening but I feel people aren’t taking social distancing seriously. If things don’t change then I see the lockdown lasting much much longer than is currently planned. It’s good to see that the death rate is progressing more slowly than what was initially predicted but it’s still worrying how many people are losing their lives, especially those working on the frontline in key services. I don’t really have much else to say on this subject and feel a minimum five hundred character limit on a response is somewhat excessive. If someone has an opinion, they can convey if concisely instead of waffling on unnecessarily just to meet a given number of characters. ",V worried about current situation. Fearful of losing loved ones. Wish ppl would stick to lockdown rules. Poor hey workers put themselves at risk for others who can’t listen,anxiety,7,4,4,6,8,7,2,2,2,737,135
688,"I feel let down by the government, I have lost all my income and because I didn't make enough to pay tax I won't get getting help, I understand the lock down and I think it's definitely reasonable but why are people who are on low income self employed forgotten when everyone else gets handouts. I'm trying my best but at this point I may starve to death, which shouldn't make me happy but happy but there is something sobering about the whole situation. As for the virus killing people, I know no one who has died or has contracted it, I don't care about celebrities and I think on the whole it will make the world a better place. ","The corona ain't so bad if you stay indoors, it's the government that will mess you up. ",relaxation,3,1,1,1,1,1,7,8,1,632,128
689,"Worried, and anxious. But with a background that we're broadly ok. Our income may not be too badly affected, we have enough to eat, we are healthy so far. I think my government is handling it badly, I worry for friends and family in health care. I worry that other things are also getting worse as we focus on this. 
This is 'a few sentences' I swear you didn't mention the 500 character requirement before. 
Fine. More? We're lucky to have a garden, so staying in our own space is a lot easier than it could be. We also share an allotment with another 2 families so we have *another* space we're allowed to go to. We keep chickens on it, so we have to go twice daily. I go in the morning (husband goes in the evening), and I think this routine is keeping me feeling more grounded than I might otherwise be.  I haven't been to the shops in 3 weeks - been making bread, already had milk and veg delivered weekly, I wonder whether I will be anxious about going when I do finally need to. ","Corona thoughts: I'm in a live the day as it comes phase, ok but there's a little sad anxiety at the core. Haven't recently had to do anything challenging (like be near people or go in a shop), don't know how I feel about that. ",anxiety,5,1,1,5,5,4,2,3,2,986,217
690,"I feel useless and. Unable to contribute in a meaningful way. The fear of the unknown is making me anxious about what things will be like when corona virus is over. I'm certain there will be economic backlash for years to come. I fear for my family, friends and neighbours and although I'm. In a god steady job I am. Worried this could change in the future. 
I worry that people do not take the impositions made by government seriously and will cause this to be a prolonged problem for the United Kingdom and the wider world. ",Please stay home and protect yourself and your loved ones.,anxiety,7,3,1,4,7,6,3,3,1,526,106
691,"A little nervous but in general okay. The amount of cases in my town are very low, and I am I  good health. I am sticking to the guidelines not seeing friends and family. Only going to work and staying at home. Shopping can be a little stressful as you come in contant with people you dont know. Even with the distancing rules it's difficult to look on shelves. Plus you dont know who touched the items before you. Other than shopping in general people around me stick to distancing guides and everybody in good spirits. Try to keep home a fun place to entertain the family.","How come everybody is happy and friendly keeping distancing rules. Until it comes to shopping then panic sets in. What do I need why is that person so close, got to get out as soon as possible aaargg",anxiety,4,1,1,4,4,2,6,7,2,574,117
692,"I am very anxious and quite depressed over it, I feel myself being upset and lost and I cant seem to get out of this feeling. I am angry that there isnt a tighter lockdown and that people are still going out. I am nervous and worried about my parents and other family members. I am finding it difficult to not be able to get any alone time or go for a long walk on my own. I am angry that my partner has to work as he works in a hardware store. I cannot wait for it all to be over with. I also feel sad for people who have lost loved ones to this awful virus and fear that I may be in the same situation if a relative dies. ","My life is very dark at the moment, I cant seem to lift my mood or make myself feel better. Dont take life for granted and stay safe ",anxiety,8,8,7,8,9,5,1,1,2,624,140
693,"I feel angry at people not taking the situation seriously, and those who are ignoring government advice. But I also feel anxious about how long this will last, and whether the situation will get better at any point. There is also a sense of fear about potentially getting the virus at some point. Really it is a bit of a jumble of emotions, and sometimes I feel guilty for being anxious when there are people on the front line putting themselves to real danger to help us all in this time. It is a very weird situation to be in at the moment.","It is such a scary time at the moment, full of fear and anxiety. I just wish people would follow advice and stay safe not just for themselves, but for everyone else around them",anxiety,8,4,1,7,8,4,4,4,2,542,111
694,"I feel sad that the coronavirus has hit while my first baby is six months old. It means my maternity leave has been effectively stolen from me - I can't take my son swimming or to baby groups, and I worry about how it might impact his social development.

I do understand and agree with the measures put in place, but it's really shitty. I do have some worries about my family and I catching the virus, but I try to let it go as I'm doing all I can to limit my exposure and it's out of my control.

That said, I do think a lot of good can come from this disaster. The environment is getting a break and more people might work from home in future, people may take vaccines and the NHS seriously, and people have a chance to consider what really matters.","Miss days out with the bubster; but when this is all over, our days out might be in a better world. #vaccinationworks #nhsmatters #proenvironment #forthemanynotthefew",sadness,5,5,1,5,5,7,2,5,1,752,159
695,"I feel worried - mainly about my family members. I have a daughter with asthma,  a brother with leukaemia and a mother who had chemo a couple of years ago. 
I felt angry and frustrated initially as things didn't happen quick enough - such as social distancing and closing schools. 
I also felt frustrated at the lack of clarity from the government - there was lots of initial guidance put forward but with little direction and instruction - the school situation being a prime example. There had been no dialogue with schools before making the announcement to close. No forewarning.  Once the decision had been made people were left to intemperate it how they saw fit which left it open to abuse and my wife's school had 76 families out of 250 expecting to still be able to send their kids to school  ","Stay safe, look after others and they will look after you. ",fear,8,6,3,8,8,7,3,4,2,800,150
696,"I feel a little worried - I'm sleeping well, not waking in the night but I am concerned about the risk for my family and myself. I don't have any underlying health conditions but I'm a single parent and want to be able to get through this safely. I work for the NHS in an administrative role in a psychiatric hospital and I am still working so more exposed than those who stay home. Sometimes, I feel scared about the risk, slightly scared and anxious about having to go into work where I feel I am more at risk.","feeling a bit jittery but trying to show a happy face to reassure others. Fingers and toes crossed that me, my daughter and friends all get through this. I'm hopeful, optmistic but also nervous.",anxiety,7,3,4,6,6,4,5,5,3,512,106
697,"I am currently enforcing the social distancing advice. Going out once per day to exercise. I am not too concerned for myself as I am physically healthy, however it is clear that age is not necessarily a prerequisite. Also, living in rural Devon means cases are low and risk is also low. Generally speaking I am fearful for the economy following the crisis, not much discussion has taken place regarding the billions and trillions of £ and $ which has come from somewhere to help us in this scenario. ",Man I'm concerned about the state of the economy after this shit goes down.,relaxation,4,1,1,1,2,1,7,8,6,500,97
698,"Recent events have showed that no one is immune from this virus, it can affect anyone from the elderly to the very young.As you can not detect it, it is an invisible enemy, which I struggle to cope with.
The Queens address was a boost, but then we got the news that the PM was in hospital. This is not good, it is a living nightmare that we are all living. It will end , but when, it is difficult tp predict. It will be a long time before life returns to normality. At the moment, I am leading a very quiet life , only going out when necessary, unable to see my friends or family.",# scared stiff# Be careful,fear,9,6,3,9,9,9,1,1,1,580,130
699,"I feel like a lot of people, me included, have been forgotten at this time, as a student. I want to have a good idea of the timeline we are expected to follow and how we are going to recover from this, also I want to know what I am supposed to do when my student housing contract runs out and the country is still in lockdown as I don’t currently have anywhere to go so this whole situation makes me feel very anxious and potentially frightened with regard to my future financial situation and my physical wellbeing etc ","Can’t believe the guidance that has(n’t) been provided for swathes of society, like students and renters who are near the end of their contracts",anxiety,5,1,1,2,6,2,5,2,8,520,104
700,"The current Corona situation is completely consuming - my 8-year-old daughter is required to shield due to her health issues and as a single parent, it means I'm with her at home alone. I feel engulfed with so many emotions; relieved that we're not ill at the moment, petrified if my daughter does become ill, lonely beyond imagination yet guilty for feeling any of this when we're at home where it's safest to be at the moment. 
I feel helpless and dependent on the kindness on the others to ensure we have food and essential supplies.
Ultimately I feel scared for the first time in my life as a parent that I can't absolutely guarantee my daughter's health. ","Grateful to everyone on the front line allowing us to Stay Home. Protect the NHS. Save Lives. Scared but determined to find happiness, love and hope in the everyday",anxiety,7,2,1,5,7,4,4,4,1,660,126
701,"I feel sad that so many people are dying. It’s scary to think that this is happening all over the world. Everyone is affected and in a strange way it’s given everyone a common ground. 
I think most people are listening to the rules set out by their governments but a few are not and these people should be punished.  I wonder how long this will go on for as I have holiday booked that won’t happen ! I know everyone is feeling the same but think people with older relatives must be more worried than others ",#pleaselisten please stay safe and please remember that you are not alone in all this,sadness,7,3,2,6,5,7,5,5,3,507,101
702,"I am concerned about the strain on the NHS and how this may affect my pregnant wife, currently guidance suggests i will not be able to attend appointments. I am worried and concerned that this crisis may continue to the birth date and this will make organising care for our other daughter difficult and may prevent me attending the birth.

This is especially difficult because the birth of our first daughter did not go as planned and my wife has suffered a serious health issue as a result. This worries me and makes me anxious, but I am hopeful that the peak of the virus is now with us and things can quickly get better in the coming weeks.",The strain on the NHS is significant and as a parent and husband to a pregnant wife I am concerned this crisis does not continue. Please stay at home and follow the advice given #StayHome #NHS,sadness,4,3,3,4,4,5,2,5,1,643,125
703,"I am very concerned about the health of my family and friends. Where I live is a popular tourist location and I am furious that people are ignoring travel restrictions and visiting our area. I am doing everything I can to keep my children safe and happy but I am constantly worried about the future and how long this outbreak will last. My husband is also very anxious and this has led to more friction between us than usual. I hate arguing with him and I am so angry that the response to this virus has been so slow worldwide. My children are 13, 6 and 4. The two youngest don't understand how serious the situation is. My oldest does and is very scared for her friends, some of their parents are in the high risk groups and her best friends mother is currently hospitalized with coronavirus. It is hard to reassure her that it will all be alright in the end. She misses her friends terribly and at her age feels like the restrictions will never end. I am tired, frustrated and frightened at the moment. ","I am scared, angry and frustrated by the whole situation. I miss my life. I miss the freedom we all took for granted just a few weeks ago. I love my family but I'm really fed up with them all right now.",fear,8,7,9,8,9,8,1,2,1,1005,201
704,"I can't  help  but think of the dying people, and the people still going out, sun bathing having bbq it's hard. Knowing that these people are dying alone it's sad. Lots of us are trying to limit contact while doctors and nurses struggle to keep people  alive. And other don't seem to take it seriously because it's not likely to be  a big illness for them, which is debatable. I feel fearful  for the future  and how we come out of this without having another wave of it hit us and back to square one. ",Don't kill anyone  ... stay indoors.,anxiety,9,6,3,8,9,7,3,3,2,502,103
705,"I feel frustrated as cannot see loved ones who are not in my household. I am worried about my family and friends contracting the virus and becoming seriously I'll from it. I regularly have nightmare about feeling chlostraphobic and loved ones dying which doesnt help. I feel like I need exercise to get me through this, especially with working from home. It is also hard when others around me are all off work being furloughed, but I still need to do my work. I feel like I am becoming obsessed with watching the news. Uneasy, unknown, agitated. Wondering when this will all end
","The unknown is scary - how long until this is all over, life goes back to normal, and we can share time with loved ones knowing they are healthy!",fear,6,2,1,5,1,2,3,4,2,579,114
706,"I do my best to keep away from others but then I see others in groups that are not family and this makes me mad. I also feel that if the PM IS NOT WELL HE SHOULD HAND OVERVTO THE SECOND IN COMMAND and get himself better. I also feel that we should take better care of our health workers, giving them the proper equipment for there protection. I am now worried that pets can possibly catch the virus and pass it on the humans. It is a worrying time for everyone and I worry when I will see my family anD friends . I also worry about them all.","Feeling scared worried, when will all this end. Keep safe people , play by the rules",anxiety,8,3,3,8,8,3,3,3,3,541,116
707,"I currently feel relaxed as I am home. I have been self isolating with my family for three weeks now. Luckily we live in s house with a garden so we have access outside and I have an allotment to go to as well. We also have a dog for us to take a turns to walk. Though I don't trust the pm and currently feel the news about him being in IC is quite possibly spin as he had been losing support in the papers. Hope I'm right in this and not coming across as cold hearted, but that is most likely due to a the lies he has told to date. We have been taking slot of care whilst self isolating.",Covid19 is dangerous. Self isolate and keep social self distancing. Keep well and stay safe.,relaxation,7,6,5,6,6,4,5,7,3,588,131
708,"I try to keep an open mind about it all. Obviously if everyone is sensible things will hopefully work out ok. However, the government must not introduce further dystopian regulations. People NEED to get out and exercise as we don't all have the luxury of big houses and gardens. In addition the government must supply more funds and resources to both the NHS staff and other frontline workers and stop propping up their rich corporate friends instead. They also need to introduce a basic income as their Universal Credit system is a long standing joke and not fit for purpose. Many people are still without a safety net.",The government need to provide the required resources to the NHS and all frontline workers and indeed all sections of society instead of reducing us to something more akin to a scene from some dystopian sci fi novel.,relaxation,4,3,5,3,3,4,4,5,1,620,116
709,"I am worried about my mother who is over 65, and also feel sorry for her as she lives alone and hasn't seen anyone in ages. I am worried about caring for my baby. I want to go out and meet friends and go places. I am bored. I feel sorry for anyone who dies and their families. I am worried about the financial situation in the future and how we will survive financially in a few months time. I am worried I will lose a lot of work and also I was planning on looking for a full time job and I do not think I will be able to find one. I also feel sad for all the nice plans we had for travel and meeting up with friends that cannot happen",I am worried and sad but I hope that soon we will get back to normal soon,anxiety,6,5,2,2,6,6,2,2,1,636,142
710,"It’s been three weeks since the lockdown now and my feelings were first despair and extreme anxiety about being in contact with an infected person with corona virus and also worrying about family members who don’t live with me but have significant health problems. This week I’m feeling very apprehensive about even going out to the shops so I’m staying in and haven’t left my flat in 14 days. I feel sad as I haven’t in that time seen anyone, I feel isolated but trying to keep myself busy in this current situation. I also feel bored and depressed at the prospect of not having a job when this is all over, not being able to currently pay my rent, council tax and electricity bills that are late already. I’m not so worried myself about catching this bug as I’m healthy, ",I hope China learns their lesson with coronavirus and stop these cruel wet markets,anxiety,6,6,7,7,8,6,4,6,6,773,149
711,"Although I have been affected by virus financially I am more concerned about elderly or vulnerable relatives.
I think by following the advice we can help to stop the spread but not sure how long that will take. My best guess would be end of April or early May that the virus will be under control enough for people to start returning to work.
I think if you are sensible and take precautions you should now be able to avoid contracting it. Regular hand washing and avoiding contact with anyone outside of your own household should be enough to stop you from getting it.",Stay home. Stay safe and stay calm.,sadness,6,2,1,3,5,6,3,6,6,569,109
712,"I feel quite nervous about the virus as it is quite easy to catch and I could become ill with it or pass it on to the ones I love. I am upset for the people who have died already and that there is little we can do about it other than wait it out. I am also annoyed with the people ignoring the government’s instructions as this is needlessly killing and infecting more People and it is also unfair . Lastly, I am worried about the impact on businesses and what companies might not survive... will I still have a job... will my favourite restaurant be open... when can I go for a haircut or dentist again?",Cannot believe that some people are ignoring the government instructions and in doing so are putting others at grave risk! We need to pull together so Covid19 can be put behind us as quickly as possible!,fear,8,6,7,9,8,6,4,3,3,604,131
713,"I am very worried about my family (husband and children of 12 and 9) catching it along with my elderly parents aged 73 and 79.  They live 100 miles away so I can't see them to drop off food and they are not online so it's been hard arranging food drop offs for them.  I ring them each day; they are sounding quite depressed with all the restrictions and are worried too.  We are following all the government guidelines on staying home, I have only been out twice in two weeks to stock up on things I cannot get delivered like milk and bread (unable to get food delivered and milk man is not taking on new customers).  I'm also trying to keep up with the news but am trying to relax more as I've found all the news so worrying and it's affected my sleeping.  I have been waking up during the night and stressing.  I do not have any symptoms of Corona neither do my family but I have been monitoring all of us.",I'm scared for my elderly parents and children; I am angry at those who are not staying home.  I am in awe of the wonderful NHS workers and key workers who are putting their lives on the line for the rest of us.,anxiety,8,6,5,8,8,6,4,2,2,908,189
714,"I feel anxious about protecting our family both from the virus and tbe effects of lockdown. Even when I think I'm not so anxious, I have weird dreams. I feel I am not doing enough to help out. I feel uneasy about contradictory information and not knowing how long this will last. Selfishly, I would like to go on a UK holiday we have booked in the summer. This won't happen if we are not allowed.
I feel cooped up and was only just starting to recover from a period of depression and anxiety and this has sent my anxiety through the roof. I am not normally an anxious person. ",Lockdown anxiety levels: off the scale. Had pasta yesterday though. #itsthesmall things  Stay well!,anxiety,7,2,1,5,8,6,2,2,2,576,120
715,"I feel anxious as I don’t want any loved ones to catch this virus. I’m worried about my children missing school, I’m worried my partner takes this virus and can’t work, or I get it and can’t care for my children. Also not seeing grandparents is very hard for young children and watching the figures rise in my country and around the world is devastating. Also you feel anxious when you do have to go out as you never know who has this virus, and you hear now of more cases closer to home and actual people you know now having symptoms ","Worried, anxious and scared but staying at home is the best way to stay safe and keep other people safe ",anxiety,8,2,2,5,8,4,7,3,3,535,108
716,"I understand the need to self isolate to protect ourselves and others but I feel sad that I can't see my friends and family.
I am living with my partner but I feel lonely.
I am classed as vulnerable so I can't go to the supermarket and it feels like life is on pause.
I am lucky that I can work from home, I have a house and I am not on my own but the uncertainty is worrying.
I'm scared that someone I love will catch Covid 19.
I have anxiety about when lockdown will end and how it will end - if life will be the same or not.
I worry about lockdown ending too soon and a second outbreak happening - but how do we know when the right time will be?","Life is on pause and has changed beyond what we are used to. Anxiety, fear and concern have become the main emotions and the future is uncertain. We have to stand together to keep sane and safe.",anxiety,8,3,1,8,8,6,2,4,1,648,143
717,"I think that's it's scary that people are not adhering to the lockdown rules, making the problem worse and spreading the virus even more. I feel this may go on for longer than necessary, people should listen to the guidelines. This is something that will have detrimental effect on the world. Economy and everyone's wellbeing, i feel life will never be the same again!!!! I can't say anymore, i just want people to stay at home, stay safe, save lives and save the NHS!! Listen and adhere!!  The World Health Organisation and Public Health England have also warned there is no need to panic buy face masks, latex gloves or other extreme protective gear if you practise good basic hygiene like regularly washing your hands and covering your mouth and nose if you cough.","Please listen to the guidance we receive from the government, it'll save lives!",anxiety,8,9,8,8,8,8,2,2,2,767,153
718,"As someone who works for the NHS and lives alone in a town where I know very few people I'm scared. My Mother lives 80 miles away and at the age of 87 could be terribly affected by this disease should she catch it. I worry her social situation, she also lives alone, will contribute to a decline in cognitive function. although living in an urban environment outside of Birmingham she has few people who can shop for her and she has no method of communication where she can in interact with anyone visually eg facetime. ",The current figures show Corona Virus creeping North up the country via more populated places. I fear we wont have the facilities in the North West to handle this.,fear,7,2,2,8,7,7,3,3,2,520,102
719,"fed up with it so much by now, people are behaving like animals. its all been overblown and it NEEDS to go back to normal.

i am fed up with the queues at every single shop, I only need a couple of bits usually and am forced to wait ages just to get them. people are acting weird and being schmucks everywhere.

fed up with it so much by now, people are behaving like animals. its all been overblown and it NEEDS to go back to normal.

i am fed up with the queues at every single shop, I only need a couple of bits usually and am forced to wait ages just to get them. people are acting weird and being schmucks everywhere.","Stop this bloody madness now, FFS",anxiety,1,3,2,1,3,1,2,1,1,622,136
720,"I feel quite philosophical about it. We have a member of our family who is very vulnerable health-wise, but we're used to being on that rollercoaster as a family, so perhaps we have a bit more perspective than other people. 
It has made work quite difficult - I work in a department that requires very fast turn around communication and also a lot of very hi-tech hardware, so this has all been a bit of a nightmare to get set up. We're getting there though with a good team and some very dark humour. ","Could do without it, but thankful that we're not the Central African Republic. Three ventilators, five million people. We're pretty lucky. ",relaxation,4,4,1,1,2,2,6,7,5,502,101
721,"I'm anxious for my family's health and the security of my role at work. I feel this virus or mutations thereof will become a regular occurance after this initial outbreak and change lives and how we live.
The social injustice and tax dodging/bailout requests/bullshit government response that is currently being correctly bought to light will sadly be brushed aside once again when people get back to 'normality'. Individual fear and selfishness will wipe out any meaningful change that would benefit society as a whole. I'd love to see research to check my theory that Leave voters are the same dickheads hoarding loo rolls and walking about coughing and hacking because freedom man no one tells them what to do brittania rules the waves...anywhoo.","Stay inside, don't be a dick.",sadness,8,3,2,6,7,7,5,4,2,749,138
722,"I feel okay as I have distracted myself with work, however, I went on Facebook a few minutes ago which heightened my anxiety as it was filled with posts about Corona. After seeing coming off Facebook my anxiety is reduced and I become sad. I have found the best way for reducing my anxiety and sadness is staying off social media. I try to stay away as it upsets me and hearing about all the deaths and the difficult times people are going through can be hard for me because i know i can't do anything. ","I feel so disheartened by the current state of the world right now, it makes me sad that people cannot follow basic rules and save lives of others. I have lost so many people in my life so I can understand what it is like to lose someone. Please stay at home :( ",sadness,3,1,1,3,3,6,5,5,2,503,102
723,"I feel pretty anxious about how things are going but I'm also hopeful that the measures undertaken by the public to slow the spread of corona are working. 

I worry about how long the current situation will continue. I'm also feeling rather frustrated by having to stay inside more (although I'm observing all the social distancing rules, regardless) and annoyed by people who aren't taking the social distancing rules seriously enough.

I'm also anxious about what the future holds once things start to get back to normal. Although my work hasn't been affected too much at the moment, I'm worried that work (I'm a freelancer) might be more scarce in the future.",STAY INSIDE,anxiety,7,6,3,6,8,5,3,2,1,662,123
724,"I am accepting that the coronavirus situation is what it is. I am more relaxed knowing my loved ones are now at home isolating. I am trying to make the best of a bad situation by appreciating things I can do because I am stuck at home, like spend quality time with my husband, and not have to commute to work. I am just trying to see the positives. I cannot change the situation rthat is going on, so I might as well just enjoy some of the things that have come about because of the situation. It is not a good situation that we are in, but right now there's nothing I can do to change that, It wou;ld be nice to be able to go out and do the normal things, especially when the weather is nice, but I am accepting that it is not currently possible to do so. ",Can't change it. Might as well make the best of my situation.,relaxation,6,2,2,4,3,4,5,7,4,757,167
725,"I find I'm very anxious about many things. Worried about my family and missing them very much. Worried about university and my final postgraduate MA classification because I have no access to the equipment, teaching and facilities required. I'm very anxious about the impact this (and the rest of the crisis) will have on my plans for further study (PhD). Also very concerned about income/finances and the very real prospect of being unable to pay rent/bills and student fees. I also feel that more needs to be done to support students and those just starting out as self-employed. Too many honest working people are falling through the support net and being left with nothing.",The world suddenly seems like an even more unsecure place,anxiety,7,5,2,7,8,7,2,1,1,677,130
726,"In Answer to the previous question I expressed a level of anger and disgust. This was not to the disease or how how it is being addressed by national or local government or those responsible for treating individuals, the medical services etc. I am angry and disgusted with individuals who are using this situation to either profit from the misfortunes of others or who believe they have carte blanche to do whatever they want and everyone else can suffer. 
I have no direct fear of the virus itself or of the disease. Although I understand it is highly contagious and potentially very serious, all I can do is follow the guidelines for keeping myself and my family and friends safe. ","Follow guidelines, social distance, wash your hands. Don't worry - it won't make things better! ",sadness,6,4,2,5,6,6,3,3,1,683,127
727,"I mostly feel annoyed as people are still going out and doing unnecessary trips out of their house, I work in a pet shop and there are so many people coming to the shop just to have a look around so I have to turn them away it’s stupid they should be inside it annoys me a lot as I’m then having to come into contact with them risking my safety just to tell them to stay at home, also there are more people doing exercise outside than ever which really annoys me too as it in not essential. I think people aren’t taking it seriously which puts me at risk as I have to come in to work to provide food and treatments for the animals, which really annoys me and puts fear into me as I could pass the disease to my family","People need to stay inside, the amount of people leaving their houses and going out for unnecessary reasons is unreal stay inside it’s not hard",disgust,6,8,8,3,5,4,4,1,4,717,149
728,"At the moment I feel a bit fed up of it, I'm sad I can't make plans at the moment and I miss having a social life. I feel anxious for my friends and family but I also feel safe and a little more relaxed than usual to be temporarily in isolation. I feel hopeful that the situation will improve in the coming weeks. I feel anxious on a daily basis, at this moment I feel a little less anxious than usual but nonetheless anxious and I feel fear most days, including today. Even when at home right now I feel fear due to the constant headline updates.","Hoping this nightmare is over soon, I miss my friends and family, I miss having a social life, and I hate feeling anxiety every waking hour.",anxiety,5,1,1,6,6,4,6,4,1,547,116
729,I am young and healthy so not too worried about myself just other more vulnerable people. Although reports of young people dying are becoming more common which is a concern. I feel I might get it since I work in a small supermarket where lots of people come in and out everyday. we are cleaning more and limiting the number of people but coronavirus is known to be more infectious than flu and many people are expected to get the illness. I feel quite anxious about the global situation and find it very sad that thousands of people are dying.,Can't remember what life was like before this lol,anxiety,6,4,3,6,7,6,3,3,3,544,105
730,"Currently, I feel anxious that the situation in the UK will not improve due to people flouting the lockdown rules. However, this period has been, so far, a time of rejuvenation and therefore there have been happy moments at home. I have also seen the emergence of a greater community spirit in my area. There is also a great sadness for the lives that have been already lost, especially health workers who are putting their lives on the line to help others survive. I hope that people, especially the government, will recognise this after the corona virus.","Currently feeling anxious about the future of the crisis, but embracing every day and appreciating who and what surrounds me. ",anxiety,7,5,4,6,7,7,6,5,4,556,109
731,"At this moment in time, my feelings are anxiousness not only for my own and my family personal health situation but also the public at large. Also at my age, I am anxious about where this leaves me regarding pensions once the fall out from all this occurs, IE level of pension investments and will they be enough to retire on?
The stupidity of people is also a worry in not abiding by the very simple guidelines, and I find it disconcerting that even so called experts in the media seem unable to comprehend a simple message, without resorting to melodrama.",Do the right thing and STAY AT HOME! SIMPLE!!,anxiety,8,3,1,5,9,3,1,4,2,557,109
732,"I'm resigned to living like this for the foreseeable future and just hoping that everyone I know survives. The number of deaths has gone over 5,000 in the UK today which is horrible for all those whose family and friends have died; I wonder what the aftereffects of all this suffering will be and whether anything is ever going to be the same again. I've been round to my neighbours checking that they are all alright today and so far so good but I just wonder how long it will be before one of them becomes unwell. I'm impatient with being cooped up at times but then I think, what if, and just put up with it.","Keep on keeping on, everything comes to an end eventually, even if it is six weeks later than you thought you could stand it for.",sadness,6,2,1,1,4,6,3,5,1,611,124
733,The Corona virus is causing a great deal of suffering for people across the world and is going to affect each and every one of us in some way.  I really hope we can all use it to review the ways we have been living and the things we have taken for granted and change the way we live our lives for the better into the future.  We need to look after the most vulnerable in these times and protect those who care for us when we need it.  Hopefully this will give the people of the world a renewed perspective on what is really important to us as humans.,"Corona is really testing the resolve of the human race, I hope we can come out of this stronger and more resilient than before and not simply return to the wasteful ways of before.",happiness,6,2,1,3,3,4,7,5,6,550,114
734,"Im quite anxious and sad because of what is happening all over the world. Also a bit angry with people who are ignorants, egoists and dont care about others. Worried about the consequences and impact on our economy and my own buesiness. Hard times. Quite challenging on so many levels, but staying at home is the most crutial thing now and cant really understand how people can grasp the importance of social distancing. We are not passing this test at all. When we should be untited and kind to each other, more empathetic and use our common sence.","Weather is getting better, sun is shining birds are singing but we must stay at home!",anxiety,9,5,1,7,7,8,2,5,2,549,108
735,"sadness that we havn't seen family for over a month,anxious about having no work and uncertain if we will have any money coming in over coming months and worried about the future, Listless do not really feel like putting an effort into anything. Annoyed at USA and some of the FB postings I see from American friends who really should be more aware and a little less wrapped up in themselves. it should be the world coming together to work out how to solve and help together.Instead it is everyone for themselves,",Do not see it ever ending without co-operation from everyone.,sadness,6,4,1,6,6,7,4,4,3,513,98
736,"I feel apprehensive, worried more about vulnerable friends and family and people I cannot travel to see. I am annoyed at the lackadaisical attitude of some people from all generations who are not following advice. No government in the world has experienced this before, so time will tell which have made the best decisions for their population. 
I am worried about my income situation in a few months time, paying rent and getting food when others buy in bulk. I am conscious that it is difficult to force people to stay indoors and I know people whose jobs cannot be done online who have had to relinquish their jobs because employers are not classed as essential.",It is a worrying time but if we all help each other out and listen to the experts we can get back to normal sooner rather than later.,anxiety,7,3,3,6,8,6,5,5,5,665,124
737,"At the moment I am slightly anxious, more so of the thought of my little one being in hospital alone if she got ill rather than me or my partner getting ill. I'm disgusted at the amount of people swanning around not taking this seriously. It's hard to not feel anxious when so many things are shared on social media... as you never know what is fact and something can make you scared or annoyed just like that. 
I'm hopeful that I'll be able to pop out now and not struggle to get basic food that we need . ","We must isolate now, so that when we're back together, noone important will be missing! ",anxiety,5,3,3,6,7,5,6,4,1,507,106
738,"I feel it is a great concern to 'everyone', this includes infants and babies. As they also can find it hard to breathe and have symptoms that can relate to it, even if it isn't. It is still a worry, as 'everything' evolves around it. Not just for adults or the elderly.

Also, there are many other key workers/sectors who are not NHS. Who are also doing a tremendous job to keep humanity safe, hygienic, streets clean, vulnerable people of young and old on drugs and alcohol, ill mental capacity safe as possible with a sound mind with their health precautions in place, government legislation in check the list goes on. 'They' too should be included in the media/adverts and be able to attend supermarkets at set times for them as well, not just the NHS. Those additional key workers/key sectors DESERVE RECOGNITION 100% TOO.","Everyone can use this situation of the + to their advantage in a positive manner, there is also 'alway's something to do indoors whether you have a child/children or not and if you can't think of something go deep clean your home/room. Do errands you haven't had chance to do yet!",relaxation,9,1,3,1,1,1,8,6,1,826,176
739,"I'm sick of staying inside, I'm sick of not being able to do what I want and go where I want. I dislike my job and I was in the process of applying for new jobs but obviously I'm stuck with what I've got now and working from home and I hate it. There's nothing really to take my mind off it other than exercise and it's grim being stuck indoors all day with people that I'd rather not be stuck with constantly to be honest. There's only so many times in a day I can go for a run and then lift weights to try and free my mind without it creeping back onto the current situation",I HATE MY LIFE AND I WANT THIS TO GO AWAY SO I CAN SEE MY FRIENDS AND GET DRUNK AGAIN,anxiety,6,2,1,3,7,7,1,1,7,576,122
740,"I am a little bit stressed about what is going to happen in the future, and whether all my relatives and I will stay safe. However, my work is going well, I am fine being at home, I have a home, I have enough food, I have freelance jobs that allow me to not only save money but also to earn some. I am generally quite happy with this situation, as much as it is stressful. I decided not to go home where I am from but stay in London instead. I think it is much better to be stuck in isolation on my own than with family/friends, because if you want to see someone - you have videochats, but if you don't want to you have ways of escaping (you are already on your own). So I think it is one of the reasons I feel so good now, because I don't have anyone to annoy me. ","Food - check, job - check, not needing to commute - check, having drinks with friends online - check, saving money - check. What more can you want? ",desire,4,2,1,2,3,1,5,5,6,766,178
741,"I am Nervous as it hugely affects both mine and my wife’s industry as we work in hospitality. The Spain and Italy situations gives us hope that we are only a few weeks from the outbreak slowing. I am very frustrated at the people abusing the lockdown and going out on the weekend as it’s incredible selfish and stupid. Very sad to not be spending Easter weekend with my mum and family, feels odd to not have any plans but I am going to make the most of it and cook a big meal for us and possibly try and deliver some to local people who are alone ",Hopefully this will be over soon,anxiety,5,7,3,6,9,1,6,3,3,547,112
742,"At current times, I feel that the coronavirus situation is becoming progressively worse, most of all, I fear for the people who are not taking the governments advice, from my window i can see a large public field and there is many people walking and sunbathing on it despite the current situation, this causes me much anger as these are the foolish people who are preventing the government's measures from being as effective as possible.

Furthermore, i feel that people need to start taking the coronavirus situation much more seriously, rather than treating it as a joke, i see people when am out laughing and making jokes whilst wearing their face masks, thisangers me greatly, not because i don't support the use of face masks but because it is a serious situation and they should just wear the masks rather than joking around with them.","My feelings on the coronavirus situation. Where do I start? I will be walking to the shops and I see large groups of youth messing around and making light of the situation, peoples attitudes need to change, but maybe for these people it will be too late before they realise.",anxiety,6,6,3,8,9,6,2,4,3,841,157
743,"I feel worried about the virus, burnout about me getting it. My mother is undergoing chemotherapy and has been told no one knows if treatment will continue if nhs becomes overwhelmed. So I am worried most about her treatment ending  also, because of the chemotherapy her immune system is lower and it could really hurt her if she caught it. So at the moment I am just keeping up to date on numbers and nhs capacity and taking it one chemotherapy session at a time. Also, my partner has underlying health conditions and is self isolating in his house. I havent seen him for nearly a month and I am worried about when I will get to see him with all this going on",I am fed up with hearing about the coronavirus and want everything to go back to normal as soon as possible. I cant be doing with 12 weeks of lockdown I think I will go mad,fear,8,8,2,9,7,7,4,3,2,660,132
744,"At the moment in time I Feel worried about the virus. Because recently I have felt a bit under the weather and I immediately panic thinking it could be the coronavirus but in fact it's just a sore throat and it's made me feel more anxious. Being around people when I go for essentials has also made me feel weary of them, I just hope that in the couple of weeks the news start to explain better news more positive to give the world hope again. I do like the fact that neighbours have came together again and the world is healing itself ",Starting to get worried about the covid 19. Please people stay indoors and save life's.,anxiety,7,2,2,7,7,6,4,2,2,536,107
745,"Right now I feel sad and uncertain about the future. I have lost a little bit of hope and feel anxious about the whole thing. How is something like happening in this day and age (21st century). I just feel sadness wherever I go. It feels like everywhere is deserted and people are too afraid. Kids don’t really understand what is going on. It just feel like I am dreaming, more like a nightmare. But I pray to God this ends very soon so we can all resume on our normal life. 
I haven’t got anymore words to express how I am feeling right now. I have detailed all my emotions/feelings as best as I possibly can. ","I feel completely shocked and uncertain about the whole situation. I feel sad, empty and extremely anxious in case any of my family falls victim for this awful virus. ",sadness,8,5,3,8,9,9,4,5,2,611,132
746,"i am very anxious about the virus, i am scared to go out shopping in case i catch it.  I worry about passing the virus on to my parents,s i have to shop for them and leave shopping at a safe distance as well as getting prescriptions. On the other hand i wish i could get it and get it over with, its like waiting for it to happen, it is a truly awful situation.
I hope the government are telling us the truth about what is happening, and hope that we can all be tested and find a cure/ vaccination.
Once a vaccination has been found there should be an investigation as to how all this began in the first place and how we can avoid this happening again.","annoyed at the situation the country has got itself in. scared that we did not act quickly enough to try and stop it, we knew it was coming.  Hoping that it will come to an end soon.",relaxation,9,1,1,1,5,1,7,5,1,652,142
747,"Currently, in terms of the Corona situation at this very moment, I feel very disconnected from the situation. I feel that this is because the Coronavirus has not personally affected me yet and I live in an area where I haven't seen the effects of the virus on individuals and also the community. Also, I feel angry. I think this is because of, in my opinion, the government's slow response to the situation. I also feel sad. This happens when I read and hear about the deaths on the news and social media and think about families whose lives have been affected by the Coronavirus. ",Not sure how to feel,anger,3,7,2,4,7,4,4,2,1,581,116
748,"I'm angry at the poor response from our government, and the attitudes of most people. It's extremely frustrating to see people wandering about every single day doing non-essential things (I work in a pet store so see this every day I go to work). The attitude of our government is reflected in the people. This won't go away if we bury our heads in the sand and pretend it's a holiday; people are dying, other people are suffering. It's not going to just wear itself out. This will only go away when EVERYBODY makes a commitment to isolating themselves.","I'm angry at our Government's poor response to this crisis, and not learning from or listening to other countries and epidemiologists, and not enforcing a stronger lockdown; people aren't listening to the """"""""""""""""advice""""""""""""""""!",anxiety,8,8,8,7,9,8,4,3,1,553,110
749,"the corona situation is scary, but not just because of the virus itself. In fact thats the least scary part, although we are not 100% sure there are alot of facts that science can present to us about the virus, e.g; how it spread, symptoms, how people recover and feel afterwards. 

The main source of worry and anxiety and also anger is the government who are not doing enough in order to flatten the curve and keep as many people alive - e.g; under funding in nhs, not enough ppe. As well as that it is also the groups of people who either think that this is not an issue so still carry on with their normal lives going to work and meeting friends or believe it is some sort of conspiracy and so they also chose to ignore the governments advice. ",we should not be angry at the corona virus but instead the responses of governments and the public who are not listening to the rules.,anger,8,8,6,6,9,6,5,3,3,748,155
750,"At the moment I have mixed emotions.

Anger at how the pandemic began. Anger at the people who are determined to carry on living as normal when the majority of us are sticking to the rules. My children want to see their grandparents and cousins and friends but they know they can't and the reason why they can't but it is difficult to explain when they see people continuing to play football etc.

I'm angry that my son has missed nearly half a year of school. That it took 2 months for y daughter to get into a routine for nursery and not scream every morning but we will have to start from square one.

I miss my work and my colleagues, I miss my friends and my parents and siblings. I'm upset that we have had to cancel our holiday.

I'm worried as my husband has to continue to work and risk bringing the virus home everyday for a low wage. I'm also worried that the lack of routine will have a negative impact on my mental health.

All my emotions do not matter when you think  of how many people have died worldwide  to this virus.",#boredom setting in,sadness,5,8,1,4,3,5,5,4,7,1037,210
751,"I am fairly worried about the virus situation, the least change in mine or my partners temperature, headache, cough, makes me wonder if I have caught it and sends my anxiety levels through the roof. I am extremely worried about my sons and grandchildren who don't live in the same household as me.  And I have an exxtrememly close friend wh is having palliative care and is not allowed visitors that I am so, so sad that he is in isolation, alone, with no family or loved ones allowed to see him in his last days.","Scary, scary times, hope lockdown works, love the NHS and all keyworkers",relaxation,9,1,1,2,3,1,4,7,1,513,106
752,"I feel reasonably relaxed right now as it is a sunny afternoon,though I do think about how others are coping with this situation at hospital,the safety and welfare of the health workers and care for patients.
 My thoughts on people disregarding setout rules to follow,I am angry about people not listening and following government advice.Sure people want to break the rules,but that comes at a cost right now to many people as this virus can be highly infectious.I do my part to self isolate at home,as a family we only shop few times a week and make sure to keep to the social distancing measures as much as possible.I am mostly working at home now due to this situation.
",When will this Corona Virus end?,anxiety,7,6,6,7,8,7,5,5,6,673,131
753,I feel stressed that I would catch the virus as I would be affected quite heavily due to my health. I worry about the elderly people around that are more prone to death and heavy illness from it. The strain of virus doesn't have a cure at the moment and it is very scary and stressful for care workers like myself as there are many older people in my organisation that would get very ill from the corona virus. I wish that more could be done about it and more people took notice of the quarantine as it will just cause a longer lockdown.,Please stay in doors everyone!,anxiety,7,1,1,8,8,6,6,6,3,537,108
754,"I feel very anxious that my family will contract the virus as my mother works for the NHS, and my brother is still going to work every day. I am worried about contracting it because I develop chest infections once or twice a year. Nobody is taking it as seriously as I am. I feel like the government should enforce a tougher lockdown as people are doing whatever they feel like. I also feel the government is responsible for this as they led people to believe that only the elderly will die from it. ",Wish people would take the lockdown more seriously.,anxiety,8,2,3,6,9,6,3,4,1,500,100
755,Total fear and anxiety. Terrified of dying. Terrified of losing another loved one. Scared of being on lockdown for much longer because it's making my mental illness worse. Missing my friends and family. Scared of going out and hyper suspicious of everyone I come across outside when I have to walk my dog. Angry at the people who aren't sticking to the rules. Sick of talking about it. Missing my friends and family painfully. Not sleeping or eating properly due to constant fear and paranoia. Feeling trapped in my home.,So scared of everything. Don't want to lose any more people,anxiety,9,6,6,9,9,8,2,2,2,522,101
756,"We scared but wish the gov would do more to stop people going out all the time.  Our neighbor is acting like nothing has happened.  Going out every day and having her boyfriend visiting and visa versa.

With Boris being in hospital has hopefully shown people how important it is to stay safe, protect the NHS and save lives.

We need a lockdown like other countries.  I am scared, I'm scared to leave my house scared to go shopping and worried to death about my elderly parents who have had letters to stay inside.
","Scared, Worried, Frightened, Protect our NHS, Stay Home and Save lives #Scared",anxiety,9,3,3,8,9,6,4,6,2,515,102
757,"I am sad that I can’t meet with my family and friends. Concerned for my 79 year old Mum who lives alone in another town. It is a difficult situation as we have never experienced anything like this. I believe the government is doing its best, but obviously some things aren’t going to plan for one reason or another. After we have come through this a plan needs to be devised as to how best to deal with any future virus. I think we as a country need to continue to grow our own resources for future epidemics.","Our society is once again showing how we can work together in times of needs, please don’t forget the people, organisations that have gone above and beyond to help. Let’s have a new society that values everyone!",sadness,7,1,1,6,5,9,2,4,1,509,105
758,"I feel some anxiety about the risk to myself and my family from the virus as I am a community nurse working in the NHS. I also worry about the economic fallout from the situation regarding my retirement plans in the next few years. I fee frustration at not being able to take any sort of break, even in the UK, due to the restrictions on travel. We have a daughter aged 15 at home who is miserable because of missing her boyfriend (who lives 60 miles away) and concerned about how the lack of school will impact on her GCSEs due next year.",It's a sudden unexpected arrival of fear for my & my family's physical and mental health and frustration from the limitation of travel and lifestyle.,anxiety,6,2,1,4,5,2,3,4,3,539,112
759,"I feel grateful that I am not suffering and thankful to all the people who are helping out. But it’s frustrating seeing people deliberately assume the rules do not apply to them and continue to wander out and about, too close to people and more than once a day. It feels like we are not yet in the worst of it, and the actions of people feel like the government will have to take more severe actions soon. I am not looking forward to it but also limiting the amount I think about it as it is all so stressful. ","Tired, anxious and fearful. Not helped by the people who think they’re too good for the rules. ",anxiety,6,6,2,6,8,2,5,4,2,510,106
760,"I feel concerned, both that people around where I live (London) are not taking social distancing seriously, and that I or my family may contract COVID-19. I feel some anger at people I encounter on the pavements who do not make eye contact or attempt to move aside, or who give me odd looks when I move into the road to avoid them. I feel anxiety about having to perform my job remotely, as I do not feel equipped to do this well. I feel especial anxiety over the transmission of coronavirus, and the length of time it can potentially be active on surfaces. I worry it may be in the air, floating.",I wish everyone would just STAY INDOORS unless they are a key worker.,anxiety,8,4,2,6,8,4,2,3,1,597,126
761,"Nationally, I'm disappointed in the relatively few selfish idiots that continue to flout or ignore the UK lock-down restrictions, but I also realise that this is more on me to adjust my expectations of society as a whole to reflect reality rather than be upset by it. I'm also disappointed by the daily government briefings, the lack of useful information they contain and how they have quickly descended into a political defensiveness. Mistakes have clearly been made, and will likely continue to be made. No one is expecting a perfect response in such difficult times, but it's saddening to realise that even in a crises such as this, politicians will still more willing to put self and party above country and personal integrity. ","The corona situation feels at once new and depressingly familiar. Politicians eager to claim credit and deflect blame, commentators eager to scaremonger, and trusted informative voices few and far between.",relaxation,3,2,1,2,1,2,2,4,1,733,133
762,"I am worried for myself and my family, the UK as a whole - the impact of the virus will be huge. There will be a second pandemic - the aftermath. 
I just hope that everyone takes the guidance on board and takes it seriously, although I fear there is a majority that aren’t. 
I look forward to better days to come and the celebration after this but it feel strange not knowing when that will be. There is so much uncertainty. So many unknowns. 
Feeling ‘mixed up’ and mixed emotions is a fair way to describe how I feel. ","I am so worried about the second pandemic that is coming - the corona virus aftermath. Will we simply be able to pick ourselves up and dust ourselves off? Domestic abuse, mental health, poverty, an exhausted nhs and vulnerable children missed. It’s coming. And I’m very worried. ",relaxation,8,3,2,2,2,3,5,7,5,520,111
763,"As a healthcare worker I feel very anxious about the situation, mainly the risk of bringing the virus home to my family but also the lack of PPE and the uncertainty at this time. I am also embarrassed of our country that they are unable to stick to the rules of social distancing. This makes me angry and upset as I don’t think people understand the severity of the virus at all and think they are invincible. I am naturally worried about my family who I miss massively and am struggling from a social point of view. I do however feel that a lot of positives will come from this experience, ","Stay at home. It isn’t difficult. Some of us have to leave our homes, you don’t! When this is all over, will you look back and think you did the right thing?! ",anxiety,6,3,1,6,8,5,3,3,2,591,117
764,"I'm very anxious and restless at the moment. As of right now I feel very stuck in limbo, it's very hard to know what the future will be like right now and I am very worried about other family members. I don't think any of the governments around the world have handled the situation adequately and we'll all suffer even after this lockdown is over. Nobody can say what the repercussions will be so i think a lot of people must feel the same sort of fear and anxiety that I do about the Covid-19 outbreak.",Feeling very anxious and unsure about the future.,anxiety,7,7,6,7,8,7,4,4,2,503,101
765,"I am worried that it’ll effect my family. I am not that worried for me but for my older family members. I like how it has bought the country together and bought out the good in each other. 
I work in the NHS but I am still happy to go into work. Everyone is very supportive and helpful both at work and at home in the community. Staying home is hard but it is the right thing to do and shouldn’t be for too long hopefully. I am thankful for the hour exercise a day to get my 18 month son out of our flat. ",Scared and worried about Covid-19 but  we will get through this together.,anxiety,7,4,2,6,8,7,3,2,2,505,112
766,I feel anxious about when the coronavirus will end as I’m due to give birth in 11 weeks so want things to be better by then so my newborn baby can be introduced to friends and family and I’m nervous about giving birth alone. I live by myself so I want to see friends and family as I feel lonely but my dog keeps me company. I’m also worried about money as I’m self employed and rent a flat so don’t know how I will pay my bills especially as I have a baby coming along. It annoys me when people are still out seeing friends and family and not sticking to the social distancing rules,When will this end!,anxiety,8,7,6,9,9,7,2,4,6,583,119
767,"A little worried about how long this situation will go on for, wanting to get back to normality, hoping that the numbers of people dying each day will start to go down soon, and hoping that people will listen to the advice and stay inside as much as possible. I feel grateful that my family is safe and healthy and proud of the NHS in this country. I’m trying not to watch the news too much or spend too long on social media as there is too much incorrect information and conspiracy theories which don’t help my mindset. ",If we all stay inside this will be over sooner and we can enjoy our summer with friends and family. Please #stayhome 🙏🏻,anxiety,4,1,1,2,2,1,6,6,3,521,104
768,"I ‎‎‎feel ‎‎‎that ‎‎‎the ‎‎‎situation ‎‎‎has ‎‎‎been ‎‎‎handled ‎‎‎terribly ‎‎‎by ‎‎‎the ‎‎‎world's ‎‎‎governments, ‎‎‎putting ‎‎‎measures ‎‎‎into ‎‎‎place ‎‎‎far ‎‎‎too ‎‎‎late ‎‎‎to ‎‎‎be ‎‎‎useful. ‎‎‎The ‎‎‎United ‎‎‎Kingdom ‎‎‎government ‎‎‎has ‎‎‎been ‎‎‎especially ‎‎‎guilty ‎‎‎of ‎‎‎this, ‎‎‎as ‎‎‎well ‎‎‎as ‎‎‎our ‎‎‎prime ‎‎‎minister ‎‎‎Boris ‎‎‎Johnson ‎‎‎making ‎‎‎stupid ‎‎‎decisions ‎‎‎(such ‎‎‎as ‎‎‎shaking ‎‎‎hands ‎‎‎with ‎‎‎KNOWN ‎‎‎coronavirus ‎‎‎patients) ‎‎‎and ‎‎‎ending ‎‎‎up ‎‎‎contracting ‎‎‎the ‎‎‎coronavirus ‎‎‎himself.","Disappointed with the UK govt.'s handling of the entire coronavirus situation. The word """"""""""""""""fiasco"""""""""""""""" doesn't even begin to cut it.",anxiety,4,3,4,2,5,2,3,4,1,549,65
769,I feel frightened about the effect that the virus is having and am worried about how this will impact people over the long-term. I am currently a full-time student and have been moved to remote learning so I am concerned that my academic performance may be affected. I am also concerned for the health and well being of family members and levels of access to essential services. I have a close relative who is awaiting an operation and it looks unlikely that they will be able to get this anytime soon with the current strain on the National Health Service.,Worried about the future,fear,5,2,2,6,5,5,2,2,1,558,104
770,I am very anxious for my children and relatives. I want normality back again for my children. I just want to do simple things like walk in the forest and 'pop' out to the shop. I just want the world to heal and this be behind us. I wish for freedom again and safety for the people who are risking so much. These people are going beyond the role that they are paid for. I hope after this that the government will realise they should be funding the NHS in a better way. I hope that our Prime Minister sees that things need to change.,What a day! I hope everyone is safe and well,anxiety,7,4,2,5,8,4,3,4,2,531,115
771,"I feel anxious about the situation, normal life has been completely disrupted, finances are up in the air and no one knows if and when things will return to normal. 

Added to this people, of all ages are dying suddenly from such a horrible virus. The virus doesn't discriminate or care and there is very little, it seems, we can do to prevent or recover from this illness.

I feel nervous about how long this will go on for, what the future will be like and how both mine and my partner's professions will recover following this. I am also nervous about my health and the health of my friends, families and colleagues.","Disruptive, deadly and dire - the coronavirus situation currently. Hoping people stay safe and healthy during this strange time.",anxiety,7,4,4,6,9,7,4,2,3,619,125
772,"It is hard to relax at the moment with everything on the news and so much disruption to basic living.  I feel frustrated at not being able to pop out to the shops to get food, without feeling like I could be in serious danger!  It has meant I have had to order things from various websites other than the supermarkets (who are completely booked up and unavailable) which is a hassle and doesn't include fresh produce.  But it is better than nothing and at least I feel safer with an older family member here so we are not risking ourselves by going out.  Just have to hang in there and hope this too shall pass!","However tempted we are to go out, it just isn't worth the risk atm! There are lots of online shops for food items other than the supermarkets so we are using them for now (for tins, biscuits, fruit puree etc.), at least it's safer.  And I exercise in the garden! Stay safe people!",anxiety,8,4,5,7,8,6,3,3,3,611,124
773,"I feel anxious all the time to varying degrees, sometimes becoming fearful particularly when the news deteriorates. I am worried about my family, the country and what is going to happen. I am finding it difficult to sleep. I am trying not to watch too much news on TV or on my phone, as a means of trying to control my anxiety, however I am still very worried. I desperately hope that a vaccine can be found as I think this would be the most likely way out of the situation.  I am washing my hands a lot and am worried that the virus could be transmitted by packaging or via the post.","Constant anxiety that varies in degrees, but is with me all the time, and sometimes becomes fear. Tense and finding it difficult to relax.  ",anxiety,9,3,3,7,8,6,2,3,1,584,123
774,"Feeling concerned about contracting COVID-19 as i believe i would be one of the ones hardest hit as well as my finanical situation once this is over which will take a hit. Feeling anxious about others, friends and family and people in the world who are suffering. Feeling disgust at politicans who play politics and think more about the economy rather than people lives and who make excuses and blame others. Concerned for health workers the world over and the lack of PPE and tests which keep dragging on. Worried that politcans who blame others including other countries will spark long lasting hostility once the virus has gone.",God help us all for the aftermath will last decades,anxiety,8,6,6,7,8,7,4,4,3,631,114
775,"Anxious over poor Government planning and trustworthiness. Disappointed in BBC news impartiality. Fearful for future of NHS. Anxious about spouse and daughters preexisting anxiety and depression. Anxious about daughters A- level results and progression or not to University. Uncertainty over employment and income, as well as future employment. Anxious over Sons future and Wife's teaching futures. Fearful over possible collapse of local infrastructure and stability of logistics locally, nationally and internationally.
","I am fearful that people, communities and countries will be unable or unwilling to cooperate.",anxiety,7,4,1,4,7,2,2,6,1,522,81
776,"I feel helpless. I also feel worried about my health. Also my girlfriend is a teacher so I worry about her being a key worker As she still has to go in with NHS children. Teachers yet a bad enough rap and it makes me angry with the current situation that they are not recognised. I am feeling guilty about being bored as I know that previous generations had it much toughter than we do. I feel I don't have any motivation to do anything worthwhile. Life for me has just become groundhog da I have no idea what day it is,  no motivation to get out of bed in the morning. Life is so mundane at thr minute y ",I feel the unsettled and unsure of how to feel. Guilt for being bored when others are suffrring so much mor than I am,fear,7,4,3,8,9,7,2,2,1,605,128
777,"I'm incredibly worried.  I know people are recovering etc, but the news on TV paints a much bleaker picture and it's such a worry.  I have (mild) asthma and I really hope I don't get it because of that.  I do only go out rarely for urgent things but other than that I am incredibly careful with washing my hands etc.  I suffer with bad anxiety anyway but all this going on is making it much much worse.  I miss everyday things, I miss my family and I miss normality.  I pray it's over very soon because it's becoming a nightmare.","Will be glad when all this is over.  I hope the lockdown starts to kick in soon and the cases and the deaths, start to drop off soon.  It's a living hell right now.",anxiety,9,3,2,9,9,7,3,2,3,529,112
778,"I go from being accepting of the situation to very frightened.  Evidence suggests as a healthy 30-something I will in likelihood be ok, but then the news has terrible stories and I'm scared for myself, my family and children.

I have disabled elderly parents who live a 6h drive away, I do all I can to help them but I feel useless and anxious that if something happened I wouldn't be able to care for them.  They are vulnerable but don't fit into the top category for government assistance.  

The not knowing is more difficult, the lottery of if you got the virus, whether you would be ok and the unknown of when it will end and if life will ever be the same again","I go from terrified to accepting, I'm balancing working from home, home-schooling, trying to keep things as stable and 'normal' as I can for my family - when inside I'm so frightened of what may happen and when (and if) this will be over and normality will return",anxiety,7,2,2,6,7,6,5,5,3,666,134
779,"I feel more lonely than usual and isolated from my friends who I would usually see on an almost daily basis. I'm frustrated at being kept at home but obviously understand the importance of doing so. I hope the situation is over quickly so we can go back to normal - partially at least - and meet up with friends again even if mass gatherings are still banned. I would definitely feel more positive if there was a clear end date for the lockdown but this is obviously hard to predict. Lastly, I feel sad on behalf of all the families who have lost any loved ones due to the virus.","Feeling frustrated and missing everyone at the moment. Hopefully, this won't last too much longer. Make sure you stay at home so we can get back to normal quicker.",anxiety,8,2,1,3,6,3,4,4,4,579,117
780,At the moment I feel nervous and afraid that I might never see my granddaughters child. My daughter lives in Canada with 3 children and I might never see them again. My wife and I are both in the high risk category and neither wants to be left alone. My focus is entirely on the effect that the current disease has on them and their and my future. Alyhough I am totally self isolating it seems that the true possibility for the transmission of the diseease is unknown. iT truly is the silent killer. The media seem obsessed with dramatising the current situation and constantly are seeking the 'have you stopped beating your wife' question rather than asking the questions that the public want the answers to.,Why are the media so focused on trivia and not on the real issues. It is not about how many deaths; it is about how many infections,anxiety,7,3,1,6,7,3,5,5,5,709,136
781,"I am anxious about being redeployed in my job and not knowing what to do and meeting new people 
I am angry at too many people still going out in the sunshine; I want them to stay home as much as they can; no one should be out apart from certain reasons
I hope my family and friends stay well and do not get affected by this terrible virus
I fear them getting ill at this time
I hope the prime minister gets better and gets out of hospital soon 
I am worried about it spreading on any surface and knowing what to touch ",Please stay at home and save us all and let the fabulous NHS do their job,anxiety,7,3,2,5,6,5,4,4,1,519,106
782,"I am strangely enjoying the freedom that lock down brings, I look out the window, see birds (and now identify them), using delivery companies that I wouldn't normally use - small producers for example. I am enjoying the emptiness of diaries, finding out more about online activities and social media channels that I have avoided until now. Relaxed and happy. Got a jigsaw on the go, have started some OU courses, doing online exercise, a stack of books, cooking interesting things that take time. However, I realise that I am hugely lucky, have a garden and a dog which make all the difference in the world. ","Relaxining into the day - carrot cake and jigsaw on the go. Handstand practice up to 1 min 20 sec. Saw a great created grebe, things are looking good.",happiness,3,2,1,1,1,2,9,7,2,608,123
783,I’m worried for my family in they getting corona and are taken very ill. My husband is a key worker and I’m worried about him going to work each day. I’m concerned about what will happen when this ends. I’m unsure about when this will end and how people will come with going out again. I miss my family and friends and about keeping everyone safe. I enjoy my time with my family being so close and being able to play games with them and go on walks and runs and hope that this doesn’t change as this would increase my anxiety further. I feel very lucky to have a safe house.,Stay in so we can soon go out. I want to see family and friends again soon.,anxiety,7,5,1,8,8,6,4,3,2,574,119
784,"I feel worried for my friends and family and sad that I can't see them. I feel bad because I don't feel like I can be there for anyone properly. I feel anxious about the future. I feel guilty because I am glad I don't have to go anywhere or do much because I am depressed and this plays into my depression. I don't really care if I get ill. I'm getting very stressed thinking about this because I had just put it out of my mind. I feel inadequate, angry that I can't stay at home like other people because I work in the civil service and am classed as a key worker even though I don't feel like I do enough.
",I'm confused. Should I tell the police abput the kids playing football in the park even though I don't really care?,relaxation,7,2,1,1,1,2,4,7,4,608,131
785,"I’m very fearful and worried personally being 37 weeks pregnant. I’m sad that this has overshadowed the last part of my pregnancy and will impact the first few weeks/months of becoming a mother. Selfishly it has impacted me hugely, I also fear for friends and family in the at risk group and who have no choice but to continue working as a key worker and not adequately protected.  

I am worried about the future of the UK and the impact on the economy and the livelihoods so many who are currently furloughed as a result of the pandemic. ","Fearful, worried, sad. ",fear,8,6,2,9,8,7,5,3,1,540,105
786,I feel a little surreal as if I am watching a film but when I think about it seriously and watch the tv reports it makes me anxious. I feel anxious that I might catch it but probably more that a loved one will. I do not know anyone personally yet who has the virus so it hasn’t directly impacted on me in that sense. I am concerned that the PM has it. I am concerned that I will run out of food as I don’t want to go to the supermarkets and am struggling to get online orders.I miss my family my friends and my social life.,Feeling the fear#covid19 is real#staying at home,anxiety,8,2,1,3,8,6,4,3,4,523,113
787,"I’m feeling very anxious and scared that either I, my husband or daughter may become ill due to Coronavirus. I’m afraid that despite adhering to all the cleaning and washing and social distancing rules we may still get it.
My husband and I are both key workers with me working in the NHS. I am on annual leave at the moment but am scared that I may catch it at work when I return there next week. It frighten me that there are people younger than me who are in hospitals on ventilators or worse still dying when they were fit and healthy before they caught the virus.",I am scared and frightened at how quickly and easily Coronavirus spreads yet people aren’t staying at home and self isolating.,fear,8,5,4,8,7,7,3,4,1,567,114
788,"I am very fearful for my family. I am very overweight & don't think I'd survive if/when I get it. My husband is a key worker so very likely to bring the virus home to us, although he is very careful. I wasn't worried initially but the more we find out, it's like a death sentence. I thought young children weren't at risk but we now know that's not the case. I have 3 children & I'm am very scared. Boris Johnson has now been moved to intensive care so we know how that's going to turn out. We are living in a nightmare.",Corona Virus - Covid 19 is coming for us all. Initially I was laid back about it but the more we find out the more I realise I'll likely be dead by the end of the year.,fear,9,7,1,9,9,9,5,1,1,520,116
789,"I feel very sad and fear what will happen from day to day, I fear  I will lose my job, I am shaking inside and just want to cry all the time. I suffer from asthma so am worried about getting covid 19, also what will happen to the economy. I can't sleep and feel sick. I feel terribly sad that the nhs will have to decide who lives and who dies. I have considered asking my gp for some medication to calm me. I feel so tired it's like being trapped, with no way of getting out of the situation.
My colleagues are getting anxious and judging each other
","shaking inside and cannot control thoughts, anxiety tumbles over and over",anxiety,9,6,2,9,9,9,1,1,1,551,120
790,"I feel sad as my brain can't quite comprehend the impact all the daily deaths are having on people's lives. I am fortunate so far that it has not impacted my immediate friends or family but it scares me that this could quickly change. I feel I want to know about all these poor people on one hand, but on the other I am quite happy to continue in my little bubble. While at home each day able to do things that I've needed to do for a long time I am not feeling the full impact, despite the daily life restrictions.",How can people continue to flout the rules knowing so many people have died and will continue to die. Perhaps it is time for strickter measures and harsher campaigns. People need to see the reality of what they could face whether this is through clear insight's into hospitals,sadness,6,3,2,5,6,7,4,5,2,515,108
791,I am anxious about getting the virus. I am saddened by all the death and suffering including our prime minister. I am thankful that so far my immediate family is healthy but worry when that might change. The future is so uncertain. I hope God protects us all. I am angry with those who are breaking the social distancing and putting the rest of us at risk. I feel sorry for those that are struggling financially as well due to this virus. It has worsened my mental health as well. I worry I may fall back into a deeper depression. Thankfully I am still able to receive counceling over the phone. I think that too many people are NOT taking this seriously and thus put more people at risk due to their actions.,"Covid 19 is serious, it can be deadly, wash your hands often, stay home, stay home , stay home!!! protect yourself and others and may god bless us all",anxiety,9,7,6,9,9,6,2,4,1,711,144
792,"I am quite anxious about the situation currently as I cannot go and see my mother as she is in a high risk category so all I have been able to do is drop food at her door and wave through the window. I am a key worker and whilst I am working reduced hours, I am still having to work and are therefore more at risk than if I could just stay home. It is annoying when people don’t seem to be paying attention to how they need to stay at home or when greedy business owners decide that there ‘non essential’ business is key. ","Seriously guys I’d like to see my family sometime soon, stay at home and stop spreading this virus around!! People going to the shops 3 times a day for a few items at a time is ridiculous. Just stop it!",anxiety,8,6,4,8,8,8,5,5,5,522,112
793,"I am mildly concerned for myself but very concerned for a number of friends and relatives who have underlying conditions. I am also worried that the economy as a whole in my country and internationally will take a long time to recover and that vested interests will be trying to acquire as much of the emergency expenditure as possible. There are positives too in that air pollution from air travel and cars/vans etc. has fallen dramatically which does cheer me slightly. Overall though, these are worrying times with no obvious end point and poor government response the order of the day. ",Stuck indoors with the kids as schools are closed. Worried how they are feeling about this but keeping positive as much as possible. Keeping in touch with remote members of family more than usual and so far so good with everyone I know. Worrying times though.,anxiety,5,2,2,4,5,2,2,4,3,590,109
794,"Anxious that I might catch it, anxious that someone I love might catch it. Anxious about how dangerous it can be and what the possible outcomes are as well as the worry over the practicalities of going to hospital when you can't be visited. Stressed by the social distancing measures and how people don't stay far enough away when you go out. Unsettled by the lack of firm plan for the future and the uncertainty for my employment and that of my partner.  Worried by the long weekend and how we can keep ourselves entertained if we're unable to go out of the house. ",Worried about the virus.,anxiety,9,3,3,7,7,6,4,4,3,566,110
796,"I think the best words to describe how I feel are busy and overwhelmed.  I am busier then usual because I now have 5 homeschool children at home, whereas I am used to them being at school during the day.  I am feeling overwhelmed because suddenly far more people want to interact, video chat, call, text, e-mail, etc.  I am an introvert and I find the amount of social check-ins that are suddenly expected to be very overwhelming, time-comsuming and exhausting!  I feel like between 5 busy children at home and outside people constantly demanding my attention via video call, mobile phone, text, etc, that I am overwhelmed with expectations.  
I don't feel fear, worried or anxious because I don't have time to feel those things.  I don't have time to dwell on the situation we are in.","Our children are the leaders of tomorrow -- but only if we keep them safe at home today.  You may choose to risk your life, but they don't have a choice.  Keep them at home.  Keep tomorrow's leaders safe in order to keep our country's future safe.  It's all for the kids.",relaxation,7,1,1,3,3,3,7,8,4,785,157
797,"I feel at this point that we've settled into our lives in this new routine. I'm not struggling with any of the measures put in place and it's been great for my partner to get to work from home. Although I of course hope the situation improves quickly from a public health perspective, I could personally maintain this life in lockdown for a few months quite happily assuming my personal situation doesn't change much. Some positives have been more time for exercise (using fitness videogames) and leisure activities, and discovering new ways to interact with friends and family while apart.","Hoping for the situation to resolve soon for all those negatively affected, but for now, I'm just following the guidance and making the most of the new normal. There are so many wonderful resources to enjoy if you've found yourself with more time, there's no excuse for boredom.",relaxation,5,1,1,1,2,1,7,8,3,590,108
798,I’m really worried me or my family will get ill. I’m worried who would take care of my kids if I am ill. I am worried about being taken to hospital all alone. Worried about how I can get grocery delivery slots. I feel like this is never going to end. I am just worried all the time about it. I feel like the virus is getting really bad in this country now. I am checking the daily figures when they get announced on the website every day. My family are also quite worried and I have elderly relatives which is a concern for us.,I feel like this is never going to end,anxiety,8,4,6,9,9,7,2,2,1,527,114
799,"Im worried i may have underlying issues that may come to light if get corona. 
I am concerned about my diet and lifestyle without being as active as normal.  
I am concerned about my mental health not seeing everyone. 
I am concerned about my husband and his vulnerability.  I have massive anxiety about shopping but not about stock piling but not being able to get what i need. I am struggling with my routine being out of sync. It is effecting my sleep and wearing me down which in turn i worry will go against me when i get the virus. ",Corona. The time where you are waiting and worrying about something you cant see,anxiety,8,4,4,6,8,6,8,2,3,538,108
800,"Uncertain about how long the Lockdown will last, would like to know more about time so I can prepare. The length of uncertainty isn't helping work as the moment I'm planning as if things get back to normal in few weeks but might not be and it's frustrating to make plans that might not happen and it be wasted effort. I'm on annual leave this week which is a good break but giving me more time to think. This morning was particularly hard as I felt quite stressed but had a bath. I'm frustrated about the suggestions to stop exercise as going for walks / runs are important for my mental and physical well-being and I'll miss them if I can't",Worried about how people are reacting and that many people want to turn the country into a police state. Don't judge others,anxiety,6,6,6,5,7,6,6,4,4,641,126
801,"i am very sad and worry about whats going on in the country, unable to leave the house and starting to feel depressed being trapped in and away from friends and family. Worried things will not go back to normal for at least half a year.
I worry that this could lead to depression for a lot of people if we can't go back to normal. Restaurants and bars have been closed for long time, lot of business will be forced to close down and people will lose their jobs.
I worry that my parents will get corona virus as they are at that age of over 70. Some of my friends have bene forced to take furlough from work. ","At times like these we have to stay strong, emotionally, mentally, stay in doors..Stay safe",anxiety,8,7,6,8,9,7,3,6,4,608,128
802,"The whole situation makes me very anxious. I do not believe, as a country, we are doing everything to prevent the spread. I believe we should be in a full and proper lockdown like other countries. I fear for my children and their futures. My son is 4 and just about understands school is closed and we aren't allowed out and we cant see family and friends. My husband has been furloughed and that worries me as we're not in control of things. I hate going to the supermarket because there's always a minority of people who wont or dont socially distance themselves.",Nervous AF. Stay At Home!!! Fearful for the kids future and so bloody scared RN.,anxiety,8,6,6,8,9,8,1,4,1,565,112
803,"Primarily, I am extremely anxious about the whole situation. I am worried about the health of my family and friends, myself and the world in general. I am worried about the economy and everyone’s livelihoods. And I am worried about my future plans, which this whole situation is threatening to affect quite profoundly. 
I am also very angry. I’m angry at how people making poor decisions and breaking the law led to this outbreak starting in the first place. And I’m angry at how unprepared governments around the world have been for this sort of situation. ","I am very anxious about this whole situation- worried about people’s health and the economy, and sad that bad things are happening. I’m also very angry that all this has been allowed to happen and that we were all so unprepared for it. ",anxiety,8,8,7,8,8,8,1,2,8,558,106
804,"I feel anxious about the current situation because of the uncertainty and how much it has affected our daily lives so far, and we do not know how long it is going to go on for. It is worrying hearing about the current infection rate and the increase in deaths per day. I am also angry at all the people that are completely ignoring the requirements for us to socially distance ourselves from relatives and friends. 
I feel worried about the lack of robust information about Covid-19, for example the lack of information on how to 'treat' the virus and fear that way more people are actually infected than the official figures show.
",I feel incredibly angry at those ignoring the quarantine measures in place to protect us and mitigate against the spread of the virus; we drastically need to slow the anxiously rapid infection and death rate in order to protect our most vulnearble.,anxiety,7,6,4,7,7,6,3,3,2,632,121
805,"I feel anxious, restless and worried about my relatives. Annoyed at the world's governments for not acting sooner, and concerned for the effect it will have on my child. I enjoy staying at home, but feel frustrated at not easily obtaining groceries and that I can't spend time with my grandparents. I'm generally an optimist but feel that this problem will affect us for quite a long time, and long-term am extremely concerned that vulnerable relatives will contract the virus and die. I also feel despairing of people who are not taking the threat seriously.","Can't wait for this all to be over, it is so difficult knowing that spending time with loved ones could harm them. ",anxiety,7,6,1,5,8,5,1,1,1,559,104
806,"I feel anxious and fed up of it. I feel drained by the constant news about it. I'm worried about my elderly parents and how it would affect them if they contracted the virus. I don't think they would survive. I am in a constant state of anxiety and can't relax. I only go out once a week, to take groceries to my mother. The constant and conflicting news stories are relentless and I find myself doomsurfing on the internet and social media most days, including late at night, which is preventing me sleeping",Fed up of the constant and conflicting news stories. The onslaught is relentless. In a constant state of anxiety.,anxiety,6,6,5,7,9,6,3,1,1,508,103
807,"I'm satisfied that I'm doing all I can to avoid contracting or spreading the disease, so I try not to scare myself with worst-case scenarios. I'm surprised to feel supportive of the UK government's response to the epidemic and some admiration for the prime minister - to whose other policies I am strongly opposed. I am trying to use my time in lockdown to good effect but finding it harder than usual to concentrate. I have one daughter living in Madrid who is okay, but obviously I am worried about her. I have another daughter in the UK who is recovering from a mild case of Covid-19, so feel relieved about her recovery.",Wishing Boris Johnson a long life and a short premiership.,anxiety,6,1,1,3,5,3,4,3,3,624,121
808,"I feel very sad and frustrated. My father was diagnosed with motor neurone disease just before coronavirus took hold. I am so sad to be missing out on precious memories with him and hope once this is all over I will still have time.  We have had to cancel our family holiday to Italy and I worry I will never get that chance again.  
I’m worried for my husband who needs to return offshore next week and fear for his safety. 
Myself and my daughters have been self isolating for 5 weeks now as my eldest daughter is immunosuppressed.  My children miss their friends and schools. 
This is an extremely hard time for everyone but we all need to do as we have been asked and we will get through it. ","Everyone needs to listen to the instructions that have been given by our government.It makes me so angry to see pictures of people relaxing in parks,people thinking they are invincible!Myself & my family have left the house 3 times in 5 weeks for food collection order that’s all!",sadness,9,3,4,8,8,9,2,2,4,696,139
809,"I feel incredibly sad that so many people are dying with this horrible virus. It seems to be a real genetic lottery at the moment and it all depends on your genes to see if you survive or not. 
I am also angry at the government for not investing in the NHS which they are now relying on heavily to pull everyone through. 
I also feel anxiety for the people currently suffering and for my family. If the age at which people die from the virus now no longer just limited to older generations, then it stresses me out that anyone close to me can die. ","Sad, anxious and angry on behalf of the NHS how this horrible virus is affecting everyone's lives. ",anxiety,8,8,8,7,7,7,4,3,1,548,112
810,"I am unsure of what future holds worried I won’t see family members again and do things I enjoyed doing prior to virus. It has made me think what have a take for granted prior to this and how much people and friends mean to me.
Also worries about future virus that may come as a result of this one this was not expected and in cure climber worries that once this one sorted out further virus could spork from this one.
Also one cleared and all restrictions lifted how I am going to be affected financially I need to work and can’t because of the curfew and the risk to pass the virus on.","Wish this virus would leave us all alone, as a nation we have suffered misery and loss of life it’s time it went and we all had happiness and good health support NHS ",anxiety,7,8,6,6,9,6,2,2,2,587,119
811,"As an Nhs worker I'm extremely anxious to go into work. No idea what I'm going to face and no idea what I'm going to come home with to my family and 3 children. I am scared and worried constantly for my families financial future. Everything is so up in the air at the moment. Everything is a worry . I wonder what the future will be like when all of this is over. Will it be the same. How different will things be. I worry for the safety of my husbands job he cannot ve furlough as he started a new job.on 9th march. He has been constantly employed for 25 Years. This is a big strain on us financially  how will this effect my children in the future?when will they go back to school? 
",Scared. Anxious. Worried,anxiety,9,4,2,9,9,7,3,2,3,685,148
812,I feel uncertain and not in control of things and am left wondering when ur will finally end but information is conflicting and the government have no stabilising influence at this time. It makes me feel angry at how it’s being handled. Anxious for the future and the impact it will have on my business. Sad that I can not see my mum who is in the extremely vulnerable catagory and isolating in cornwall miles away. I feel I have little control at times and find this situation frustrating and it leaves me feeling restless. I’m not sleeping as well and restless and finding it harder to relax than I used to.,Frustrated by the lack of clarity and uncertainty of this situation we are in with covid19.,anger,7,7,6,7,6,5,6,4,3,610,118
813,I am concerned for older members of my family as they could be seriously ill if they were to catch this. I’m also feeling sad about not being able to see family & friends and not being able to go out apart from my one walk a day. I feel positive that we will get through this but find I have good days and bad days. Now that the prime minister is very unwell with Coronavirus this has made me more anxious as it almost has made it more real. I’m thankful that I have my husband and two children living me so that I’m not alone each day. I am also thankful that my family have been unaffected by this virus so far. I also appreciate my freedoms and loved ones more than I did before this situation.,Missing all my family and friends,sadness,7,1,1,7,7,8,4,2,1,698,146
814,I’m scared someone in my family home will get the virus and end up severely ill in hospital. I’m constantly worried that if any of us go into hospital they may die alone. This worries me more with my two children. I’m being eaten up with anxiety at the thought of them being scared and without their mum or dad to make them feel better. I’m paralysed with fear that there may not be life support equipment for any of us should we need it. I’m concerned that if any of us get the Corona virus it’s missed as being severe enough to go to hospital and we die at home in pain. I am doing my best to keep my family away from other people so we can stay as healthy as possible,I am so petrified of someone in my home getting the corona virus. My anxiety is through the roof. What if they don’t have a ventilator for one of us? What if one of us doesn’t fit their criteria for staying alive?!,fear,7,1,1,9,8,5,1,2,1,670,140
815,I feel anxious that myself or my family may get the virus and it will lead to us being ill or worse. I feel like a lot of the stories that are published in the media are scaremongering a lot of people which is heightening the levels of anxiety in people. I also feel angry towards the people who are not listening to the guidelines and are not staying at home as they are encouraging the virus to spread and are not taking the precautions. I also feel worried that I will contract the virus and pass it onto my family as I am a keyworker and I still have to go to work. I also feel,Sick of the media trying to scaremonger people and making people feel more worried than they need to be.,fear,7,6,6,8,8,7,6,3,4,582,121
816,"I feel very anxious about the whole situation. people are being selfish by going out to socialise and aren't looking out for themselves or others. it makes me worried how long we will be in this lockdown situation. I am classed as a key worker so am still having to go to work - nursery based. this makes me really nervous when around the children as who knows who may be a carrier of the virus. my partner and I are self isolating together and I am, at times, dropping essentials off to my parents and grandparents who are both considered as high risk.                                                              ",selfish people still going out need to SERIOUSLY think about their actions!,sadness,8,6,4,8,8,8,4,4,2,615,112
817,I feel the country would be better off if everyone stops being selfish and stays indoors. In addition to this police should patrol public spaces greater due to many still gathering at parks regardless of the laws enforced. Coronavirus is greatly affecting everyone especially those like me who live with a grandparent so have to be more careful when leaving the house in order to not bring it home due to old people being at a much higher risk of developing worse symptoms resulting in hospitalisation which puts a much greater strain upon the NHS.,"Everyone needs to stay indoors in order to keep everyone in the UK at a lower risk of catching coronavirus, if this is the case then everywhere will be able to be more lenient with social distancing measures. STOP BEING SELFISH STAY AT HOME SO EVERYONE WILL BE ABLE TO GO OUT SOON",relaxation,3,2,1,2,2,1,5,6,5,548,98
818,"The Coronavirus situation hasn't adversely affected my immediate family's financial situation because myself and my husband are public sector workers. If anything we're better off because we're working from home (i.e. saving money on transport) and not paying nursery/childcare fees.

Nobody I know has been seriously ill with the disease although I am concerned for my husband and mother-in-law who have underlying health issues. I am less worried than I was however because they are social distancing, and the people I know who've had it have gotten over it fairly easily. 

We were due to go on holiday to California at the weekend and this has obviously been cancelled, which is frustrating. We don't know when we'll get another chance to go away. We should be getting full refunds for everything though (apart from the money spent on holiday clothes, etc). 

I am worried for the frontline NHS staff and for other key workers, and concerned about the economic situation. 

It is difficult being stuck inside the house with a baby and a 3-year old but as our circumstances are better than others' I don't feel I can complain.","I am concerned for our NHS frontline staff and for our economy, I'm grateful that I'm not personally affected. I'm worried for family with underlying health issues. I hope it's all over soon.",anxiety,3,2,1,5,7,6,4,3,2,1129,210
819,"I’m worried about financial problems me and my partner now face, I.e him having to take a pay cut while I’m only getting maternity pay & wondering if we will lose the house and have to start from square one again! I’m scared for my 5 month old son and sad this has been the start of life for him! I’m also missing my family terribly, especially my mum who I’m extremely close to, I’m excited to be able to see her again when all this is over! I’m also really anxious for my friend and her family as her mother has contracted the virus and is currently in hospital recieving treatment, we are all hopeful she is going to pull through ","Coronavirus is REAL, people need to take this seriously & STAY INDOORS ",anxiety,9,2,2,8,9,8,6,4,1,633,129
820,"I am a bit lonely and a bit frustrated at not being able to see anyone but mostly I am sad I guess and anxious. It is my son's 8th Birthday tomorrow and he can't have a party and most of his presents haven't turned up yet.
Went out today for an emergency shop of what we could find to tide him over - just hope he has a good day.
Tired though, just blown up 75 balloons!!
So all in all a real mixture of feelings, I hope he has a good day and I hope everyone gets better soon. It must be hard for all the people on the front line or are suffering financially","I am very worried and anxious but also very sad - it's my boy's 8th birthday tomorrow - no party, not that many presents have arrived but we'll do our best for hime - 75 balloons blown up, 1 cake baked, 20 biscuits baked! all with love",anxiety,7,4,4,5,7,5,5,6,4,558,125
821,"The unknown of it all is quite disconcerting and I really miss seeing my loved ones which has led me to feel more down than I usually would. I also have a loved one in the high risk group leading to greater worry. I do feel very fortunate though as I have a lovely garden to get some fresh air in an outside space and I'm making good use of online contact which punctuates the days and weeks with some valuable communication. I'm fairly productive at home and getting a range of tasks done, so feeling a reasonable sense of purpose and enjoying a short walk in my local area most days. ",Short term pain for longer term gain.,anxiety,8,2,3,7,8,6,4,3,3,586,117
822,"Terrified for my family and friends. Worried about the whole financial situation and how we will cope. Fearful for the future in general! Worries about how everyone will recover from the whole corona efforts as its so bloody scary. It has caused me so much anxiety and  worry  and fear and general panic. I hate thinking about corona and i am so fed up of seeing it all over the news, facebook, and all social media. It is complete scaremongering.  People need to stay home and they are utterly stupid when they dont.",stay at home you absolute idiots,fear,8,8,4,9,8,7,1,1,1,517,103
823,"3 weeks today I had my last shift in the office I work at. The next day I went in to get my belongings and haven't been back since. I haven'r seen my friends since then, I feel very lonely. Talking to them via Zoom helps but it doesn't feel right. I am finding it hard to have a work life balance too, either I am spending way too much time working or not enough. I always feel scared to go shopping incase I can't get what I want but it's getting better now. I hope all of this ends sooner rather than later. I try and walk daily but I am finding it hard to find the energy to.","I hope I'm not the only one feeling this down! This feeling is the worst, I hope it's all over soon.",anxiety,7,4,3,7,8,7,4,6,7,578,130
824,"I'm currently very afraid for my parents, scared for my family and to a degree myself (I have a health condition that could complicate any infection or recovery from it). I have risk because I have to go to the supermarket, I have to shop for my parents. It's stressful. Im thankful for bonus time with my children though. So much of our lives is rushed  and we live it tired, but we finally have a chance to rest and enjoy quality time together in a way that feels almost unique, with work limited and more free time than I can ever remember having.","I'm so thankful for this special time with my family, even if we cant go out much, but I also fear for them, my parents and myself. This is the most unique and odd time that I can ever remember.",anxiety,7,2,3,6,7,3,3,2,1,550,115
825,"I'm viewing the process of social distancing and shutdown as a chance for elements of society and the workplace to develop and reset, particularly in terms of inclusivity and working norms. I am not in any risk groups and I honestly feel quite relaxed about the whole thing. I am normally a mildly-moderately anxious person but I have not felt this calm for so long in years. I recognise that what is happening is significant and that I am in an extremely lucky position (able to work from home, not vulnerable, et cetera), and I do feel for those on the front lines or who lose loved ones. But ultimately I am really quite calm and relaxed. I am a little more apprehensive about the situation when things get back to normal but again, demographically I am unlikely to suffer substantial distress.","Without wishing to be smug, feeling very calm and relaxed right now. The peacefulness of social distancing and working from home is great, and I want to help others in some ways if I can.",relaxation,2,2,3,2,3,1,1,6,2,797,155
826,"I’m extremely worried about what is to come. Especially as I have just heard the news the Priminister is In intensive care. It’s so scary as it could literally happen to anyone. I have a husband and children so am also worried about them. I fear them getting the virus but I’m also worried about money as my husband is unable to work. It’s a very stressful time for everyone. At this moment in time I am sad, worried, anxious and scared. I feel I cannot escape it as I work for the local government and they are putting a lot of measures into place and it makes it very real. I am worried about leaving the house even just for food. I’m frightened for my husband as he has asthma and my son who has a low immune system. I am trying to avoid reading too much about it during the day as it really is making me feel a bit depressed which is something I have never experienced in such a big way like this before.",I am so sad for all the people and their families effected by this virus. I hope everyone gets through this and does their best to remain safe.  Please remember that there are brighter days ahead we will get through this but we must stick to the rules!,fear,8,3,2,9,8,7,1,3,1,908,191
827,"I feel sad with regards to some news (colleague's death, mental health issues of peers and others); but I also feel very lucky as I can work from home - and not everyone has this opportunity. At the same time I feel a little tired of feeling lucky this way...
I also had some good news with respect to my job, so I feel a little guilty relatively to the others. I also feel powerless to help, as I do not have any relevant skills & thus I'm not useful right now. This is a silly feeling, as it doesn't help anyone; at the same time it's not actually strong enough to prompt me to do more than just a few donations and gift vouchers. 
I also feel rather sad about my friends, who are in a worse position. I feel entirely blessed with my partner - but again, I'm lucky & not everyone is. 
So, overall, it's a mix of feeling sad & damn lucky - and sad that one needs to feel lucky that way. ","I feel sad - for many others - and guiltily lucky about myself. I also would like to be more useful, but I do not know how...",sadness,7,7,4,3,4,8,5,1,1,888,199
828,I am scared for me and my family. I have 2 boys living with me who I am concerned about and I also have a disabled daughter who lives alone who I am very concerned about. I don’t want carers coming in but I can’t do it myself so I have no choice but to have carers into her. But it worries me that she may contract it through carers. I am feeling worried and anxious but can’t talk to my boys because I don’t want to worry them about my fears. It’s been a stressful time and homeschooling I am worried I can’t help my child with that and he will fall behind,This Coronavirus is scary stuff. I am anxious and worried for me and my family. I don’t only have my 2 boys who live with me to worry about but my disabled daughter Who lives alone. I can’t be there to comfort her. I hate having carers come into her as I am worried about them,anxiety,9,1,1,8,9,7,1,1,1,558,119
829,"I’m a Keyworker and am extremely anxious about leaving the house especially to go to work. I worry about passing something back to my family, especially my son. If I’m not at work I stay at home all of the time as my anxiety around corona virus is sky high. I also feel very frustrated that some people aren’t following g the governments guidelines regarding staying at home and social distancing as the sooner we all do this the sooner things will be normal again, although I still don’t expect normal for many many months  ","So anxious about covid-19! Please people stay at home, it really will save lives and protect the NHS. Please don’t think it won’t happen to you, this virus does not discriminate. ",anxiety,9,5,2,9,9,8,2,1,1,525,100
830,"I am very concerned and extremely anxious about the current coronovirus situation, particularly as a close member of my family is stuck in New Zealand with no apparent help from the government to get home.  The recent images of people with the virus who are in comas and on ventilators, lying on their stomachs in rows with no privacy or dignity has stuck in my head and is making me feel very frightened.  I am just trying to keep my family safe and I am also quite angry at and upset at the people who are not taking notice of staying home.",This virus is the scariest thing I have ever endured.  Could people please just stay indoors so it can over as quickly as possible.,anxiety,8,6,1,8,8,6,4,4,1,542,107
831,I feel annoyed that so many people are out on the streets but other than that I'm fine. I am a key worker so I must still go to work and I am an introvert so I prefer staying in any way. Before lockdown was not dissimilar to the situation I am in now. I am anxious only because so many people are out all the time and not about getting the virus myself. That doesnt concern me only I worry somebody else would get it thats why I stay in. It also annoys me that the shops are low on stock because of some selfish people.,Im feeling like corona is bad for a lot of people. I am not affected too much as I am still working and would stay home most of the time any way. Additionally I try not to shop too much so it hasn't affected me that much. My family are home more which is about the only difference,anxiety,2,4,1,2,7,6,5,4,3,519,113
832,"While I myself am not that worried about corona virus in general, I can't deny that I am feeling the strain caused by the outbreak existing. By this I mean that my country is currently in lockdown and the stress and anxiety of my household in turn gets absorbed by me as well. I find myself worrying for the mental and emotional state of my loved ones during these hard times. I can say with certainty that not everyone is handling the lockdown well and being stuck at home for long periods of time just makes everyone anxious and stressed. I believe the world will manage to beat this outbreak soon, as long as people cooperate.",I worry more about the mental and emotional state of my loved ones in lockdown than about the virus itself,anxiety,4,1,2,3,5,2,1,3,5,629,123
833,"I’m extremely anxious about the situation that the world currently finds itself in. I am really struggling in my mind to come up with how things ever get back to normal with not only my life but everyone’s. It worries me that society may never be the same again. Even though the coronavirus hasn’t directly affected me or anyone that I know, it has dramatically changed our life’s for the worse. I’m very worried for my future. I am certainly more anxious about my future, my job, the economy etc than I am scared about my health during the pandemic. ",Such worrying times at the moment. Struggling to sleep. Struggling to stay motivated to do anything. Hope things start to look up soon.,anxiety,7,1,1,7,9,7,4,3,8,551,109
834,"Since the corona situation, I've been feeling down and more lazier than usual. I'm worried because I have older parents and I'm concered that I will spread the virus to them if I get it. I'm sad because I am not able to be at college to do my work, I am not able to see my wonderful teachers and friends, it is my last year at college so I will probably never see them again. Only one good outcome of this is less people on the streets, it is almost empty. In London, streets would usually be overcrowded which is not good for anti social people like me, but now I can go wonder and get essential items without much people gathering. ","The corona situation has made us all realise how we take granted for pretty much everything. Now we are able to see the country not function as normal and it doesn't feel right, it just shows how dependant we are on key workers. Also makes us aware of how unhygienic we are.",fear,4,1,1,2,2,1,7,6,2,634,134
835,"i'm very Angry at the moment as there are many people who are not taking the situation seriously and are still going out of the house for unnecessary reasons. i have been isolating for the past 2 weeks due to being high risk and the more people dont listen the longer i have to stay home and not see my family and friends. My parents and inlaws are missing my daughter and all her milestones and being pregnant right now is stressful as it is.
my mother is also high risk as she is 73 and has memory issues so has still been going out so it stresses me out having to worry about her also. ",why is there still people not listening and still going out unnecessarily? the longer people dont listen and take this seriously the longer us who have isolated have to stay isolated #selfish #coronanolaughingmatter #peoplearedying #thinkofyourfamily,anger,7,8,7,8,7,6,3,2,1,589,120
836,"the pandemic has completely ruined what little stability i still had gained in my mental health, and made my symptoms surrounding fear of illness and dirt and obsession with handwashing and cleanliness so much worse that I am unable to see how i will return to the progress i had made before the pandemic.
having OCD and having the world tell you that if standards of hygiene are not kept up then millions will die has led to my compulsions being stronger than ever, and having to remain inside where they can run amok in my head is driving me beyond the point of insanity",going 'back to normal' will be the worst outcome this pandemic could bring.,anxiety,8,7,6,9,9,7,1,1,1,572,108
837,"I feel anxious and apprehensive about the future and as a mother of young children I’m sad to be missing out on opportunities in the present. I also have a slight underlying feeling of anger towards the wet markets where the disease is rumoured to have originated from.  I’m happy of the positives and lessons that I’m learning in lockdown, I no longer feel that material objects or showy days out are needed to bring happiness into our lives, we are having more quality time than ever together as a family and there is a sense of community spirit in our neighbourhood.  ",Feeling anxious about the future and what it may hold but happy and blessed to be with my family unit,anxiety,7,6,6,6,7,6,5,4,3,571,107
838,"I mostly feel frustrated, by the poor and underwhelming actions of the UK government. I feel they have done the bare minimum, responded far too late at every turn, and have been callous/unfeeling in their willingness to let people die. I also feel some anxiety for the wellbeing of myself and my family; that we will be financially secure during and after the crisis. I am worried thinking about my uncle, who has very serious MS and would be at huge risk of dying if he contracted the virus. However, I feel some hope/admiration at the way many people have responded, with expressions of solidarity and support for each other and for the key workers on the frontline, for example NHS workers. Then again, I feel frustrated that the NHS has been deliberately underfunded by various Tory governments for a decade, and now are being placated by 'thanks' and claps, when the most important thing the NHS needs is money.","The way the UK government have dealt with the corona crisis is hugely embarrassing and shameful, and we must not accept the bare minimum as some kind of 'heroic' effort",anxiety,5,5,3,5,8,4,2,3,1,916,183
839,"Extremely anxious at the Unknown’s in the whole scenario. No one knows when the current situation will end and there doesn’t seem to be any clarity on the best treatment or whether this could all happen again in the future short or long term.

I worry about keeping my family safe and it makes me anger that people are using the situation for political gain. Arguments relating to political parties, 5g etc are not helpful at the moment and I don’t think people truly realise how much their actions are affecting the health of those around them.",Anxiety is through the roof and I can’t even go and visit family to take my mind off it,anxiety,7,3,4,7,8,6,2,2,2,545,102
840,"I feel extremely anxious that I and my immediate family will catch the virus. I am also very concerned for some of my friends who are on the frontline in the hospitals.
Also I am concerned for my financial future when we get through this as being self employed i have no current income , and dont know how this will affect my business going forward.
I feel very sad for families who are going through grief and bereavement now too , and for the people who are unable to visit loved ones , or to say final goodbyes for their family members who are dying alone in hospital.","I am so angry with the people who arent taking this situation seriously , and are just thinking its """"""""""""""""business as usual"""""""""""""""" The sooner we start to adhere to the instructions the sooner we will come out of the other side of this!",anxiety,8,2,1,8,8,7,1,2,1,571,113
841,"Apprehensive about the future in every way, eg. Work, economy, 
Cost of living and wellbeing. Fear about the situation and great anxiety, which i have felt for sometime now. By this I mean about what is happening in relation to this situation and how it is being handled. My main worry is not being able to access health care as we normally know it, if needed. The risk of going outdoors even to shop for essentials is a concern, but necessary as it is difficult to find available slots with supermarkets.  some people are not taking it seriously and people with symptoms are even carrying on as usual. This is sadly putting the eternal public at risk.  Not knowing when things will begin to improve and get better, will it be weeks or months. This is completely the unknown and very frightening. ",Feeling apprehensive...  What will be?  Please take this seriously and stay at home,fear,9,6,2,9,9,9,2,1,2,797,159
842,"I feel anxious, worried, stressed, and sad at the current situation.  Also some anger at those still going out in big groups etc. and putting others at risk.  I miss seeing my family and friends, and even miss the ugly office I usually work in!
It was my birthday yesterday which I think has been / will be the hardest day, as it would usually be spent with friends and family, and all the plans I'd made got cancelled.  Still, a lockdown is for the best if it means this is over sooner and more safely.","Anxious, worried, stressed & sad.",anxiety,7,7,6,7,8,7,3,2,2,503,109
843,"Right now I mostly feel pretty tired/lethargic, alongside a generally more relaxed mood. It's been a strange day - I've mostly been calm, have had some spells of happiness yet have also had a period of feeling sad about the current situation. I'm missing being able to go on really long walks, feel free to head into the city, and generally to be able to live more normally. That said, I'd far rather this than fall ill or contribute to anyone else's illness. I've found myself reading lots of news articles/listening to radio shows and podcasts through the days to make sure I'm staying on top of the latest happenings. The coronavirus really scares me; especially as an asthmatic. Yet I've not felt anxious today. Generally, I'm mostly fine by day. The anxiety can creep out in the night or my dreams though (yet not every night) and I'm still sleeping okay on the most part.",This is the most surreal experience that most of us have lived through and I long for a time when we can all look back on the situation and know we've made it through/learn from its many lessons. I'm sad (and scared) that for many of us this won't be the case.,relaxation,8,2,1,4,4,6,5,7,5,877,178
844,"I feel very anxious. I didn't live with my family and the thought of something happening to them without me being able to even go back terrifies me. I'm worried about what will happen in the future and if life will ever be the same. It's difficult to imagine a future without these worries. I'm not sure how I cam help myself with this because I'm scared anxiety like this will be worse for my health than the actual coronavirus, but I feel helpless. I keep thinking I have symptoms and start getting panic symptoms but as soon as I manage to distract myself the symptoms go away.",Really difficult to imagine what life would be like after this. Makes it difficult to stay motivated and hopeful.,anxiety,8,1,1,8,9,1,1,1,1,580,115
845,"Just watching the daily briefing - another advisory that mask wearing makes no difference to protection of the general public while observing social distancing.... apparently this is based on a scientific study. BUT given that the way the virus spreads is not an exact science, surely throwing everything at it isn't a bad thing? Why not just say if you already have masks and it makes you feel better when shopping crack on? Obviously with PPE being in short supply frontline workers are now a priority, but those of us who acquired masks before the whole thing kicked off shouldn't be made to feel almost as though it's bad to wear them? Masks seem like common sense to me.",Please do stay home! We need to protect the NHS and save lives who may be your loved ones!!,anxiety,8,5,3,6,8,7,4,4,4,675,130
846,"I’m annoyed at how some people are ignoring the government guidance but hopeful that something will change soon if the government act fast. I think the government should be harsher on the rules of the lockdown in order to contain this quickly and efficiently. I am agitated as I am bored at home and don’t have an income. I am fearful that things might go wrong and the country will not recover in the way it should do. I believe we are not doing as much as a country compared to other countries, who went into lockdown from the start and are starting to see cases drop. ","People need to stay inside! Listen to the government and do as you’re told. Protect the NHS, our resources and our lives. ",anxiety,6,6,3,8,9,6,4,4,1,571,113
847,"I feel very worried, i know the figures have dropped in the UK but that worries me in the sense that we will come out of lockdown and a second wave will hit.

I really hate the lockdown and not being able to see my family or friends for over 3 weeks now has taken its toll on my mental health. Its hard when there is no end in sight.

I wonder what will happen if god forbid, boris dies. will the country carry on, will we all be too shocked to believe it? there are so many unknowns my anxiety feels very unmanaged at the moment.",Worried about whether the news we are receiving is true and the numbers are dropping?,anxiety,7,1,1,7,8,6,2,2,2,530,116
848,"i think this is a very worrying time and i am confused as to how we are going to get out of the situation - the lack of clear ongoing plan other than lock down worries me. i am also worried for the health of my family and friends - not just physical health but mental health. its been very difficult to explain to my seven year old daughter. i am also working full time from home, home schooling and caring for three vulnerable family members who are in shielding. very difficult time for me and my immediate family. i dont want to go outside but have to daily as i need to care for others ",we need further advice on what the government is planning over the next few weeks so that we have a clear view of how we are managing to get out of this and onto the other side. we cant isolate at home for ever,anxiety,7,4,3,6,8,6,2,2,1,590,122
849,I find it quite stressful and although I sleep and function normally it's at the back of my mind constantly. What worries me most is the financial aspect of it. Every time I read the paper and look at the latest numbers i feel sad and worried about the health of my family. In a weird way I also find it fascinating - the impact of the virus on the world is really though provoking and I often find myself thinking 'I wonder what will change after...' I really hope there is some silver lining somewhere.,Another day with the virus - another stiff neck from worrying about the world.,anxiety,8,3,3,6,8,6,4,2,1,504,105
850,"Mostly anxious for my own job security, but also for the economic impact of the current situation on my householf finances and income, but also for the UK/World. I am also worried for the health of my family, especially those who are considered high risk. I also lack planning for the future due to the uncertainty of how long restrictions could last. I am also anxious about being in public due to the increased risk of catching the illness from other people. But I am thankful that I am healthy and getting an opportunity to spend increased time at home.",Worried about what will happen over the comming weeks/months. Hope we get out of this soon. #StayHomeStaySafe,anxiety,7,2,6,6,8,5,3,4,1,556,110
851,"I am trying to not think too much about the Corona situation as I will get upset, stressed, worried and sad. Instead I have been focusing on myself and my own needs. I have been practising mindfulness but meditating, exercising and eating healthier foods.

 I can get stressed and worried very easily so this is why it is so important for me to stay emotionally balanced during this uncertain time. I have not been reading the news too much and anything that I need to know I find out on social media which some times gives out good information. I try not to discuss corona with my friends and family as they are a bit too obsessed with the situation.

I am hoping that very soon everything can go back to normal and people can go back to their normal lives as I am a bit tired of working from home as I live with family and it is getting a bit too much","The corona situation seems to be getting better but on a very small scale, hopefully by the end of the year things can go back to normal.",relaxation,3,1,1,1,2,1,3,7,1,853,173
852,"I feel very anxious with everything that is going on at the moment as I am terrified a loved one will catch this, especially as I have relatives who are vulnerable. It also upsets me to think of people who are alone during this time and people who are in hospital dying without loved ones. It angers me that people will not follow the simple rules of staying at home as they are putting others at risk and they do not seem to care. Having a young daughter it terrifies me that she could catch this, even if it is something she could fight it would hurt to see her in pain like that. Thinking of other people who are alone, vulnerable, etc it irritates me more to see people not following the rules. ","Wish people would listen to the simple rules - stay @ home! People are losing their lives, this is serious!! Thank u to all amazing key workers for everything they do for us. ",anxiety,9,8,7,9,9,8,2,1,1,699,143
853,"At the moment I feel anxious about going out for my food shopping, making sure I am careful I’m anxious about seeing other people around not obeying the instructions. I feel worried if I were to bring the virus back to my home and my childen. But I’m happy that we are all safe together and enjoying some quality time together. unfortunately we can’t see our extended family for now bit it is the best thing to do for us and the country. I hope that the people not listening to instruction will soon.",Feeling a bit stressed atm! Wishing family to keep safe.,anxiety,8,3,3,8,8,4,7,7,2,500,100
854,Sadness in general for the effect that it has on the country and it’s more vulnerable population who are suffering the most and dying as well as frustration for those not adiding by the rules and regulations set out but pride for all the key essential workers who are working tirelessly to look after everyone effected in the most desperate conditions - fearful for where the country will be once this has passed and the long lasting effect it will have on our future generations and anxious for our more vulnerable loved ones who we are having to distance ourselves from and missing out on key moments with family and friends,It’s time for everyone to just listen to what is right and stay home and keep away from others so that we can all see each other again so much quicker,sadness,2,3,1,2,1,5,3,3,2,626,111
855,I am worried about how the virus is progressing. The recent news about the PM is worrying as he will have been following the guidelines and had the best medical care. Myself and my children have asthma so I worry about how we would manage if we got the virus. My husband still has to go to work so I worry about him bringing the virus into the house. I am happy to be spending time at home with my family but a bit frustrated at not being able to go outside. I am missing my wider family. We are having regular video call conversations but it isn't the same as a hug from your mum.,Frustrated and worried about coronavirus but grateful to be at home safe withy children.,anxiety,7,3,2,7,8,7,4,6,3,582,123
856,"I feel very angry and annoyed with people that are not listening to the rules and not staying home, the amount of people that have been seen in big groups and with friends etc in public places is ridiculous. This is leading me to feel very worried about what is going to happen to the economy, the likes of travel and businesses, what this is going to do to them. Most of all I am the most worried about my loved ones, keeping them safe, worried about my elderly grandmother that lives alone and how this is going to affect her mental health. ",I wish people would listen to what the government are saying and staff home! The nhs are risking their lives and people are disrespecting that.,fear,7,9,9,9,9,8,5,5,3,543,111
857,"Although I feel happiness that I can have a break from work to focus on other things, I feel anxiety on a daily basis. I feel anxious that I cannot see my boyfriend, and I feel I have no freedom. I feel depressed not having a structure to my day anymore, as it leaves me lost and without a purpose. I miss being at work as work gave me a purpose to get up and get ready. I enjoyed mixing with a variety of people and I miss that feeling of coming home and relaxing after a long busy day.  However, I feel slightly optimistic for when this time passes and I can see my boyfriend again. ","I am feeling anxious about the corona virus. I hate that I am trapped inside my home, unable to see my boyfriend. However, I am looking forward to the day I can see him again, and the day I can go wherever I want. ",anxiety,6,3,3,7,9,8,3,6,3,585,127
858,"I’m feeling fairly relaxed about it all. I’m not worried about potentially getting ill, but I am very annoyed about the UK government response. They have been so ineffective in their implementation of a lockdown, they have failed the NHS by not providing adequate PPE and also failed all of us by pursuing a path which does not require testing of suspected cases. You cannot track a pandemic if you don’t test everyone.
They have lied about ventilators, claiming that a company was making them specially despite the fact that companies which already made them were not ordered from.  They claimed not to get the memo from the EU regarding bulk buying of ventilators. I really hope that once this is all over, this sham government are held to account by everyone, including the media who just seemed to nod and agree with everything coming from Downing Street.","This year can get in the fucking sea! Everything I had to look forward to, slowing getting cancelled...wake me up in 2021!",relaxation,2,3,1,1,1,1,7,8,4,859,160
859,"At this very moment I’m just tremendously worried about the lasting effects of coronavirus. The deaths it may cause, the damage to the economy and just a general negative lasting effect on society. The NHS is a system we are incredibly lucky to have, and the thought of it suffering due to this is very worrying. I also feel extremely proud of all the key workers, this situation really has brought out the best in some people. On the other hand, a minority of people aren’t staying inside as they should be, and are flouting the rules to enjoy some warm weather. These people make me extremely angry, as there are NHS workers putting their lives on the line every single day, while some people can’t seem to deal with not sunbathing for a few weeks. ",This whole situation puts things into perspective. Be kind and appreciate all of your loved ones.,anxiety,6,4,5,6,8,7,3,2,3,751,149
860,"At the moment i feel quite sad and anxious. Sadness because this illness is causing a lot of death and anxious as I do not know what the future holds with both the virus and the economy as I can see this being something that effects us for years to come. I also feel sad as being in a lot is hard and this has caused a lot of exciting events planned to be cancelled.

The only positive about the situation is working from home is less stressful so it means I feel a bit more relaxed however am still hoping this will be over as soon as possible.","Bored being at home all the time

#stuckathome #fed up",sadness,7,6,4,6,6,8,2,5,4,545,113
861,"I am worried about my family/self getting ill as my husband is a key worker. I am bored and frustrated being stuck in with children including 2 with autism and a 9 week old baby. I am scared for the world right now as we have no idea when this will end or how it will end. I have anxiety creeping in. I can't bare the thought of losing any of my children or husband. I am scared of getting sick, I am nursing my baby and she wont drink from a bottle. I am trying to prepare my mental state for all eventualities but its hard with all the chaos at the moment.","Scared, tired, anxious and frustrated. When will it end? #Corona #covid19",anxiety,8,4,4,8,8,7,3,3,6,558,124
862,"My husband has been ill with it for 18 days and now how pneumonia. He has been self isolating in another part of the house. His symptoms have been very varied up and down throughout the whole time he has been ill, thinking he's been improving then getting worse. I have an elderly disabled mother who I look after who I am very concerned about as well as my two children. My husband is very fit and strong and eats well etc. and this has completely wiped him out.  The worry of catching this and passing it on is very much on my mind. I haven't slept properly for the last 2 and a half weeks. It is making me feel awful and I am on high alert that I don't catch it to and become unable to care for him. So all in all a very scary, difficult time.","Please stay at home to protect your family, friends and loved ones. Every day you ignore the advice to stay indoors you could be unintentionally infecting others who won't be in as good a position as you to fight this off. No-one is immune, stay safe and stay indoors.",anxiety,9,1,1,9,9,6,4,1,1,746,162
864,"At the moment I feel worried that myself or family may have the virus but not know.  One person my partner worked with has died from the virus so we are aware of quickly and devastating it can be. When I go to shop for food I am anxious that I may come in contact with the virus.  I feel like a portion of society are not taking the situation seriously enough.  The government should introduce stricter lockdown plus tougher punishment.  I am worried about my children and the impact this will have, they miss school and their friends.  We try to fill the gap but it is still a concern.",I hope the coronavirus passes soon #stayhomestaysafe,anxiety,8,1,1,4,9,2,5,6,2,586,119
865,"i  am worried and am lonely in the house on my own. I am worried about food being available and money to pay my bills. How long is this stay at home going to last? I am worried about automation and possible universal basic income. I can only hope they do not cut off the internet as it is the only means of me talking to someone and getting news. I am worries also for the old people as they are dropping off like flies. I also feel sad as I cannot talk to anybody which is not good as I am not in a good mental state.,",Worrying times which will hopefully be over soon.,anxiety,6,6,4,6,7,5,5,4,4,519,116
866,"Anxious about the future weeks to come, unsure about the outcome and how it will affect my job and the countries economy. I am hoping that lockdown will end soon and hope that everything goes back to normal very soon. Would like to say I am able to volunteer and help the NHS but I have no car. Waiting for the death statistics everyday and praying that they starting plateauing or declining very soon like Spain. Sad about everything being missed over summer and how my first year at university has been ruined and cut short. Extremely bored and hoping this ends soon. Praying that all my family and friends are safe and well, upset that I cant go and see them. Proud of the NHS!","Corona virus has really made me appreciate all my friends, family and the NHS. Will remember to NEVER take anything for granted. Sending my best to everyone. Proud of the NHS!",fear,7,6,4,9,8,6,3,2,2,680,136
867,"I am worried about what is happening and how long we will be stuck in the current situation and how this will effect the future economy as well as jobs but i am also happy about the effect this lock down is having on the environment. 
I am also anxious about my job and what is going to happen with it. I am also bored with not being able to see my friends and family, I have very little to do at weekends and time I'm not working
Finally am I a little scared that some of my family will get it and how it will effect them and if anyone I know will die. 

",This situation is worrying and making my anxious about the future,anxiety,5,2,3,5,8,4,3,1,1,556,119
868,"I feel extremely paranoid that I will get corona.
I'm doing everything in my power to stay indoors.
I wipe every item that comes into my house.
I want it to be over I fear for my life an my family n friends
My anxiety levels are high, an I cant sleep at night, I also have no desire to do anything at all around the house.
I watch an read social media, and that doesnt help at all.
I also worry alot about my financial situation.
I have plans that have been ruined now, an I solely blame Asia for eating anything that moves and those markets are horrendous an need  losing immediately ","Wish it would all just go away fuck corona an what it's done to peoples lives I now see a future of panic an uncertainty as we all go about our daily business again an try an move forward to being normal again.
Why wont people just listen ans stay indoors #angrysadanxiousuneasy..",anxiety,9,6,6,9,9,9,1,1,1,585,124
869,"I feel very fearful about the corona virus, but it's also important to work at being happy and not allow the fear to overcome us. We take good care to do all the things that will help us stay safe, and we are really lucky to live in a rural area where we can enjoy the outdoors immediately from our house. Feeling happy is the strongest way to face adversity, and not allow it to affect us in a negative way. I am worried about what happens next, but doing our best to live for today and enjoy today. What is happening to others is never far from our minds though, so we think of everyone each day.","Stay safe, be happy, be kind. Wash your hands, exercise from home, and follow the guidance. Eat well, and love each other.",happiness,8,1,1,4,3,5,8,7,2,598,128
870,"Concern for the PM being in intensive care. Fear of the illness being brought into my home by my husband having to keep going out to work or shopping. Frustration at not being able to go out and live a normal life. Frustration at not being able to order in shopping when that's what we've been told to do. Missing my friends and family - video chat isn't the same as real human interaction. Bored of being stuck at home, bored of the same company. Trapped. Claustrophobic. Irritated by people judging others - especially on social media - without knowing other people's circumstances.  Worried for my children's mental health and their education during this time ","This situation is hard. This situation is frustrating and scary. But it's not forever, we'll get through this and life will begin again.",anxiety,9,4,8,3,3,3,5,5,6,663,125
871,"to be honest i cant really identify what i feel right now. i dont mind not being able to go home (i reside in the uk for my studies but i go home to indonesia every summer - or supposedly) as i dont really enjoy being with my family anyway. my only concern is if i cannot go home at all this summer, and i cant spend time with people i care about at home especially my friends. i am also worried about the current economics (the exchange rate from IDR to GBP is on a consistent rise and if not it sits on a very ridiculously high rate) and that i have to spend more money (IDR) by staying here.","confused. i feel unproductive too. but also it is a time for me to recover from the aftereffects (mostly anxiety) from A-Levels last year, and a very rigorous studying pattern in high school. i wasnt able to fully recover as i had to go through university, but i am feeling better",anxiety,6,2,1,4,6,5,6,8,2,594,132
872,I am feeling very sad  for all the families who have lost loved ones. Also I am concerned about my husband who is a vulnerable person along with my mother and mother in law. i am not concerned about myself as i have to go shopping. I am hopeful that all the sacrifices we are making will beat this virus and so grateful to all the amazing NHS staff including my bother in law and sister in law who are on the front line that they are safe. I am very impressed with the way the government is handling the pandemic. We can win this.,Very impressed with the government handling and amazingly proud of the NHS.,sadness,6,3,2,2,2,7,7,6,7,530,111
873,"On the one hand I feel fortunate that I have not been affected financially in a negative way, I do not need to leave the house unless I want to, have a garden where I can get fresh air, sunshine and exercise, have enough food for a few weeks, and am finding plenty of things to do to keep occupied.  I am also in frequent contact with a good number of people by phone/email/text.

As a range of things I usually do regularly(such as choir, art class, etc) and future plans (such as holiday and visit to family) were cancelled I have felt disappointment, but overall accept this.

I am feeling worried on behalf of other people whose health is more vulnerable than mine, a sense of uncertainty about how long this situation will persist and concern for people I know who are 'key workers'.","Thank you to those of you who have reached out to me at this time, it has really helped me keep positive. Let's continue to communicate to help each other and to see how we can help others together.  Many people locally have become ill, I feel sad at times, but I have hope too.",relaxation,6,1,1,2,2,1,6,7,5,788,169
874,At the moment I feel fairly relaxed about the situation. I may not remain as relaxed as time goes on depending on how long it lasts for due to money issues but for the moment I am fine as I have some income coming in until the end of this month at least. I feel slightly nervous for anyone who has either caught it or at high risk of getting it (my mother in particular is a high risk). The reduced option of freedom of choice on going out / to anywhere is mildly inconvenient but nothing worth stressing over for now. I feel disappointment in those who have bulk bought items and feel that the government and businesses should have stepped in earlier to stop that occurring.,"A minor nuisance for myself this corona business, appreciate all the work, help and support our keyworkers are doing. Wish the panic buying of food staples would stop. Worried for anyone at risk in particular of catching it.",relaxation,3,1,1,3,3,4,6,8,3,676,135
875,"I am worried about my family members which are older. My dad is nearly 70 with no underlying health conditions but still goes to work.  I am frustrated as I want it to end and I want to get on with my life. I am anxious that they won't find a vaccine soon. I am sad I missed the last semester of university. I hope we will not be in isolation for too long now! However, watching the news does not give me hope that things will not get better soon. A positive from this is that communities are working together and I am feeling closer to my friends. I am irritated by the people near my house who keep having their friends round and seeing people going to the park on the TV. ",FUCK CORONA,sadness,8,6,3,7,9,9,1,1,1,675,144
876,I'm very worried about the situation at the moment. I worry that my family or myself will catch this virus and more and more don;t know how people will react and who will get very sick and even die. I'm apart from my parents and in laws and worried that they're going out and at risk. I'm grateful that I'm able to work remotely and provide for my family also. I worry about what will happen when lockdown ends and we're expected to return to semi normal and what that will look like. I'm worried about how the state our economy will be in after all this.,"A worrying and anxious time for all, but also time to appreciate the little things in life. #stayhomeprotecthenhssavelives",anxiety,8,2,2,4,8,7,6,4,3,556,115
877,"I am not particularly scared because I am young and are more likely to recover from it and i know the procedure to stop the spread of the virus and know that I am not putting myself at risk. The most anxiety comes from spreading to other people who are not as healthy as I am, which is a horrible feeling. To see how many people have died from the virus has made me feel afraid for the families who have to watch loved ones die without being able to say goodbyes fully and have to see them die without being comforted in their transition.","i am so anxious about the spread of COVD-19 everyone needs to remain positive keep to the government rules, if everyone contributes to this then we will be able to slow the spread of this and safe as many lives as possible. Save the NHS and save lives!!",sadness,1,9,8,7,4,8,4,4,2,538,109
878,"My mum is a front-line worker and so I am perpetually anxious about her and my family contracting the virus. I'm extremely worried about my chances of survival if I contract it as I am chronically ill. I'm also deathly worried for my parents, who aren't really in the most at-risk age group but are still 'older' and my father has a history of strokes. It kind of feels like an inevitability that we will contract it and feeling like someone (or possible multiple of people in my family) could die feels like a mind-numbing reality. I feel like I'm sitting around waiting to die all the time. 

In general the situation feels bleak. I feel like I have the most sympathy and concern for still-developing countries and refugees who are either displaced or people from war-torn countries. What hope do they have. The knock-on effects from this on a global scale will be so painful. ",finding out ur usual routine is called 'quarantine' is funny but like waiting around to die rly is mind numbing,anxiety,7,4,2,6,7,6,2,2,1,879,170
879,"I cry every day, and feel hopeless a lot of the time - the complete turmoil in routines and permanent uncertainty is really difficult as someone who's struggling to cope healthily with anxiety and an eating disorder, and my little time in nature each day is the sole source of solace at the moment. I deeply miss and worry about my family and feel terribly sad for everyone facing similar feelings and far worse. I am doing what I can to help, including volunteering, and trying to focus on work, though I feel frequently distracted, unable to focus, despairing, and though I can't concentrate a troubling amount of the time. I feel sorry for the country and world in the long-term as well as the current time. We need each other and connecting only online or by phone feels exhausting and draining too much of the time. I am grateful and feel lucky to have beautiful countryside around me and the ability to walk and run in it. It is one of the few calming presences in my days. I know there are many facing far more awful situations and feel guilty for struggling so much. ","What an unsettling, distracting, and awfully sad time. This lack of any routine or expectation of hope or reprieve in the near future is exhausting. Always thinking and feeling so sad for those worse off. Doing all I can to help, but struggling.",anxiety,7,6,4,7,9,8,2,1,1,1075,212
880,"It now seems to be very real. At the start I thought it would come to nothing ! I am just in a state of shock. It is almost as though I am living in a film. I'm not scared for myself healthwise but the country as a whole. This will have a massive impact on our lives for the foreseeable future. I am deeply concerned about the economy and how it will recover. I cant see how they can lift any of the restrictions without a serious amount of people becoming infected. This will undoubtedly be one of the biggest incidents that has happened in this country in the last 100 years. My main concern is I may lose someone close to me. At the minute there is no one in my family with any worrying symptoms.
","Fear for the future fear of the unknown 
.",sadness,8,1,1,6,6,8,3,3,3,700,148
881,"I feel very fearful and scared about what is happening right now over the corona virus 
The not knowing when or if it will ever be resolved 
I am anxious about when I have to go shopping for provisions that if I am going to be able to get what I need and also catching the virus as I have a vulnerable person at home I care for and if I got it then we would all get it.
I feel anger about China and how I think that they have lied throughout this whole pandemic not only about the virus itself but bout their death toll, I do t see how spain and Italy can have so many deaths but China doesn’t ",I feel anger towards China doe not speaking up about this sooner and that they have clearly lied about their death toll,fear,9,6,6,8,7,8,2,2,7,594,125
882,"I am worried about family members with prior health conditions catching the virus.
I am also anxious about my finances as I am on furlough and I am the main income earner.
I am constantly trying to think of ways to get through the situation financially.
I feel a lot of pressure to do the right thing and make the right choices for my families health and financial future.
All this worry is having an adverse effect on mine and my families mood.
My wife already suffers from depression and I fear the current situation will be very detrimental to her mood and our relationship as a whole.
",Am feeling very anxious about the current situation. Hoping it will be over and back to normal asap.,anxiety,6,3,2,3,5,4,3,4,3,589,114
883,"I really miss everyone, I feel like I really didn’t appreciate simple things like taking train into town, or just seeing my friends. I feel like it was a good lesson for everyone, and of course it’s more than that, what with lots of deaths, but I really hope we come through this stronger. I am getting very bored around the house and I am worried about my education and catching up on my university course. I can’t wait until everything goes back to normal and I know I will appreciate it a lot more. ","Stay strong everyone, we can get through this!",desire,6,7,4,6,6,8,3,5,9,502,104
884,I feel a bit overwhelmed as I am just watching the news come in about the death toll but for the most  part right now I feel relaxed and reassured about the situation. I do feel some frustration because I cant go and do what I'd normally do but I'm happy to be healthy and with my family who are also healthy. Also happy because I've had a productive day despite the circumstances. my feelings fluctuate a lot but in this current moment I feel happy and reassured but a little bit cooped up because the weather is so nice and I cant go and sit on the beach. But I'm happy to stay inside if it keeps me safe and others safe,"I'm grateful for my health, the health of my family and friends and all the hard work the NHS frontline staff and other key workers are putting in to this fight - proud to British rn ",happiness,6,1,1,3,4,2,8,3,1,622,127
885,"i feel apprehensive, anxious, nervous and worried about the current situation. Not for myself but for the older members of my family who may succumb to the virus. Also for my partner who at the moment is working with vulnerable people, she is taking all precautions but nothing is 100% in this world. My heart also goes out to those people working within the NhS AT THIS MOMENT IN TIME. The country is pulling together but there are still people who still do not understand how serious the situation is.",we all need to pull together to help our country overcome this virus,sadness,8,1,1,7,8,9,4,4,1,503,99
886,"I feel the current situation regarding the virus has made me appreciate the things that I have a lot a more. The same also goes for friends and family, as I rely on them for company during these hard times. I'm not personally worried about catching the virus, since I am not in any of the 'high-risk' groups, nor do I go outside and mix with people often; but I do fear for older friends that could potentially be at risk (if they were not self-isolating). Hopefully, with time, the virus' damage will reduce, and I will be able to return to work and see my friends that live a long way from me. ","Thankful for the company that I have at home, and the for the ability to communicate with my friends online during these hard times. I hope everyone stays safe at home.",fear,4,4,3,7,6,6,4,7,4,596,130
887,"I feel a bit conflicted. I am staying inside, but then I have to work in the co-op (2 times a week). But then having to work my normal job. (being deployed to the co-op). So, I take it seriously but then in the co-op I have soo many walking around me not respecting the 2 m distance and it stresses me out. 
but then I think, if they don't take it seriously, maybe i am over worrying? (i know this is not true)
It is also hard, because both my housemates have been furlowed, and I have not and will not will. So it is stressful trying to keep a routine, and my health is deteriating.",you are twats for going out and risking us who have to continue to work. stay home and keep us and yourselves safe.,relaxation,5,3,2,3,3,3,8,7,6,583,138
888,"I feel generally scared about my family. I saw talked to an old friend today and she told me that someone I know has been diagnosed with the virus so it has made it feel very real suddenly, and made me worry more for my mum and her health. I feel annoyed at people who are not following the social distancing guidelines and annoyed at the government for not doing enough. I also feel tired as all this worrying makes me sleepy! It has been a lovely day though so it has encouraged me to have a good walk which lifted my spirits. ",I can’t see how this is ever going to end...,fear,8,3,4,8,7,5,5,4,4,529,109
889,"Worried about my own wellbeing and the wellbeing of my family and friends,
Worried that I cannot go seek medical attention for other issues as I face an increased danger of contracting the virus if I go to these places.
Can't leave the house as I'm severely asthmatic and genuinely feel as though I may die.
Haven't left the house since March 22nd, and I'm worried about how long I will be inside with limited sources for food and supplies.
Worried how my job and the economy will be affected after this.","If I'm going to die, I'd rather be in Disneyland than rotting in this house.",anxiety,8,4,3,9,9,9,1,1,1,504,98
890,"Scared of losing family members. Scared of catching the virus and infecting other family members  Feeling alone as our family unit is isolated from the rest of our family. Anxious as there doesn't seem to be a way that we can get out of the current situation safely. Anxious about vaccination and medication becoming available in a timely manner. Scared for family members going outside, scared of going out myself. In need of dental treatment as I've broken a tooth that I can't get looked at. Fearful of losing my job even though I am currently on furlough","Really wish people would stay at home so we can get the curve flattened. It's not just about you, being out puts everyone else at risk",anxiety,7,3,2,7,8,7,3,2,2,558,105
891,"I'm fairly relaxed personally, as I'm fairly sure that my family and I have already had covid-19.  I am, however,  angry and disgusted with the government handling of the situation.  I believe that political dogma,  incompetence and ineptitude has lead to many unnecessary deaths.  The government has repeatedly dissembled and blatantly lied about its handling of the situation. If we cannot trust the government under these circumstances,  we are approaching a state of fascism.  Furthermore,  individual members of the government repeatedly flout their own rules designed to limit the spread of covid-19.   Our Prime Minister boasted of visiting a hospital where there were covid-19 patients and shaking hands with 'everybody'. This was an act of criminal irresponsibility. ","As the government refused to join the EU procurement,  can we charge them with separate charges of manslaughter for everyone who dies for want of a ventilator? ",anger,6,8,7,4,4,6,5,5,4,776,133
892,"Honestly, the biggest thing I keep feeling is the desire to get back to normality. This situation has ruined my plans for the next year and it feels rather deflating. The time inside not having to work has been nice, but its just getting really repetitive and I honestly can't wait for it to be over! 

The time with friends in the house has been great. With finishing uni we've not seen each other properly for months, so that has been the shining light of this whole experience. We're just trying to make the most of what has been our final year, so I guess it isn't all bad. 

I'm very thankful that my family and friends are all well, so it's just a matter of waiting this out and getting life back on again!",Corona mate. #buggeroff,desire,3,4,1,4,4,5,5,5,9,712,147
893,"I mainly think it's sad how people have lost loved ones and our lives have completely changed. However, I am making the best out of this quarantine and using it as time to be productive. I am worried about catching the virus as I live with a loved one who is in a high risk group, however I am taking social distancing seriously so hopefully we will be fine. I am holding on and riding this out, and really hope that everyone else takes this isolation seriously too so that we can get this over with ASAP.",I just want this situation to resolve,sadness,6,5,4,5,6,6,4,4,3,505,104
894,"I’m concerned about how the rate of deaths is increasing day by day, and it seems that we have not yet reached the peak. This feeling isn’t helped by the fact that I still have to go into work in a large office with many other people, therefore increasing my exposure risk. I’m frustrated by people ignoring the guidelines set out by the government as it’s just going to end up penalising us all. That said, the government could do more to combat this by enforcing stricter rules. I’m also feeling lonely. I would say that I can be quite introverted and do enjoy time to myself at home, and I don’t much like physical contact from friends or family. But this is often the way because it’s what I decide and being told that I can’t just pop round my friend’s for a cup of tea, or hug my parents is quite isolating.","Stay inside, stay safe, and this madness will pass and we can live our lives to the fullest again ",relaxation,4,2,1,1,1,1,7,8,3,813,166
895,The whole Coronavirus situation is very scary. I think the government are doing a decent job at keeping us informed and could possibly have done more at the beginning but that slowly we may be getting there. However I am loath to go outside for fear of catching or passing on the disease and am wary of when it will all end. I am mentally prepared to have to work from home for at least 12 weeks but wonder whether that is too optimistic. I fear any of my family getting the disease and hope that a cure is found sooner rather than later.,Anxious and fearful but relying on government to get us through. Big up for the NHS and all other key workers who surely deserve a MASSIVE pay rise after all this. We are in it together so stay strong.,anxiety,8,1,1,8,8,7,1,1,1,538,109
896,I feel anxious constantly but it’s in the background. Today has felt better because I’m not at work so it’s not been at the forefront of my mind. If I think about it I can’t quite get my head around it all. I feel scared that it’s going to get or that someone I know could get it. Initially I wasn’t too worried but now people are dying and it scares me to think someone I know could actually die from this. It’s just so surreal and unbelievable. I work in a hospital so I hear about the realities of the situation. This doesn’t help my anxiety but at the same time I want more information,"How is this our reality? When will it be over and how do we move on once it is? Anxiety is a permanent in my life now, I miss my family and friends. I miss my freedom. ",sadness,7,2,1,6,7,8,5,3,1,590,123
897,"I think it is largely overblown. While it is a highly infectious virus and has bought forth fatalities, I fail to see why it is being treated so seriously. I think the reaction from the public and government officials is too much, for something that will likely disappear in 3-4 months by itself. Thus, I'm quite relaxed about it, but for the most part simply don't care. Of course, I could be proven wrong in the future, but based on the statistics currently available, I don't think it is that series for me. For the elderly however, or those with pre-existing conditions, it is of course much more likely to lead to fatality, and for them I recommend staying at home until this crisis is over.","I don't understand why this coronavirus situation has been such a big deal to everyone. Hording food and toilet paper is just ridiculous and quite frankly wrong. This pandemic will pass, just like the pandemics that came before it - and the pandemics that will come after it. ",relaxation,3,1,1,1,1,1,1,4,1,696,142
898,"I am not feeling anything major with respect to the Coronavirus situation. I am following government advice and staying at home and I believe that's all I can do. I do not necessarily feel anxiety due to the virus.  

I heard yesterday that one of my family friends' wife sadly passed away due to Coronavirus yesterday, and that made this pandemic feel real. I was taking it seriously, to begin with, but having it happen to someone you more or less know is frightening but it has not effected my mental state that much. I feel like if it happens, then it happens.","#coronavirus is real people so stay safe! Stay indoors, do not put yourself or others at risk. Stay safe. 

I feel saddened to hear the news of the deceased due to the virus. ",relaxation,5,1,1,1,3,2,2,5,4,564,114
899,"I'm enraged by the government's mis-management of the testing that's needed.  We don't need an antibody test right now, we need to be testing for the antigen.  NHS staff first, patients second, key workers third, and nowhere on that list is politicians.  Nowhere.

I'm enraged by the promise of 100,000 tests a month for a test that doesn't exist in any meaningful way.

I'm enraged by the government's inability to tell the truth about the supply about ventilators, or to actually use the UK firms that could have started manufacturing them weeks ago but didn't because the government wasn't interested.

I'm frightened of my 73 year old partner getting the illness and dying.  He's in excellent health, but he's 73.  I'm a bit concerned that as a 63 year old getting it wouldn't be pleasant for me, but not as worried as I am about my partner's age.  

But mostly this evening while doing this survey I'm relaxed and very pleasantly tired. I've done a bit of cooking today, played tetris with the freezers, done a bit of gardening, fixed a couple of things, done a bit of voluntary remote working, walked the dog and had a thoroughly satisfying day.  I have no other concerns in the world, and as a result I'm very conscious that I'm in a privilged tiny, tiny, tiny minority and a very lucky woman.  I hate to admit it, but Lockdown seems very peaceful to me, with loud birdsong and no traffic.   ","Johnson is either ill enough to be in hospital and therefore not able to run the country, or he's malingering and stealing resources from the NHS.  I have zero confidence in him or Matt Hancock-it-up to bring us through this pandemic without unnecessary deaths.",relaxation,3,2,1,1,1,4,5,9,1,1399,277
900,"I feel frustrated that there are still people not self isolating and not taking it seriously. I feel like there should be consequences for people who are still attending large gatherings and putting others at risk. I do not want to be in isolation for longer because others cannot follow instruction and stay at home. My grandparents are very old and so I cannot see them, I miss my friends and this is the longest I have been away from my boyfriend in three years. I'm scared that the people I love will get sick, my mum is a key worker so cannot stay at home so others that can should be doing there part.","Don't be selfish, stay at home, minimize the spread. ",anxiety,8,7,6,7,9,5,2,1,1,607,122
901,Boris has been taken to ICU so I feel apprehensive about that and I feel confused about how I’m supposed to feel and what I’m supposed to do during this time. I miss going to see my family and my birthday plans have been cancelled which I’m finding difficult. I am trying to use this time off to rest and recuperate but I’m finding it all so surreal and I feel like my mind is constantly racing - I don’t sleep later than 6.30/7am any more which I hate. My heart breaks for all those NHS workers who have been underfunded for so many years,I can’t stop thinking about how the world is never gonna be the same again after this is all over,anxiety,7,7,5,7,8,8,6,5,3,540,110
902,"I dont feel worry enough to come close to panic. I do feel slightly worried for the wealth of people i know, mostly the  ones who are older. I also feel slightly worried with my financial situation, now and in the future. I dont have many strong feelings to what the corona virus has done to the current lifstyle so far, not as much as i have regarding the future after the virus.
That all that i feel about it at this moment.
                                                                                                                                     ",This are wierd times.,relaxation,7,1,1,3,3,2,5,6,5,560,91
903,"It’s annoying that some people like myself are going into their fourth week of lockdown whereas others who haven’t taken it seriously are going onto the second week. It’s sad to see that there’s still many people not taking government advise. The uncertainty of when this will all end is awful as well when can normal life begin again. The uncertainty of unknowing when I will be able to pay for bills and direct debits without rationing my last of my wages. It’s hard to keep yourself occupied during this time as well when you’re in an unhappy household, avoiding family members and really being stuck to your bedroom. ","I wish people would stay home and safe, listen to the advise! 
A big thank you with all my heart to all the key workers during this unprecedented time! #staysafe#savethenhs#stayhone",sadness,7,7,7,8,7,9,2,1,2,621,115
904,"I'm anxious for myself and my family.  I worry that if one were to contract this they or I would be all alone with no one around us for support and comfort. 

I'm angry that this was allowed to happen.  I feel better measures should have been put in place to prevent this.  

I worry that if/when things 'get back to normal' that it could happen again!  

Being at home all the time is becoming difficult.  My 7 year old son hasn't left the house for a few weeks now and I feel for him not being able to go to school, see his friends and play.  ","We can all help to reduce the spread of this virus.  Don't be selfish, think of others and stay at home.  ",anxiety,8,7,6,7,8,7,4,5,2,545,119
905,"Just worried about the future. There's so much uncertainty about my health, my family's health and our financial state that we just want it all to stop and go back to normal. That's the key to the situation, normality. Adapting to new ways of living (e.g. staying at home all the time and working from home without getting out) is proving to be increasingly difficult day by day. It's hard staying shut all day without getting any fresh air. I just want life to go back to the way it was where I could come and go as I please and go out and play sports/see friends/go out to eat etc.",Feeling uncertain about the situation. Just want things to go back to normal!,anxiety,6,1,1,5,6,4,5,3,1,583,126
906,At this moment in time I feel very worried about how bad its going to get in the UK as we still have not hit our peak. Myself and my 2 siblings all have a lung condition so its even more scary for us and potentially life threatening for us if we catch it. We are fully self isolating and not going outside at this time and a lot of my friends and family are the same which is encouraging that their following the government guidelines. It angers me when I see people on the news or social media who are ignoring the advice.,"Worried, stressed, bored & a lot of anxiety with being in full isolation but if everyone does the same then hopefully we can #Stayhome #Savelives #ProtecttheNHS",anxiety,8,3,1,8,9,7,3,2,2,523,108
907,I feel extremely anxious about the situation and when it will end. I am worried about my elderly parents getting sick. I am worried I might stop getting paid the longer the situation lasts. I was in the middle of buying a house before lockdown and now I have no idea what will happen with that. It makes me worry about where my life is heading. I’m not in control of it now and it’s future is being changed because of a virus. I worry about the front line workers getting sick when they have no choice but to do their jobs; I have several friends who are medics. I am grateful for all the work they and other emergency workers are doing right now to help us all.,I am scared. I am worried. I am stressed. I am grateful to everyone who is working hard to get us through this.,anxiety,8,7,2,8,9,7,1,1,1,663,138
908,I am quite anxious at the moment as I have a partner living with me who is fairly high risk and I am scared I will pass the virus on to her as I have to go out for shopping and essentials. I have noted that quite a number of people are not observing the social distancing guidelines whilst I have been out for essentials and this leads me to becoming angry towards them. On a more positive note I have found the time stuck at home productive as I am able to catch up with things around the house and personally which I wasn’t able to previously due to a busy lifestyle with work.,"Please stay at home, observe the social distancing rules. Save lives and help the NHS! ",anxiety,6,2,2,4,6,7,3,3,6,579,118
909,"I feel frustrated and tired from being stuck inside. I miss seeing my friends and socialising. Prior to COVID-19, I was in a difficult situation in my life and my few releases were social events and sports. Now, this has been taken away, I have had to adjust, which has been a very difficult task. I keep up to date with my friends via social media and we try to entertain ourselves with online quizzes and films. I usually watch a tv series and film a day to pass the time. This can be very tedious and rather boring.",Corona Virus is very life threatening and harming to man kind. Please be kind and stay inside.,anxiety,7,3,4,7,8,9,2,1,1,518,110
910,"I feel anxious for myself and my family. The knowledge that this will go on indefinitely and relationships and approaches to life will now be changed forever make me sad. I try to be upbeat for my kids but it’s difficult when I don’t have answers for them. 

I worry that the hospitalisation Of the prime minister will instigate panic amongst people and I already try to avoid social media as it makes me more anxious. 

I miss being able to see friends and family easily and the simple pleasures of picnics in the park with my kids, being stupid know a flat with no outside space ","Super anxious at the moment, everyone needs to #stayhome so that we can get through this lockdown and keep friends and family safe ",anxiety,8,2,3,7,8,5,3,3,3,581,112
911,"It’s very worrying as you don’t know how long this is going to go on for, we think my grandad may have Covid-19 and also has COPD so we’re very worried for him. My children are bored and it’s causing a lot of strain at home so I’m feeling very stressed and I’m also 5 months pregnant so I’m worried about what this means for me when I have to give birth in August, I would like to have a home birth if covid-19 is still going around but at this moment in time my understanding is that they have put a stop to this due to staff shortage, I’m worried about not being about to have my partner and my mum there as I know I couldn’t do it without my mum. ",I’m upset about the fact that some people aren’t taking this seriously and this is going to go on for a lot longer than we would hope for. Im scared for my children’s health and the health of my older family. I hope this goes away very soon,anxiety,7,6,2,7,8,6,5,4,2,650,138
912,"I've tried to avoid the news due to having no interested in watching the death toll increase, but keep up with breaking news with alerts on my phone. I am currently self isolating and only leaving the house for essential journeys so I feel relatively safe from the virus, but I can't help but feel a little anxiety thanks to a major change in lifestyle that isolation requires and worrying about elderly family members that are high risk and struggling to come to terms with the governments requests to stay indoors - their routines have been ripped apart.  ","Trying not to follow the news too closely, beyond breaking news. The lifestyle change that is required is anxiety inducing enough.",anxiety,7,4,4,6,6,5,5,5,3,558,102
913,"It’s annoying being stuck at home, but if it helps the situation and protects me and my family then it is well worth it.  I just wish that everyone would adhere to the social distancing and lockdown rules so that they don’t spoil it for everyone else and potentially aid the spread of the virus. I do love the way the country comes together at times like this though, a community spirit comes out of the closet that has disappeared in many parts, the support for the NHS and been immense and the clap on a Thursday night is something that brings a tear to my eye, a nation brought together, unfortunately by this wretched virus. Try Covid-19, but you will not defeat this great British nation.","Bored, annoyed, fed up, anxious.
But still not giving up the fight against this bloody virus.
Stay safe, stay at home!",anxiety,6,2,6,4,6,2,6,6,5,693,137
914,"My main concern is the long term economic impact of the virus. This is because I will be graduating university at the time where I feel the economic effect will be the most visible and I am scared that I will not be able to find a job. 
Secondly I am concerned about my boyfriend as his dad is showing cover symptoms. He is isolating with him and his sisters. 
My third concern is the health of the doctors and nurses. I feel like if I was to get sick now I would not be treated for anything but coronavirus. ",Very confused how some people still don't act on the government advice on social distancing. Not all of us want to stay in lockdown forever....,anxiety,8,3,2,7,9,7,2,4,9,509,106
915,"We are fortunate to be able to stay home at the moment and to have had food deliveries. This means the only time we leave the house is for medicine or to exercise. Therefore, we feel content for the time being. However, knowing what the situation is like is making me feel anxious about those I know and love. My parents are still having to go to work and work with vulnerable adults. Also, hearing the stories on the news makes me feel sad. Most of all, there is pride in how our NHS workers are coping with the hand they've been dealt and the stories of how they are saving lives makes me feel hopeful. ","Stay home, save lives. ",anxiety,6,5,6,8,9,8,1,6,1,605,127
916,"I feel very anxious and concerned about coronavirus, in terms of the impact it is having on peoples' health and mortality in my country, whether it might impact my family and loved ones in a similar way and also anxiety at the lockdown and sudden restrictions that have been placed on our every day life. I find it very difficult to explain to my children why we are unable to go out and do the things we usually do but, as a positive, I am very proud of their resilience and how adaptable they have been to this situation. It feels difficult to see the light at the end of the tunnel but I do believe this will pass eventually and we will look back on this time as being awful but that we got through it. ",Another difficult day with more bad news and lockdown... waiting for that rainbow to appear after the storm has passed.,anxiety,7,4,3,7,8,6,2,1,1,706,145
917,"Nervous about mine and my families health.

Angry at people flaunting the """"""""""""""""lockdown"""""""""""""""",just so they can be selfish.

Also Anger at how the British Government have been very slow in making any attempt to halt the spread of the virus.

Dishust at the media for how they are acring throughout this Pandemic,certain outlets seem to be trying to goad the public into hysteria,which does nobody any good and just causes more fear and anger.

Nothing more to add,why the need for a 500 minimum?


zzzzzzzzzzzzzzzzzzzzzzzzzzzzzzzzzzzzzzzzzzzzzzzzzzzzzzzzzzzzzzzzzzzzzzzzzzzzzzzzzzzzzzzzzzzzzzzzzzzzzzzzzzzzzzzzzzzzzzzzzzzzzzzzzzzzzzzzzzzzzzzzzzzzzzzzz",I wouldn't. Twitter is a cesspool of idiots.,anxiety,7,6,6,3,8,6,1,2,1,643,102
918,"I am angry that the government has taken too long to act, and that nearly 5000 people are dead because of them. Too many people are struggling for money due to lack of work, and this is further proof that universal credit is a failed system, and does not work in the interests of the needy. I feel afraid to catch coronavirus because of my underlying health conditions, and I am also angry at the government for underfunding and gutting the NHS for over a decade. I am angry at the government at the best of times, but their handling of this situation has only furthered this.","Almost 5,000 deaths from #covid19 proves the conservative government are not fit to be in charge of the country #toriesout",anxiety,6,5,6,7,8,7,2,4,1,576,116
919,"Scared and worried for my children
Annoyed now one is listening and still goes out to socialise
Missing my family like crazy talking on the phone just ain't the same 
Confused with everything going on as someone said one thing and others say another
Trying to stay off social media as that makes things 10 times worse than what it is.
Wondering when everything can return to normal as my daughter is missing school and her friends.

Would like it if someone could explain everything to me in a non scary way as everything I'm reading and seeing and hearing makes me feel even more scared and my anxiety is through the roof  ",Guys start listening stay inside I miss my family and want to see them sometime this year!! Don't be selfish and help the nhs stay inside,anxiety,7,6,3,6,9,2,4,3,2,624,115
920,"I think that the British Government acted very slow to the realisation that COVID19 was such a big problem. I think the UK could have nipped it in the bud and done something sooner rather than strain the NHS so much as it is now. 
I feel anxious about who could get it and anxious for my parents who are over 60 and have previously had pneumonia. It frustrates me about the people who do leave the house and don't take social distancing into consideration. when i graduate i hope to work in the NHS and from what i know already, working in healthcare is already so difficult, let along at this really hard time.",BoJo did too much too late...buggered the NHS and buggered our future.,anxiety,7,5,6,7,8,6,4,3,7,611,122
921,"It is a concern to me but I feel like our family is doing its best to keep itself safe, and the virus has not yet directly affected anyone particularly close to me, nor is it particularly widespread (or at least known to be) in my area. It seems like in several countries that a corner has been turned, and although we are a little behind in the UK, it is encouraging to see a light at the end of the tunnel. However, we are all feeling fairly stir-crazy having been stuck in our house for so long, especially as we are used to being very active and going out and about.","Staying at home and keeping our chin up. Take care everyone, we can get through this!",relaxation,4,1,1,1,2,1,7,8,4,570,123
922,"At first I was watching the news thinking wow this is some disease spreading across china, then when it started to move to Europe I took more notice. When it hit the UK i became scared, but when the advice to stay at home was given that was frightening.

I feel anxious and nervous for the rest of my family hoping they stay safe and well and I miss seeing them, and i hate that my sister lives so close but I can go and see her. I am not angry because I feel the government have done as much as they can to help keep us safe. I wish more people would take notice of the advice.

I try to watch the news just once per day now, because it can become overwhelming","Covid-19 has changed our way of life, possibly forever. I will never ever take for granted, a simple hug from someone I love #StaySafe",anxiety,9,1,1,6,9,5,5,3,1,661,143
923,"There is nothing I can do (apart from follow advice) so I cannot control things are outwith my control so do not worry about this.
I am still optimistic.
I worry about the future regarding government controls on people;s freedom being in place after the lockdown . 
I wish I could do more (out and about).
I feel disappointed that the Government has not done more to pre-empt this crisis.  
I am worried about my mother who is in the high risk category.
I am OK working from home
I am disappointed with the media as they do not carry any more stories other than virus news.","BoJo et al. it's time to get your finger out.  Test, test and re-test. #UKGovdoesntgiveashit",relaxation,3,2,1,3,1,1,4,6,3,573,119
924,"very sad and fear for the future. People need to say at home to avoid catching this further. 
People need to listen and follow the rules.
Very uspet for people who have had this, there needs to be a cure to aviod this spreading further and  further all over the world.
The government need to be honest in this situation and lockdown should of been last month. this has meant this has spread. All scientists need to work together to solve this problem.
The media needs to stop spreading panic in the world. They created panic buying.
",stay at home to save lives to the world,sadness,2,4,4,2,3,2,2,3,1,533,107
925,"Really scare situation. I am worried about my family my loved ones. I feel what if something goes wrong. I really want to do something to help everyone  in this situation. I don't want anyone to die anymore. Really want to see the change as quick as possible. I Hope the government helps the poor people, to get their jobs back and everything goes normal again. There are certain group of people not talking this serious and roaming around and spreading and passing  the virus to everyone . This people should be punished and not given any medical treatment if they get the infection. They not worried about their loved ones or care about them then why should they be given any treatment. This is fun time for them they don't care about our NHS and all the worker who is working hard to get back to normal but because of this few people everyone will suffer. God bless our country.","Stay home stay safe Save NHS.Follow government advice it's for you, your family your loved ones, your country.Staying home will save our NHS and our country. For the sake of our country please stay home.Simple as it is or get ready for the consequences and spoil your future .",fear,9,8,7,9,7,9,1,1,1,881,173
926,"I feel increasingly concerned around the current situation and have been going to check the news everyday, something I did not do prior. It is also making me change my situation by needing to ration food and other items. This has also caused a drastic change in my college work, and has caused massive disruptions which is worrying me for my results later in the year and additionally how progressing onto a university degree is going to affect me in the future. I am facing a general increase in worry for what is next and not only that but for my surrounding family members, some of which are elderly and have health conditions however I am trying to take it day be day and trying to remain calm, however that thought of worry is always pondering in my mind. ","Trying to take it day by day, still increasingly worried but trying to stay calm and take things as they come.",relaxation,4,3,2,7,6,4,2,6,3,761,147
928,"My husband has just been out to get essential food which made me anxious of him going out of the house. Other than that I feel relaxed when we are all in the house and I know we are doing the right thing by staying in.

I get angry when I read on social media about people meeting up and going out. And sadness for the many many people that have lost their lives. 

I get annoyed when I watch the press conference as the journalists seem to be asking the same questions over and over. I wish they would think harder over the questions they are asking as they are getting repetitive now.",How annoying was the press conference this evening. Why do the journalists seem to be asking the same questions over and over,anxiety,8,4,3,8,8,5,4,5,2,586,120
929,"Worrying tImes as cannot see family. Some famIly members do not have the Internet and therefore are stranded and unable to keep in touch.
Scared of losing not only elderly family but also any family member or friend.  This is taking so many lives.
Anxiety is sky high. Currently working from home but fearful of even leaving the house.  Scared of going near people, or people even getting close. Afraid of touching anything outside the house.  Neighbours have been amazing by going shopping for us, but even the fear of cleaning the food packaging is hitting me, not knowing how many people have actually touched the packaging. 
 Fearing loss of job and money. 
Everybody fearful of current situation. ",Stressed beyond belief. Unable to see what is affecting people and which people are actually affected. If you could see this you would stay away. Devastating at how many lives have been lost. Hopefully this will all be over soon and normality begins again for everyone.,anxiety,7,4,5,7,7,6,3,2,2,702,132
930,"I am unlikely (although not certain) to be greatly affected individually given my demographic.

 I am annoyed, disgusted and angered with the British government's response (or lack of) to the pandemic and the herd immunity idea was particularly callous and disgraceful. Thousands of deaths could have been avoided given the time they had to prepare for this and they have blood on their hands.

I'm quite content to stay indoors to avoid the spread of the virus and the vast majority of people are doing the right thing.","Thousands have people have died because of this government. Hold them to account once this is all over. At the moment, stay indoors and do your bit to support our NHS. The sooner we act the sooner it'll be over.",relaxation,4,3,3,1,1,2,5,8,3,520,97
931,"I'm angry because we are being lied to there is no Covid-19.  5G is dangerous ask Lloyds of London they won't insure 5G. This is a globalist conspiracy against the people of the world. 
Vitamin C will cure most if not all of the so called Corona virus cases go to www.doctoryourself.com and read about vitamin C intravenous, intramuscular and oral applications. Read the dosage information it works I stopped bleeding from my bladder in around four hours using Vitamin C when antibiotics take 36-42 hours to do the same thing. Vitamin C would help the underlying ailments of Corona virus cases.  I'm sick of being lied to by the politicians, corrupt scientists like Neil Ferguson looking for funding etc - who should be jailed - big pharma, idiot economists, the bank of England, the Federal Reserve, the list goes on. There is no pandemic just a massive lie.  The BBC shows coffins/body bags but not the contents and no proof of cause of death.  There are many ailments that cause our cells to excrete exosomes that cause us to feel unwell as our bodies remove them. No virus jumped from a bat to a human. Wahun was blanketed in 5G antenna. Go and read Arthur Firstenberg's book the 'Invisible Rainbow' about the effects of increases in electrical radiation on the cells of the human body - it takes six months for the damage to manifest itself and for people to become sick - it's not a virus!",We are being lied to there is no Covid-19.  Corona virus lives in us all it's what causes the common cold. Neil Ferguson and Imperial College must be jailed immediately. The banks are in on the scam. Vaccine is a hoax it isn't needed. 5G not safe Lloyds of London won't insure it.,anger,1,9,9,9,9,9,5,3,9,1395,271
932,"The corona situation has made me realise how unfair the system in the UK is. From cleaners and other small workers in stadiums having to take a pay cut whilst footballers earn much than their annual in one week, to NHS workers having a shortage of test kits for the staff as well as the general public yet celebrities are testing 24/7 as if it is nothing. The sense of priorities within this country is highly unethical as it does not care about the majority but rather than the happiness of an elite minority. ",Enlightened me about how horrible an pandemic is handled and the elite being treated more human than others.,anxiety,7,7,8,6,8,4,2,2,5,511,100
933,"I am anxious about what the future holds, and worried about family members becoming ill. I miss my family and friends and I find it difficult not knowing when I will see them again. I don’t feel in control of the situation and I worry about how my job will change as I work in the NHS. I am trying to stay positive and take things day by day, and not reading too many news articles. I am at home with my young family and I am enjoying spending quality time with my husband and children.
I worry that the government may not have control of the situation and there will be many more deaths. I also am angry at people who are not talk n the situation seriously and endangering others.",How long will this go on for? It makes you realise the important things in life - I can’t wait to see my family and friends again xx,anxiety,7,5,1,6,8,6,5,4,2,681,141
934,"My general anxiety (which is always a bit heightened) has been quite high lately, making me worry more about family and friends and my own health,but it also plays out in other areas of my life - I have trouble making decisions. I struggle to focus working from home when I can't go out and distract myself. I miss human contact and I cannot go and see my family in Germany. At the same time I feel relieved to be forced into a slower pace where I have time to dedicate myself to my hobbies and things i have been putting off. ","If we all stick together, at a distance, we can make it through and come out stronger! ",anxiety,7,4,4,6,8,7,5,5,8,527,111
935,"I am aware of the severity of the situation and I am worried for my family and friends who may contract the virus and be negatively affected whether financially, mentally etc. . However, I am enjoying being furloughed from work and being able to take time for myself, even if it is making me slightly anxious about my financial situation. It is showing me and others what the important things are in life and it's changing my mindset on how I'll use my free time in the future. But it is frustrating to me that I can't do a lot of the things I want to do like leave the house when I want to. ","It is frustrating to me that others aren't taking this situation seriously, considering how severe the situation is.",relaxation,5,2,1,2,2,3,6,7,2,592,122
936,"I don't like being in lockdown, I feel quite trapped and it is causing my anxiety and depression to flare up. I also don't like that I can't always buy the food I need, being on a budget I have to stick to the cheaper options and am unable to buy the alternatives. I find people have been very selfish in panic buying when there really was no need for it as we can all still go to the shops. 

Being in a small flat isn't helping how I feel either and I miss my family, especially as my nan is getting very depressed and has all but given up and needs to see me.","Feeling panicked, fearful and anxious, stay inside and get this lockdown over with ASAP",anxiety,6,2,2,6,7,4,5,4,3,562,122
937,feel quite worried how it will affect me and family now .  then what the next few months will be like . how we will all cope  is worrying. will i be still in a job . what will finances be like in a few months it is all a worry when you have a family to look after and elderly relatives. no one knows how long this is going to last and it is worldwide which is quite scarey if a vaccine becomes available things will not feel so bad and people will see light at the end of a dark tunnel. it is a strange virus as it effects everyone.,strangely scarey  isolating times but noing that to be safe we have to distance from the ones we love hat you coronavirus,anxiety,6,3,3,3,4,3,6,5,5,533,116
938,"There is a slight touch of anger in terms of the carelessness that gave the virus the opportunity to reach humans in the first place and then the cover up by the Chinese government but there is an overwhelming feeling of sadness for all the devastation it is causing in terms of lives lost and financial impact to individuals.

Furthermore, there is a bit of anxiety and fear in terms of how it will impact me and my family as my wife is a frontline doctor. Personally, I am working from home so it has been a bit of a break for me from my hectic schedule and a chance to recuperate but also missing on certain things that were taken for granted previously.",A bit anxious and fearful for my family and friends in particular my wife who is a doctor. Feeling sad for all the lives lost and all the people it has impacted in other ways e.g. financially. Also feeling a bit tied up at home given I normally was leading a very enegertic life.,sadness,7,6,7,6,6,9,5,6,6,657,129
939,"Regarding the Coronavirus situation, I am feeling moderately anxious which seems to increase with the continued lockdown in the United Kingdom.

I feel that my anxiety is related to the impact the virus will have on society in general, the economy, my income and the health and livelihood of people around me, and in particular people who are more vulnerable.

I think that governments are starting to act more tactfully in combatting the virus and its wider effect on society and to communicate clearer messages and information to the public. However I strongly believe that the UK government did not respond efficiently to the virus' initial breakout.

At the same time I am feeling optimistic that the situation will improve relatively soon and that life should start to return to normal quicker than expected.",Keep calm and stay at home. This is only temporary and will help save lives and combat the virus.,anxiety,7,3,2,6,7,8,5,5,3,813,144
940,"i feel worried about my future, i dont know whats going to happen and when. the uncertainty makes me anxious. i also miss my friends and girlfriend which makes me sad. spending this much time at home is bad for my mental health. i want things to get better. i really feel for the people who are struggling during this time, with or without hte virus. its a terrible crisis and i hope it ends soon. im hoping it starts to get better but its hard to tell. i think it is meant to get worse before it gets better which is hard to process and im worried about that","i am sad for everyone, no one is winning. its important to come together. i miss my loved ones, but im hopeful for the future and we can get through it together.",sadness,6,4,2,5,7,7,2,5,3,559,120
941,I feel anxious as I’m not sure why each day will hold everyday it gets worse progressively and I’m not sure how long the situation in quarantine will last which makes me feel uneasy. I did have plans to start a new job swim but unfortunately this has been put On hold which also adds to my uncertainty. I also feel as though the government is not dealing with the situation very well but I also understand that each day they are also learning about the virus each day also. I also miss social environments including work and catching up with friends. My fitness has also been  affected as I did enjoy going to the gym which I am no longer able to,Over the Rona when will she rest,anxiety,6,3,1,4,7,7,5,3,2,647,127
942,"I am worried about the safety of my family as I am not able to be with them, especially my vulnerable father. I am also a key worker and worried about getting sick myself, as it seems young healthy people are not safe from serious illness. I also worry now the prime minister is in intensive care that the morale in the country will be even lower, and am anxious about what would happen if he were to pass away. I am angry at people who continue to flout the rules and sunbathe and meet friends, and do not understand why these rules are important.","very anxious for my health and that of my family, especially since some people care more about their need for green space than the need to keep people safe. Healthcare workers are dying for us, all we have to do is stay in for a few months, it's not a lot to ask.",anxiety,8,5,2,7,9,7,2,2,1,548,113
943,"I feel ok really, the numbers of people dying seem to be coming down. 
City’s and big town’s obviously have the most infected. 
I don’t know anyone personally who has been tested and has the virus. 
I do think the country might wasn’t really quick enough to lock down as it was obvious what was happening in other countries. Air travel should be halted completely unless it’s for medical supplies/ Curriers.
Lessons need to be learnt for the future stockpile PPE, etc etc NHS needs major funding and a huge shakeup of management. ","Kids are driving me crazy,My Gin is getting low, eating out of house and home, hope this lock down doesn’t last forever!! ",relaxation,4,2,2,3,4,2,6,8,2,530,102
944,"I’m frustrated and sad that we’re locked down and can’t see family and partners. I’m tired of working from home and stressed out at my job as a social worker because I feel I can’t do my job properly. 
I’m constantly worried about my family, especially my elderly grandparents. I’m annoyed my holidays have been cancelled. 
I’m furious at whoever started this pandemic and I’m confused as to how it started. 
I’ve got constant headaches and nausea over this situation and frustrated that some world leaders are not doing enough to protect people. I’m absolutely furious at the idiots that are still going out like there isn’t a lock down because they are stupid and selfish!","So stressed out about this a Covid! I can’t see my partner, my family, my friends, holidays are cancelled and boredom has set in ",sadness,9,8,8,9,9,9,5,2,1,674,124
945,"I think not enough was done at the beginning because people weren't aware of how bad it would get. More testing and contact tracing needs done to be able to know where the virus is. 
It's annoying because people aren't following the rules to stay at home and not see people who aren't in their household.
I cant see my boyfriend and rest of my family for who knows how long and loads of people are still out acting as if everything is normal.

There is a constant flow of news about the whole situation which has been giving me some anxiety so i've been trying to not look at the stream of news and information throughout the day and its helping.

I am classed as a key worker and have been provided with some protective gear but the people i work with aren't bothered about wearing it.",Everyone stay at home and follow the governments advice and guidelines so we can get this under control and lockdown wont be lasting months on end,anxiety,6,2,1,2,6,3,4,3,3,786,154
946,I am feeling particularly anxious at the present moment at the prospect of having to shop for groceries tomorrow. I have tried to get an online delivery and can't and that is frustrating. I have chronic health challenges and don't feel good about going into a store around more people than I have been around in a fortnight. It is scary and intimidating. I don't like shopping in store at the best of times and this feels intense. I resent the people panic buying and making everything so much harder than it needs to be.,"I don't want to go to the supermarket but I can't get a delivery and with three adults in the household and dwindling food supplies, my hand is being forced. I am genuinely afraid and uncomfortable at the prospect.",anxiety,7,2,2,3,8,2,5,4,1,521,101
947,"I feel scared and anxious about what is going to happen of the next couple of, weeks even month. The unknown is worrying to me. I feel angry towards the people who are not listening to the government ruled as they are selfish. I am extremely thankful for the NHS for helping everyone who needs it in this awful time. Being a key worker myself, going to work (in a nursery) makes me anxious as I don’t know what germs I’m coming in contact with, no matter how much I was my hands and use the appropriate PPE.","I am scared of what is happening at the moment, why is there people not listening to the government? You are completely selfish and need to start following the social distancing and staying at home rules to stop the spread of Covid19, and to support the NHS to protect them too",anxiety,9,5,2,9,9,8,2,2,2,507,108
948,"I feel quite worried because my mum would be considered falling under the category of at risk. I myself would too as I have asthma however, I am more concerned for her than myself. I therefore will be working from home for at least twelve weeks regardless of lockdown rules which I do not mind so much but as someone that struggles with mental health issues and lives in a small flat, I am concerned that in perhaps a months time my mood will decline significantly. The sense of community I have seen online and on the news is encouraging and welcoming however, and gives me slightly more hope in a more loving, caring society after the severity of this situation calms down.","The current situation is one that is worrying mainly because it exposes the biological frailty of human beings and worrying ethically because it tests the foundations of society. It is an extremely sad event in human history and one which I hope at least, teaches humanity lessons",sadness,7,6,3,7,6,8,1,4,2,675,131
949,"I am concerned about those with underlying health conditions and the strain on the NHS at present. I feel that not enough is being done to enforce social distancing and some members of the public are ignoring the rules which makes me feel angry. I am worried that it will take a long time for the economy to recover from this and will lead us into terrible debt and the loss of many businesses to enter into administration. At present, it has taught me how fragile our infrastructure is in the UK and that it could happen again at any time with more viruses.
",It is a worrying time for all. Do as the government advises and help to save more lives. We don't know how long this will go on for if not.,anxiety,6,2,1,4,6,3,4,3,2,559,109
950,"I feel quite relaxed and secure regarding my personal situation but my anxiety stems from my partner losing his job as the company he works for has filed for bankruptcy and also I feel that there is a minority of people who are not paying enough attention to the social distancing recommendations and staying at home unless it is essential they leave their homes.
Also at the moment, no one in my close family or friends has suffered any severe effects of Coronavirus so I do not (yet) feel personally affected by it.  I am doing all I can though to socially distance myself from everyone outside of my household which only includes myself and my partner.",Could not be more grateful to all of the NHS and frontline staff and key workers keeping our country going through this troubling time.  Please #stayhome #staysafe,anxiety,6,2,2,2,5,2,3,4,1,655,123
951,"I’m feeling very restless with no energy to do anything but mentally feeling geared up to wanting to get back to normal and feeling trapped that I can’t. I’m upset that I can’t go to work, I feel very distant from everyone as I’m not so good at talking through text and phone calls, the way I’m better a socialising is to be around people face to face. I feel very anxious when I go to the shop. I’m worried about what the future holds and how long it will go on. I’m feeling very lonely not being able to see my boyfriend, this is causing tension and problems which is adding onto the anxiety. I’m worrying about my job and how busy they will be and how the people I help will be having a harder time to speak to someone. ","After the worst start to a year I’ve ever had, I was told things can’t possibly get any worse. Enter: COVID-19. ",anxiety,6,3,1,6,9,7,2,2,3,723,151
952,"I am angry and disgusted about people who don’t adhere to the rules and don’t seem to care. I’m fearful about my mum who has to work on the frontline as a medical professional (I would rather she was at home). Everything makes me feel more anxious than usual, in particular the sound of emergency service sirens makes me very uncomfortable and I don’t know why. I’m still working (from home) but struggling to focus. Sadness is high for me, mainly in the economic side, I keep worrying how many suicides coronavirus will cause due to economic impact and it makes me very sad, also who gives spare change now to the homeless? That is very sad I think ",#hottake People that disregard social distancing rules should be disqualified from any government monetary help,sadness,9,3,8,7,7,9,4,3,3,650,132
953,"I am anxious about not knowing when I will able to see my family and friends next especially as its getting boring having been in the house all the time. Moreover, I am frustrated that having invested emotionally and financially into going into the travel industry just before the virus struck its going to be a long time before I see any sort of benefits materialise. Furthermore, I miss watching sport a great deal as its a release from the norm of life and so cannot wait for that to return which will mean hopefully normality is on its way as well. ",Would do anything to be able to go and have a pint with my mates in a beer garden right now and watch live sport in the sun #frustrated #missbeerandsport #stayathome #wewillgethroughthistogether,anxiety,7,4,6,7,9,7,1,1,2,553,107
954,I have not watched or read the news today for the first time in around  two weeks so that’s most likely why I’m feeling somewhat relaxed - have not read into how many people have died because of coronavirus today etc. I have not left the house in 15 days today and the members of my household have left a handful of times so I’m not too fearful about getting coronavirus. I miss seeing my friends but I know this is for the greater good. As always I am thinking about how long lockdown will last and what the lasting effects will be.,Cannot wait for this to be over and life to return to some sort of normality. For sure has made me think twice about freedom.,relaxation,4,2,1,2,3,4,2,7,1,533,107
955,"Feeling relaxed at home. I will currently at home for next five days as work has changed to one week on one week off, feel anxious incase a family member comes down with virus and needs hospitalised couldn’t cope not being with them during hospitalisation. I feel slightly angry that some people are really not taking lockdown seriously or they are not following guidelines given to protect as best we can. Kind of hoping that lockdown can be relaxed sooner rather than later. Testing would be good all round.
",relaxed at home for a few days. Staying home staying safe,anxiety,7,3,1,1,7,1,5,5,1,510,95
956,"I feel that the gov under Johnson took the opportunity presented 2 do social Darwinism. its not a mystery. the nhs r being fantastic naturally, but it is a travesty that the evil Johnson is being kept alive by an NHS respirator. Johnson has no shame, & his cabinet of freaks cannot wait 2 kill anyone that needs anything. The impact 2 his enemies of killing them will have results they cannot anticipate, as people feel the rage, directing their anger @ Bojo the clown. I love the way that Social Services have got off my case.",the Coronavirus pandemic is being used by authoritarian regimes round the world 2 destroy democracy. Johnson & the Tories r using this 2 kill everyone that needs help,anger,8,8,7,8,9,6,6,8,7,527,107
957,Anxious how long it will continue before it peaks and how many more people will suffer and die from it. As I’m following the self isolation rules myself not too concerned personally as I haven’t been in contact with anyone outside my household for nearly 3 weeks but conscious of social distancing to help my family and to stop them getting it. Keeping busy as I’m working from home but hoping I don’t get called into the warehouse as a last resort as I work for a large online pharmacy so are key workers.,Hope everyone listens and stays inside and stay safe. Better to be locked up in the short term than not be here in the long term,anxiety,6,3,5,5,6,5,3,3,2,507,97
958,"I feel anxiety and a sense of helplessness and dread. It’s difficult waiting for something awful to happen and not knowing when it will hit. I also feel cut off from others, despite the use of social media to keep in touch. It’s just not the same, and I am worried about security of Zoom etc. 
Still working, I feel fear of being in the office, perhaps with people who have the virus. I resent those who can work safely from home full time and choose to go out more than necessary. I feel huge gratitude to others keeping key services functioning but I find the restrictions on shopping difficult-one way systems in supermarkets are strange and feel awkward, and the shortage of some basics is infuriating. ","There’s a sense of impending doom, and helplessness as you can’t stop it happening but you don’t know when it’s going to hit and how long it’ll last. You hope others are doing their bit, but it’s hard to know, and it seems there is room for interpretation re what’s ‘essential’. ",anxiety,8,1,1,7,9,8,1,1,1,707,139
959,"I am slightly anxious and worried for family and friends who are older or suffering from pre-existing conditions which increase the mortality chances from COVID-19; self-employed close family worrying about the financial aspects around this; friends who have lost their jobs; and family and friends working in the NHS.

I am fortunate enough to live with a friend of the same age (30), with no children, and able to work from home with a rather low risk of negative impact to employment status. So in that respect the main sense of anxiousness is in regard to others, yet also the social distancing and lack of face-to-face contact with friends and family causes a sort of sense of disassociation from normal reality (rather than loneliness or isolation per se).","The scenes of people queuing metres apart in silence, stealing awkward glances shows a sense of disconcerting departure from our normal reality, and a realisation that everything we take as part of normal life is much more fragile than we could have imagined.",relaxation,6,1,1,2,3,2,5,6,2,762,141
960,"I've been feeling anxious lately due to the pandemic and mostly I'm worried about how the economy will be affected, and how the younger generation will be affected as their school lives have been disturbed heavily, worried for my nephews. 
It's been hard trying to buy food and essentials as everyone is being stupid and panic buying, especially toilet paper out of all things which i really don't understand. Hopefully in a few months things will be a bit more normal because attempting to live as normal these days is quite impossible.","Honestly people, you need to stop panic buying, it's extremely annoying for us when we cannot get essential household items. Also stay at home",anxiety,5,3,4,5,7,5,3,3,4,537,98
961,"I'm very sad people are dying, some people are losing their jobs, i'm worried about my job and my finance.

I'm worried i will get sick with the Corona because i'm still working, as i'm not self isolating and i'm in contact with my colleague this is particular worrying for me, we have been told to observe the 2 meters rule but this is impossible to do at my work please, touching surface at work is also very as we share computer keyboards.

I have a lot of anxiety every time i watch the news there's bad news, i need a bit of positivity on telly, I have anxiety about my rent will i be able to afford it next months? 

My mental health is deteriorating, i think it's a mix of not knowing what the future holds and if my saving will last till the Corona situation is over.



","I need some positive news, i'm tired of hearing the number of people dying everyday in UK and around the world, i just want this to stop, so we can go back to our normal life or whatever it's left of it, i want to see my family, my friends, i want to go a cafe, library and park.",anxiety,9,3,1,7,9,7,1,1,2,779,162
962,"I dont feel concerned for my physical health, but the circumstances have made me lose my job and freedom therefor affecting my mental health and financial state which is worrying. I find myself watching the news daily, checking for updates. But I think it's mainly me being selfish and wanting my freedom back. As a sufferer of many mental health conditions being able to go outdoors and get out of the house is good for me. Being able to pop down to my friends house and see how theyre doing, going to the pub for food and drinks. Just normal activities I'd like back. The aspect of the virus itself doesnt scare me unfortuntely, but I am following the rules of self isolation like the law is currently stating. Just wish it was over so I could get back into work and a good head frame.","Corona has ruined my social life, financial state, mental health and my ability to think positive about life.",sadness,3,4,3,5,6,7,5,5,4,787,158
963,"At this moment in time, I feel I am in a fairly good position compared to the majority of the UK, for which I am grateful. As I work in a psychiatric hospital and continue to go to work daily, not too much has changed in regards to my income, routine, interaction with others. However, I have seen the effects of Coronavirus within my hospital and via the news. Seeing the devastating effects it has had on others has left me feeling very sad and wishing I could do more. I’m not anxious, or fearful per se, as I am confident we will be able to overcome this and gradually return to normal. It’s been really lovely to see the nation come together in such a difficult time and there is a real sense of community. ","I feel positive that as a nation we will be able to overcome the Coronavirus, and return to our usual lives. Though it is a scary time, it has been uplifting to see communities come together. Stay at home, protect the NHS. ",sadness,3,2,3,3,4,5,1,2,1,712,150
964,"Currently I have an array of emotion. I feel anxious and fearful for the future it is likely that me and my partner (who both work for the same company) will be furloughed, my partner earns considerably more than me and with the government cap at 2,500 before tax I don’t know how we’re going to cope. We have no savings and whilst I agree our combined earnings were more than perhaps some of my family and friends it was in no way above the national average and our our goings for bills is quite high. I’m also fearful we will end up losing our jobs and with the country on its knees economically I can’t see getting another job as an easy task.

I am sad as I miss my two young nieces immensely, we would look after them fortnightly whilst my sister worked and I miss them so much. At that age they change so quickly.

I am content that currently we have a nice house for me and my partner and my son to shelter in and that we have each other with no health issues yet but I feel guilt for feeling this when I do because of all the pain others are experiencing. I feel useless that I should be doing more to make a difference when it comes to my grandchildren one day asking me what I did I’ll only be able to answer stay inside. 

I feel fearful that we may catch the virus I get extreme anxiety food shopping it reminds me of an apocalypse. 

I have hope when I see people coming together and helping to best this disease from nurses to food delivery drivers and I am immensely proud of my country. As you can see a whole rainbow of emotions. ",Better days will come #bekind #stayin #loveournhs,anxiety,9,2,1,7,9,6,4,3,9,1547,316
965,"I feel worried I have a 2 and a half year old son and also gave birth 2 weeks ago, no one has been able to meet our new baby, midwives and health visitors are doing assessments at the moment so we aren’t getting the same support we usually would. We are all staying inside as I am scared of contracting the virus or my children becoming ill. However my husband works in a factory which is non essential but this is still open and he is due to return to work from paternity leave any day however this is causing me a lot of anxiety as he’ll be working with 40 other men and I am worried about the risk this poses to us as a family. ","Feeling very concerned and anxious about the current situation, I am worried people are still not listening to advice about social distancing and that some work places are still open! Stay home and protect our NHS. ",anxiety,8,9,8,9,9,9,2,1,1,631,133
966,"The corona virus is making me feel scared, worried and sad. This is a horrible time for everyone in the world. I’m worried as we don’t know when this will end when it will go back to normal. I’m sad that so many people are getting ill and dying   from this. I’m scared someone I love is going to die, I don’t know what I’ll do. The NHS are doing amazing everyone is coming together. However the selfish people that are still going out meeting with mates, still doing parties, I’m disappointment with them why would they do this when there are so many people dying. I want it to end.9
","I’m worried about this whole thing. I’m scared more people will die, I’m scared loved ones will. I want it to end. I’m so scared. When will this end? The NHS are  so amazing!! All the key workers and everyone coming together staying at home! I just hope everyone stays at home now",sadness,8,7,5,9,8,9,3,4,3,584,124
967,"I am feeling very anxious and unsafe. I don't know what tomorrow will bring. I don't know if I will still have my job or not. I am worried if I am going to be able to pay for my rent and groceries in the upcoming months. I am axious and worried about how long will it take to everything go back to normal, if it ever will. I am scared about my older members of family, how they are going to survive. I am stressed when I will be able to visit my family abroad and how they will manage to live their lives. ",Sitting at home is making me anxious. I am worried what tomorrow will bring.,anxiety,8,6,5,7,9,6,3,4,4,506,114
968,"I feel disgust for the government who have not prepared well and don't seem to have taken the threat as seriously as they should have. I feel angry that some people are not taking lockdown as seriously, and yet I have to work in a London hospital as a key worker, potentially putting my health at risk. But, I feel optimistic that Italy appears to have passed its peak and we are probably one week away from reaching ours. This makes me feel proud that we are on the right track. I think we locked down too late but once we did this will have had an effect.","another tough day at work today, envious of everyone at home but happy to be making a difference. keep going everyone, this will be worth it in the end #seeyouontheotherside",anxiety,6,6,7,6,8,3,4,1,1,557,116
969,"I feel angry that the government is not providing NHS staff with correct safety equipment and thinks that a few token claps will make up for austerity which has harmed our NHS' ability to cope with the crisis. I'm angry that they're blaming people not socially distancing on the rise of cases, when it was their initial complete lack of action due to the """"""""""""""""herd immunity"""""""""""""""" strategy that has caused it. They're making us pay for their incompetency. I'm angry at the fact the government is encouraging health service to withdraw ventilators to those they deem to be less deserving of it, i.e. the disabled, sick and elderly. ","The Corona situation has proven that those whose labour is valued the least in our society are those who keep society running afloat. NHS workers, care workers, bin collecters keep society running, not landlords, bankers or shareholders.",anxiety,6,9,9,6,6,5,4,4,1,623,121
970,"I'm feeling worried because I got arvc which I think would make it worse if I caught covid 19, I get really bad panic attacks aswell, so having this going around is really scary, I can't wait till they get a antidote for it, so then it can help people and people would stop dying in every country and now the pm is in intensive care shows how serious this is getting everyone needs to start listening and follow the rules, stay at home and only go out once a week it's not hard people, they should start fining everyone that's dosent listen to this, fine them a Hugh amount like 500-1000 pounds then people might start listening or even put them in jail for a bit ",I'm very anxious and worried about what's going to happen to me and my family,anxiety,7,7,7,7,9,7,3,3,3,664,134
971,"I'm worried about elderly parents. I'm worried about my kids education. I feel exhausted and overwhelmed. I worry about my kids getting infected. I starting to worry less about food and provisions tho we still have no toilet paper. I feel disappointed for my kids and for myself on fun things we can't do. I feel like im doing my bit but Im so upset about not seeing my mum and mother in law who are on their own  every day feels the same and Im starting to get bored too.
The kids are acting up and fighting. I feel like my husband doesnt have to deal with this as much. Im trying to work too. ",I know Im lucky living in the middle of nowhere and being healthy but this corona situation sucks,anger,7,9,2,7,8,8,3,3,1,595,126
972,"I feel like I want to be angry about the whole situation, but I don’t know what to be angry at.  I find it difficult to get my head round just how quickly everything has changed.  I worry about how things will be in the future. I feel like I cannot plan anything for any time as I don’t know what will be happening. I feel like I can only live from day to day, one step at a time. I can’t see an end to things at this point in time. I have travel plans for later in the year but I have no idea if I’ll be able to go. I worry about losing people I’m close to. I know things are never going to be the same ever again and I hate that uncertainty. ","I wish I could wake up and this would all have been a horrible nightmare, but everyone would be ok and life would carry on as before. ",anxiety,6,6,4,7,8,7,4,4,3,644,148
973,I feel very anxious about what is going on and I miss seeing my family. I am worried that friends and members of my family may catch Coronavirus - especially the people most vulnerable and those people who are key workers. I don’t feel confident that the government have this under control. I hope people are taking the lockdown seriously and are staying at home. I am looking forward to this being over. One positive is that I am glad I can spend more time at home with my immediate family and feel lucky in that respect.,I hope people are staying at home!,anxiety,8,4,4,6,7,7,5,5,6,522,103
974,"I feel scared and feel physically sick when I think about the situation a lot. I have friends who are nurses and care workers or other key workers and the general public has no real idea of what is going on. The extent to which this is causing problems for our NHS. I feel sad for my relatives who have health conditions and those that have lost their jobs. It's a scary time.
I am worried about the future of the economy once this is over. It's something that has never happened before so that creates huge anxiety.","We're living in strange and scary times. Please stay at home, protect the NHS and save lives.",anxiety,7,6,3,8,9,8,1,1,1,516,105
975,"I'm self-employed, in the Arts & Entertainment industry, so all of my upcoming work has been cancelled, which obviously adds to the difficulty in the current circumstances. My concerns about money and survival contribute to my overall mood.
As far as the virus itself, I'm hopeful. I believe I may have had it and recovered, and I believe what is currently being done is having an impact. I'm also interested to see that the situation is prompting some countries to try new ideas, such as Universal Basic Income. I'm worried that some vulnerable members of my family may fall ill.","Be responsible, think of others and help where you can. Keep busy, stay safe and try to find a way to use this time in the most productive manner possible. Come back stronger.",sadness,5,3,4,2,4,7,7,3,6,580,112
976,The Corona situation is worrying me and causing me to be anxious. I am worried about my family who are mostly keyworkers and therefore have to be out and about on the frontlines And thankful that I am able to work from home during this situation and know that my young daughter is safe in the house and we have everything we need right now. In regards to shopping and utilities and general home stuff. I don't have to worry too much about myself but I worry about others. I am anxious over how long this situation will last in the UK and what the follow on effect will be for the world as we know it,Scared and anxious! Anyone else feeling this way and want to talk? Share some loads? Help eachother out?,anxiety,6,3,3,5,6,4,4,4,4,599,121
977,"I feel scared for the future of the world, and I feel sad that so many people have been lost. But I'm mostly angry that people keep refusing to follow the rules put in place to protect them. The situation wouldnt be so bad if people on the whole weren't so stupid and took the time to think about anyone other than themself for 5 minutes. All the selfish young people who were still going out with their friends, without thinking that even though they might get Corona and be fine they may spread it to someone who is immunocompromised or has preexisting breathing problems and wont ever recover.",If we all weren't such mugs we'd still be allowed to go out for more than just exercise,sadness,6,6,7,5,6,9,3,4,3,596,115
978,"I am worried about my family as several members of my family are vulnerable to Corona.

I am worried about catching it and passing it to them so isolating as much as possible.

Anxious about how long the situation is going to go on for. Miss my job and those i work with. Miss my freedom. Concerned about mental health with being in isolation.

Wish people would listen to the government and authorities and stay at home. Also wish people would not panic buy as there is absolutely no need when you can do your shopping once a week as normal.

Doing my best to have a routine and do a variety of things each day.","Anxious, scared, annoyed and frustrated to name a few emotions in regard to how i feel about corona. Grateful for our keyworkers. Stay safe.",relaxation,8,1,1,3,3,1,5,7,1,612,125
979,"I feel like there’s a lot of uncertainty which is really troubling. I’m also concerned as I’ve been shielding due to an underlying health condition and this is worrying. I worry rather a lot by how long this pandemic is going to lost, the overall impact on the economy, jobs that will be lost, peoples lives that will be affected of of course and possibly more important than anything else, the lives that will be lost because of this terrible pandemic.

I feel for all the healthcare professionals doing a sterling job to keep people safe and well. I feel that they’re doing a fabulous job but it’s fire fighting at its best as I do not feel we are at the height of the pandemic just yet and the situation will get worse before it’s better.",Feeling nervous anxious and superfluous to requirements and lonely.,anxiety,8,7,6,6,8,6,4,6,5,741,146
980,"Lockdown is doable, what is difficult is the uncertainty over the future, particularly the impact on my child's education and lack of ability to socialise with other children . 

I worry about our health and that of friends and family.   I feel sad about not seeing my parents and worry how long they can cope with isolation.  

I worry about food supplies, although I have been lucky with deliveries.  

My anxiety is actually less, as there is so much less to plan and do.  But at times I worry about how long this will go on for and what sort of society will be left.  

I feel very cross when I see people not complying with the guidelines, for eg my neighbour has her family visiting every day.  ",Everyone needs to stay at home - then the time that we can leave our homes will be sooner!,fear,8,6,6,8,7,8,6,6,6,701,139
981,"I’ve been very relaxed about the whole
Situation up until this week where it is starting to make me very nervous how it is developing. I am worried for the older people in my family and I am also worried that many people are still not taking this seriously. I really hope that we can still exercise as I am a keen runner and need to run for my mental wellbeing and I don’t see how it effects the spread of I am alone and away from public. I have just heard that the prime minister is in intensive care now which is another reason for the whole country to panic ",This is starting to become a real worry for myself and my family now!! Covid19 has become a very very serious threat to EVERYONE!!,anxiety,7,3,1,7,8,4,3,3,2,561,114
982,"I am extremely worried.  The government seems to be trying to pin the blame for any bad outcomes on the actions of a small minority of the population rather than the delayed response to the arrival of COVID-19 into the country (no tracing of contacts etc).  My recently widowed mother lives some way from us and is over 70 and having to shield.  She needs dental work but can't get it.  My Parents-in-law are also both over 70 and ex-smokers.  There doesn't appear to be any exit strategy to our current situation.  I fear my industry (classical music) will be utterly decimated by this and will never recover thus causing emotional and financial strain.
I worry about the impact this is having on my toddler who is suddenly no longer going to nursery / playing with the neighbours' children / visiting relatives or even going in the car!  We can't explain what is happening.
I have asthma which is usually mild but has been playing up this winter so I am especially worried about the possibiity of catching COVID-19.  I worry that it is impossible to self-isolate from the rest of the family in our small flat if one of us catches it (especially as I am still breastfeeding).  I also worry that the restrictions will tighten and not allow us to take our child outside for a daily walk - we have no garden and this is vital to our mental wellbeing.
I am also worried about friends who fall into the vulnerable category but live too far across London for me to be able to easily help them shield.","COVID-19, how do I hate thee?  To the extent of my four walls and the daily exercise I am currently allowed.  Why dost thou disrupt our lives so greatly and keep us from our loved ones?",anxiety,8,6,1,7,9,7,2,2,2,1495,291
983,"I'm not too concerned about catching corona (I'm pretty sure I have already had it). I'm more concerned about how the lock downs that several countries have imposed will affect the economy in the upcoming months. 

However I do also believe that the country and world economy will eventually bounce back from this, but I do think that it will be a while until we see a full recovery.

The human race is great adapting to surviving against the odds and this is another factor that we will adapt to.



  ",Keep strong everyone and we will get through this together!,anxiety,6,3,4,5,7,6,5,5,4,503,97
984,"I feel confused by all of the online news surrounding the situation and fearful about finances if the situation worsens.
I fear that people with or without the virus will find it difficult to get any help that they might need at this time.
I do feel thankful that I can focus on the household jobs that I don't get time to do when I am working and I have time to be creative if i feel like it. I am happy I can spend time with my partner but I do not like the feeling of being constricted to staying indoors.","Hoping this situation resolves soon and we learn from it as a society, it has definitely made me appreciate nature.",anxiety,7,3,5,6,7,6,2,1,6,508,106
985,"I am Worried more for the people who are suffering and dying as a result of the virus. I miss normal day to day life as I should be studying at university right now, however have had to leave London and come home to study online. I’m also worried for my dads business as he is self employed and the corona virus is majorly effecting his income therefore effecting our home life. It’s hard following the rules of isolation as I have not seen friends and some family in months but I know it has to be done if we want the situation to improve. However I am hopeful that everyone will get through this and I believe the world will be better once we have overcome this","If everyone can please stay inside and only leave the house for essentials, we can all see our friends and family sooner and return to normality as soon as possible. Everyone constantly going out to meet with friends are selfish and ignorant and are only thinking of them selves. ",sadness,5,6,4,5,6,8,3,3,2,663,133
986,"Fearful of what it to come and worried about how it will affect my family. Both in regards to their health, especially my parents and how it will affect my immediate family financially, my husband has been asked to take a 20% pay cut and will will struggle. However we are in a better position than many as at the moment he keeps his job. What will happen when the crisis is over though is undefined as far as his employment is concerned.
For the first time I fully support Boris Johnson and the policies put in place by the British government, I am thankful that our leadership appears to be basing their response on scientific data and common sense which appears to be wholly not the case, particularly for countries such as the United States and more extremely Belarus. Inappropriate decisions by governments will cause more people to die.","Stay safe, stay at home, do the right thing.",anxiety,8,3,1,7,7,6,5,2,3,842,161
987,"its stupid and sad that so many people are dying when this could have been completely avoided if it wasn't for the stupid Chinese. china should be completely responsible for this and should ber blacklisted and noone should be allowed in and out of the country for absolute good. i believe everything to do eith this is all chinas fault. something should be done.

I hope people can recover from this and the world can recover from this,.

especially all the people in power which i dont think anything good enough is actually being done to actually prevent this, people are still going outside which tbh should be illegal",i feel the corona virus situation is getting out of hand,anxiety,7,6,4,6,6,6,4,3,3,621,116
988,"i'm worried not for myself but for the wellbeing of my close friends and family. not only that, but i am also feeling quite a bit lonely as well. the constant news showing how the death toll has hit a new peak worsens my anxiety. i feel a bit depressed being constantly in my house, but the recent warm weather and my ability to go into the garden and enjoy it has somewhat alleviated these negative feelings. i feel constantly bored and seem to always want to procrastinate tasks that are given to me.","goin loco in this house, isnt it time for miss corona to go on spring break now? #anxietyhittingtheroof #tensionsatanalltimehigh",relaxation,7,1,2,7,8,3,6,9,3,502,101
989,"Personally, i'm okay and quite relaxed, I don't go outside and do as the government says.

I guess i can be a little annoyed at the selfish idiots who went out and defied governments requests this weekend, but overall and with reading that (even just for now) deaths have reduced, i feel okay, relaxed... 

This is a marathon, i've adjusted to the situation (not much mind) but it is what it is, no need to get angry, annoyed, etc. Instead of life going 100mph, it's slowed time, given time to re-evaluate, think things and enjoy the more realistic things we have in life. So i'm all good with that.","Keep calm and stay inside. Better days are coming, use now for self reflection and appreciation. Happy vibes can be found, even in the smallest of spaces!",relaxation,4,1,1,1,2,2,4,6,2,599,132
990,I gave birth the day after lockdown so I was actually more stressed a few weeks ago when I didn't know what would be happening when I needed to go to hospital. Now I'm frustrated at the lack of normal nhs services. Our baby was tongue tied but there's no service for this and we've mostly been left without the normal support from midwives. But I am still anxious about how the virus will play out. Our Gov hasn't done a great job so far and I worry how bad the peak will be and how well prepared we will be. I,Giving birth on lockdown. No stars. Do not recommend,anxiety,7,5,2,6,7,3,1,1,1,510,107
991,"Well my life is fairly normal as I’m still working. But obviously it’s full of Anxiety and apprehension about doing things and not being able to see family. It’s the most worrying seeing news posts everywhere and being that so many different people and news outlets are reporting on it you don’t know who’s information is 100% accurate and what to believe! The other thing is that not everyone is following the lockdown rules and that obviously isn’t a good thing and is how the virus will be around for a lot longer and infecting a lot more people that it needs to.
",I’m working hard to make sure the nation is fed,anxiety,4,3,3,4,7,5,6,5,3,567,108
992,"I feel very worried and scared that it might take a long time for life to get back to normal. I'm wanting to try out new experiences such as food but I am unable to do so because nowhere is open. I've enjoyed my time at home but it's getting boring very quickly and it's the same old thing every day. It's been super stressful as the supermarkets here have massive ques outside of them so just to get basic necessities is a  big pain. The number of cases is only rising which is super scary to me, there are a number of people in my area who have the virus which again gives me more anxiety",Hopefully the coronavirus goes away and everyone gets well soon,anxiety,8,3,4,6,8,7,2,2,2,590,122
993,"I am very anxious about the Corona situation. More and more people are dying every day and people are not allowed to have the send off's they deserve due to social distancing rules. Being separated from family is difficult and it is hard explaining to young children why they cannot see their friends and loved ones. I am also pregnant currently so it is a very worrying time. Not only do I worry about me or a member of my household contracting the virus, I am worried about the implications social distancing may have if they are still in place for the baby's birth and newborn period. To not have my family by my side or to be able to meet my baby after they are born would be really upsetting.",So upsetting seeing the death toll rising every day! Why can't people just stay indoors like they've been told!,anxiety,8,3,3,8,8,7,2,3,3,697,138
994,"I am angry how the British public have dealt with the situation. The virus, while not killing as many as Swine flu, could become far worse if people don't take the situation seriously. It feels like the public care little for those who are vulnerable and wish they would die so they can get on with their lives. I fear the public may soon begin to riot if the lockdown continues for longer than April, this would leader to further spreading of the virus and more deaths.
I have been locked away in isolation for 37+ days because I am high risk. I am stressed and miserable. I live with my wife and try my best not to be stressed and upset as it would make the situation worse for her.","Stressed, angry and disgusted by the public and their reaction to the virus. they won't care until it effects them. #covid19",relaxation,9,8,6,8,8,8,5,5,5,684,142
995,"I feel a little bit worried about how long we will be in lockdown for as a lot of businesses will go bankcrupt. The health of the majority of the country could seriously deteriorate and people will probably develop mental health problems from staying in all day which makes me feel concerned.

There is also a Great deal of uncertainty about when the restrictions are likely to end which causes me to feel a little anxious and nervous.

I feel concerned about the elderly population including my parents who are both in their 70’s and not in the best of health currently.",Feeling anxious about when the lockdown might end. A lot of uncertainty right now everywhere.,anxiety,6,7,4,6,8,6,5,4,7,571,108
996,"I just feel sad and disappointed that my life is basically on hold, it makes me feel lonely and with nothing to look forward to. And makes me feel anxious about the future because it has come at a bad time in terms of my training contract at work and also a new relationship I had just started. I also miss my family and am worried about them getting ill or being lonely, particularly my grandma.  However, there are some days where I do feel more relaxed and chilled out. I am getting frustrated at not being able to go outside or enjoy the sunshine or go and sit in a pub garden or have a happy hour cocktail, especially as the weather is now getting warmer. However, I understand why we have to do it and that it is necessary and that everyone is in the same boat. It is just a strange and surreal feeling to live through this event ",Can everyone please stop being judgemental of people abiding by the rules and going for a walk in the park; not everyone has a garden! Outside time and exercise are paramount for mental wellbeing which shouldn’t be overlooked at this time,sadness,6,2,1,4,8,8,4,6,5,836,173
997,To be honest i am a little bit worried about the whole situation as i have 2 young kids who I worry about daily don’t want none of this to affect them. Makes me question the world I brought them into. I also worry for my family and loved ones and wondering if they are ok and following the precautions. But i am staying in doors and communicating with family and friends and checking up on everyone that I know via social media. I am a very care free person in general and try not to make things bother me so I’m trying to not let it get to me and just follow what MR JOHNSON has has stated regarding lock down procedures.,importances of staying indoors. In order the protect our family and loved one. It’s also important to show appreciation to the NHS by staying home and how staying home could possible be saving their life and also friends and family.,sadness,9,7,7,9,6,9,1,3,5,623,128
998,"Uncertain about when things will seem to go back to 'normal' and when we will be able to begin things that we enjoy doing again. When will cultural events re-open and when can we visit our families again?

Unsure about how this will come to an end and what will happen in terms of politics after. 

Happy that all of my family and friends are safe and staying inside. Happy that supermarket stock has now stabilised so we can buy essentials after stock piling. 

Happy that I have time to do things I wouldn't usually like baking and crafts","Uncertain about what will happen. Where will we be in one month, two months, three months time? Will we be back to normal? Can we visit families and go to the cinema again? Can I go back to work and as a Brownie Guide leader again to teach children? What will come of April andMay",sadness,5,6,4,6,7,8,4,4,6,540,106
999,"As I am in the vulnerable section due to having 3 autoimmune diseases, my fear and worries are more heightened than others I'm speaking with. My parents are extremely worried about me (even though I am 25) and are calling me every day to make sure I am staying home. I'm frustrated by other peoples ignorance, even some distant family, who are ignoring the risks and government advice/commands regarding staying home. I fear for a lot of people, not just myself. I have hope in humanity and that people will pull together for the safety of everyone, although, I have been told I am naive for hoping this. ","STAY AT HOME. If you don't care about yourself, care for your grandma, your cousin with acute asthma, your favourite actor. It affects EVERYONE.",sadness,8,6,4,7,5,6,5,5,2,605,123
1000,"I am worried about myself or my friends and family catching coronavirus. I fear that there will be repercussions after the curve is flattened. I think the economy will suffer after the coronavirus crisis. Many jobs will be lost and many businesses will have to be bailed out. I am currently looking for a job, it is already hard to find one and I think it will be even harder to find one after the coronavirus crisis is over. I feel like the government did not react fast enough to coronavirus and they have let the population down and put us in further danger. The government is starting to put the blame on coronavirus deaths down to the actions of the general public, yet the health service does not have adequate resources to fight the virus. ",I am disappointed in how the government is tackling coronavirus and feel many deaths could’ve been avoided.,fear,6,3,3,6,5,6,4,4,5,747,145
1001,"Honestly it mostly feels very surreal. I spend a lot of time at home anyway (I work from home as a freelance artist) so it doesn't feel too different from my everyday life, but I just feel like there is a big dark cloud of uncertainty and anxiety at the back of my mind at all times. (It feels shared though, like everyone else is also feeling this.) I live with my partner and we get on very well so I have felt supported in that way, but feeling ever so slightly afraid every time we leave the house and not being able to see our friends is quite difficult. I think it feels almost like a grieving process. You can be distracted from thinking about it for a certain amount of time, and when you are reminded, all the fear and confusion and frustration comes back anew. I am worried for the economy and I'm saddened for people who will lose people or suffer, and for the NHS and its workers. I'm angry at the government for stripping back the resources needed to fight it, and for being lax at every opportunity. It feels very like we are helpless. There is next to nothing we can do, besides supporting our friends and family (remotely) and reaching out to neighbours. It's very hard to get my head around the entire situation as a whole, and as such, it feels very surreal.","It's all very surreal. I feel lucky to have the resources and support I have, and terribly sad for those who are suffering, or will suffer. Being at home so much is simultaneously comfortable and terribly frightening. ",anxiety,6,4,2,6,8,5,3,3,3,1276,268
1002,"Mostly I am continually anxious. Stuck in a weird dichotomy of trying to relax and make the most of working from home and the opportunity that extra time presents, and the angst and fear of  losing work, possible health impacts on friends and family and having to survive on even less money.
This is amplified by the constant frustration that the truth surrounding government response is clouded in obfuscation and political games. 
I am generally skeptical of consensus and as we are presented with a narrative that suggests that we may harm ourselves or others severely If we choose to question the narrative, this presents a hard pill to swallow. As such I am finding myself immersed in the horrendous story as it happens, and simultaneously horrified by my complicity in my own mental torture.",Getting tired of playing emotional Whack-A- Mole!,anxiety,7,6,7,7,9,6,2,1,1,797,144
1003,"The Covid-19 has made me feel Lonely and sad, i miss my friends and family, i miss going out, i miss normality. 
I want this to be over. 
I feel sad for the people this has affected and i worry that it will affect those i love.
I worry for my job which will impact my mortgage etc.
The whole thing opens up your eyes and makes you realise you should not to take things for granted.
I pray this does not hurt many more people and that people stay home so that this virus can dissapear as soon as possible",I wish this corona-virus would just dissapear as quickly as it arrived!,sadness,7,8,7,8,4,9,2,1,1,503,109
1004,"Not overly bothered by the current situation - but I did a biology degree and now work in public health so I'm possibly a bit more clued up than the average person I.e. not so susceptible to media scare-mongering.
My parents are both 65 so I'm aware they're slightly more at risk than I am, but they're both relatively healthy so I'm not particularly concerned. 
What I find most disturbing is the media coverage that misrepresents and misinforms the public - a pandemic is worrying enough without the newspapers reporting every single death it can find.","This isn't forever. It may seem very strange right now but it will end. And, who knows, maybe it'll seem like we overreacted in hindsight! Better to overreact than underreact though - plan for the worst and be pleasantly surprised when the true mortality rate turns out to be <1%",relaxation,2,1,1,1,1,1,4,5,1,554,101
1005,"I'm feeling annoyed that people don't seem to be taking a global pandemic seriously enough to just stay at home, however I do understand why that can be hard for some people. I'm worried about the impacts of COVID-19 - financially, on our health, the economy as a whole, how people will recover from it, but more so - how long will this last for? Lives are being put on hold (or sadly lost) and we have no idea when we will get back to 'normal' or what that will even look like. How long can people continue like this? What if we think it's 'over' and end up spreading it even more because we relax all the rules too quickly?","Waking up during lockdown is like waking up on Monday morning thinking it's still the weekend - great until you remember what's actually happening outside, then it's all down hill from there.",anxiety,7,3,2,6,7,4,1,1,1,625,137
1006,"The corona virus situation is a serious matter that has poses a threat to many people's lives, knowing this makes me anxious. This anxious feeling expands into the unknown regarding the situation, we do not know for how long this situation will be going on for. I am annoyed with those who do not follow the government's lockdown and social distancing rules and those who are panic buying for no reason, whilst the rest of us sit at home bored with limited social interactions. Despite all this, I am currently relived to be healthy and not be suffering from said virus due to government intervention. ","People are not treating coronavirus with the seriousness that it deserves makes me anxious and annoyed because people are putting their lives at risk in order to saves others, whereas those who are not obeying the lockdown are putting themselves and other at risk.",anxiety,7,2,7,6,6,3,6,6,5,602,113
1007,Currently I feel very worried about covid-19. I feel many people will sadly loose their lives. I feel the frontline workers are under extreme pressure and are not safe from the disease. I worry about my family and friends. I miss my normal life and my freedom. I worry how this pandemic is destroying many lives and families across the world. I worry about poorer countries and how they will cope in these times. I hope a vaccine will be created to beat it and save lives do that we can try and resume our lives as best we can.,"Together we will beat Coronavirus. The UK is strong, we must all stand together to overcome this disease that is trying to destroy our lives. We will beat it ",anxiety,8,1,1,6,8,7,2,5,1,527,108
1008,"I feel sad that many people around the world are getting ill and losing lives due to the coronavirus covid 19. I hope people adhere to the rules and advices given by the NHS and prevent the further spread of the virus. However there are still some people who are not following the instructions hence people with weakened immune system may be affected as a result. 
I feel like some people don’t understand that they may not be significantly affected by the virus but they can spread it to someone vulnerable.",Stay at home to save people’s lives!,sadness,6,2,1,5,5,8,1,1,1,508,95
1009,"I feel deeply saddened for the lives that have been lost all around the world. i have a lot of anxiety regarding myself and family's health especially those who have underlying health conditions. I'm scared about what might happen to the economy as a result of the coronavirus such as interest rates local business and how it will impact all of our lives. I'm stressed about how the gcse cancellations will affect my daughter, but i am trying to be thankful for the time in lockdown that I've been given with my children and partner, but frustrated with people who are not following the rules.",stay home safe lives,anxiety,8,3,3,8,8,9,5,2,2,593,111
1010,"I'm annoyed at the people who are still going out to be social. I'm frustrated that the NHS has been so under funded, that the government for all they preach about helping the UK have done fuck all and it's mainly the NHS (Who they wanted to privatize) who are helping. I'm worried and stressed because of my family and friends in this situation, especially as I take care of my elderly dad. I'm fortunate to be able to work from home but I'm not in a great financial place, and honestly, just everything is horrible and some idiots don't seem to realize  they should stay inside for other people's sake.",Can people just stay inside?! Let's not screw over the NHS any further! #StayHome,anxiety,6,7,6,6,8,6,3,1,3,604,121
1011,"Nervous and worried,for the future but also hoping for the best, the world might look a little different afterwards but will mostly be the same. Working from home is an unexpected bonus, that makes life easier knowing you are able to stay at home and avoid the virus.
Things look to be heading the right way in the UK at least, so I don't think it will be too long before things go back to 'normal'. Hopefully the death rate decreases in the following days and lockdown measures can be relaxed. Hopefully the virus can be stopped permanently with a vaccine and we won't have to live in a world where this is the new normal.",Hopefully by this time next month this will all be over and we can enjoy the sunshine again.,anxiety,6,2,2,6,7,6,3,6,2,623,128
1012,"I think people should learn to follow the advice from our government and stay inside, people who keep going out for non urgent things, hanging around in crowds, heading to the beach are going to make the restrictions last longer as they are giving the virus somewhere to go, carrying it to other people flouting the advice given, they’re selfish only caring about their happiness in the now… they need to learn to consider other people and the future.

I understand being stuck inside sucks, but spreading the virus around to vulnerable people and killing off peoples loved ones by infecting them would suck a hell of a lot more.","I understand being stuck inside sucks, but spreading the virus around to vulnerable people and killing off peoples loved ones would suck a hell of a lot more. Keep people safe. Stay inside.",disgust,6,6,8,3,6,3,2,3,1,629,119
1013,"I feel uncertain and stuck in limbo at present. I am not sure how arrangements around my current pregnancy will progress. I am working from home full time and I am aware that I am very lucky financially, but I am finding it difficult and stressful, particularly with a small child at home. We are thinking of moving in the fairly near future, but that is on hold for now which concerns me a bit. I enjoy food and cooking, and being more restricted in options there has irritated more than I expected it would.","I feel in limbo and uncertain, hey in some ways aware that I am very lucky. It makes me feel stuck and unsure of what to do next.",anxiety,7,2,2,6,7,6,4,4,2,509,104
1014,"I'm feeling very anxious about the number of deaths and my perceived inability to prevent myself catching Coronavirus. I am staying at home with my family, have kept deliveries to food and essentials and have only left the house to deliver food to my parents and my mother-in-law, who are both on the extremely vulnerable list. 

I have been very angry in recent days at people who have been ignoring the social distancing rules - specifically my neighbour who had a small gathering (of at least three different households) in her garden at the weekend. It makes me very sad that some people have such disregard for others' health and safety.",Don't be a dick; stay at home. Stay safe.,anxiety,8,5,1,7,8,6,3,4,2,642,120
1015,"I am very concerned and worried, both myself and son have asthma and is spreading fast.
People aren't taking as serious as they should be, don't want to touch anything just incase.
Shops are still struggling for basic essentials like toilet roll and 
Is all I have been thinking about since the start of March 2020, beginning to drive me insane! 
I have heard of pharmacy staff, NHS are pushed and over tired not to mention worried coming home. I don't like partner leaving for supplies, would rather do self and know have been safe/cautious! 
","At this very moment, I feel corona is a virus we should be taking very seriously. Its still a quite unknown virus which has adapted to all its surroundings",fear,8,5,8,8,9,6,6,5,6,544,107
1016,"Tremendous anxiety and fear, especially for others, most especially for anyone who HAS to be exposed to the possibility of infection (for whatever reason). 
I am cross about anyone who persists in not taking this virus seriously. I'm really cross about people in positions of power who are not doing their job. I should have put the 'anger' slider on 9 but I feel so distanced from them it didn't seem honest. 
I also feel fatalistic. 
Sometimes I think this pandemic has been a long time coming.
Sometimes, I wonder if the virus is a 'natural' cull to give the planet time to breathe a little.
I also feel overwhelmed if I dwell on it all for too long, or read too much about it. 
I worry for the animals.
I hope that if we come out the other side, a better life for everyone will emerge.",Not looking good. At all.,anxiety,9,2,1,9,9,7,4,5,2,789,168
1017,"Very anxious about it and if you get it how bad it will be and the resources available to help you. I’m worried also about my family and how they will cope. It’s a very worrying time for everyone. Also I don’t know if part of the media reports is scaremongering. It’s hard to know what to believe.  Not sure what else I can write in this topic really. I do worry about how long lockdown will be for. I am wanting to get back to the gym again see my friends, also I want my daughter to be able to see her friends back at school before she starts her new school in September. ","I feel very anxious and worried about the future. I worry if I get the virus how bad it will be, this is the same worry both for myself, family and friends. It is a very scary time we are all in. Also how things are going to change in the future and the state of the economy. ",anxiety,7,2,1,8,8,6,2,6,6,574,124
1018,"Very worried at the moment,, you know its not good when the PM get the virus. Worried about people not staying indoors and making the situation worse, really need to figure out on-line shopping as I don't want to go shopping outdoors anymore. 

I fear someone in my family could get the virus, I do have faith in thre government to do what is required but we need a full lockdown and only essential shopping for food. 

Sad about the PM going into intensive care, this is soo unexpected really hope he gets out of this asap.

","worried about bojo, get well soon Boris, stay indoors people",fear,9,3,5,8,8,8,1,7,7,526,106
1019,"I feel optimistic that people will play their part and help us get back to normal sometime soon. However, I'm worried about the economic impacts and what that will mean for the most economically vulnerable. I also worry for my parents and other family members who won't be able to see each other for a while, and for those older family members that aren't taking mitigation measures advised by the government seriously. Additionally, I feel angry at the government for what looks like several major failures along the way.","Quietly hopeful that I can manage throughout this period, but worriedthat others will not follow the advice. Also angry that the government has not done enough and when it has it has been too late.",anxiety,7,2,1,1,6,2,5,3,3,522,96
1020,"I feel the correct measures have been taken to prevent the spread of Corona however I'm very, very bored with being stuck inside all day every day. I have coursework to do but I don't have the motivation or desire to do it, my course is practical and online learning isn't effective because I learn more in a classroom environment. I go for a walk every so often but I don't like walking. 
I spend most of the day watching Netflix and going on the Xbox but I eventually get bored and watch Youtube on my laptop and sometimes I just go back to bed and wake up a midnight and binge watch Netflix again till 4 in the morning and go back to sleep to wake up again at 1 pm, just to do the process all over again.
Each day is the same but if It prevents the situation from getting worse then I'm at peace with staying inside.","Bored. I want to go outside and do something other than 'essential exercise'. However, being on lockdown is necessary for preventing the spread of Corona, so I'm at peace with being indoors, even though I'm sick of being inside all day, every day.",sadness,5,1,1,1,2,6,2,7,3,819,169
1021,"I feel anxious about going to the supermarket to get food. At the supermarket I feel on edge and hurried. I fee angry with people who are not following the “stay at home unless necessary to leave the house” advice, it is very frustrating to watch social media headlines about these people. I do feel great sadness about the current situation and for families who have lost their loved ones. I feeL admiration for the NHS staff and key workers who are giving everything they have to save lives and support those saving life’s. However I do enjoy making the most of being at home with my child spending quality time together. ","The current situation feels me with sorrow particularly for those who have lost loved ones, anger for those who are not sticking to government guidance but hope that soon this will pass. ",anxiety,6,4,3,6,8,7,5,6,4,624,121
1022,I am scared for the economy and the people within society. The fact that it has come to lockdown throughout the country really emphasises how serious this virus is for everyone and how dangerous it really is. I am terrified that this could affect someone I know. I am also apprehensive about how long that this will last for. The fact that even our Prime Minister is in intensive care with it now really shows how dangerous this virus is and reiterates to us all that we are not taking this as seriously as we should be.,#StayAtHome,fear,7,2,1,9,7,8,3,7,2,521,102
1023,I feel that it is only going to get worse if people refuse to listen to what the government have to say and it is worrying because it will keep getting worse.If everyone stays at home and only leaves when necessary then the situation should hopefully be able to improve faster.I feel that not everyone is listening and some are not taking the necessary precautions needed to help prevent it and to keep people safe. I also feel that we are not being provided with enough information and people don’t have access to tests until it is too late and they have already got the virus.,I am worried that the virus is going to keep getting worse without there being a breakthrough in a cure soon.,anxiety,7,2,1,6,8,4,4,6,7,578,108
1024,"Not fearful of the disease. I’ve had some of the symptoms. Angry with government response or lack of it. Way too complacent about the threat. More concerned about their careers than helping people. Annoyed at lack of Ppe for nhs and care staff, And annoyed at dismal state that NHS was in to meet this threat. Full of admiration for NHS and care staff. Believe strongly that we cannot go back to how things were. 

As someone who had symptoms- shortness of breath and fatigue etc I found being in fresh air very helpful. Think there should be policing of open areas but not widespread closures of parks etc.",Angry not at the disease but at the response from this government.,anger,5,6,6,2,5,6,3,5,3,607,120
1025,"I am worried about family and friends being affected. I am worried about the prime minister who has now gone to ICU. I am worried about the security of my job and ability to pay my bills. Overall the whole situation is worrying and scary but I am hopeful that we will see an end to it looking at the way other countries are going. I am also a little bored and fed up with having to be at home all the time as I am now working from home and concerned about my children's future and education. This is the scariest situation I have lived through and I find myself following the news constantly and looking and analysing the figures from arouns the world


",I am scared and worried about my health and that of those I love,fear,7,6,6,8,7,7,4,4,1,654,130
1026,Feeling anxious not knowing how long it will be before things go back to normal. Impatient and thinking a lot about all the things I'm missing. Feeling trapped in my environment and need of respite. I am understanding of the why but also a little annoyed at the slight ambiguity of instructions. As someone who feels they must stay at home at all costs I expect the same should apply to everyone. Those who are disobeying or taking advantage of loopholes should be punished and privileges taken away.,"I am so ready for this isolating to be over, in desperate need of different people around me ",desire,7,7,3,7,7,5,2,2,9,501,94
1027,"Disgust at the number of people flouting the social distancing ban. Also disgusted by people abusing key workers and especially angry at the individuals who find it necessary to spit at others and inflict fear that they’ve been infected. 
Worry for my family who some are in the very vulnerable and vulnerable categories. Also worry with ensuring they have the necessary food for their 12 week isolation. 
Sadness at the number of deaths so far and the likelihood it will get worse before it gets better. 
Hope that the numerous research departments will develop a vaccine or treatment. Hope to participate in a clinical trial and assist in this too. 

","What’s better, having to stay inside for 3 months with only FaceTime & no visitors or going out, infecting family & friends & never seeing them again? No one wants to bury family before their time. 
Lockdown means just that: locked-down. Stay home, save lives and help the NHS. ",anxiety,7,3,6,6,8,7,3,3,2,653,117
1028,"I feel anxious about my income, I had to self isolate because I was presenting symptoms and I got laid off for that and didn't even get paid sick pay. Now, I don't know what to do, the government is not helping me at all. Also, I am more anxious because I am the one that supports my mom and grandmother who are in another country. I don't know what will kill me first, corona or stress. I had many plans, and this thing is postponing all of them. I know I can overcome this, but the stage I'm at the moment is too dark. I want this to finish now. ","Just like Joe Exotic said: """"""""""""""""I am never going to financially recover from this""""""""""""""""",anxiety,7,2,7,4,7,6,1,1,1,548,125
1029,"The unknown is what makes me anxious,  I’m healthy so am not to worried if I catch it,  as I think I would recover.  The feeling of not knowing when we will come out of lockdown is daunting and the bad behaviour of the few not social distancing makes me feel that the lockdown will become stricter and longer. I started a new job and was made redundant within 3 weeks so have the worry of my future,  I worry how quickly the economy will recover.  The fear of being out of work is very concerning as I’ve never not worked and this more than anything causes me the most anxiety.  ","Please listen to the advice, stay indoors, stay safe ",anxiety,7,5,5,3,7,6,2,4,1,579,118
1030,"I am feeling upset and anxious for people who are directly affected by Coronavirus, especially those who are very ill. Personally, I do not know anyone who is ill, but my parents are both key workers so I am worried about them. However, I also feel relaxed and I now have more time to complete uni work. I am trying to see as many positives in this situation as possible. I am concerned about the effect this will all have on the economy and my personal money situation as I have been furloughed, but many people have it worse than I do. ","I am worried about those who are vulnerable, and I am upset for those who have lost loved ones. Yet, I am looking at the positive factors in this situation such as the time to appreciate family and time to complete uni work. ",sadness,6,4,1,6,6,7,2,2,1,538,112
1031,"I feel very anxious of how long this was last, how many people will die. And if normal life will ever be the same again.
Personally I am worried about job security and of course my family who are older, who I have chosen to volunteer isolate with.

It feels you have no power to do anything to help apart from stay at home which is frustrating. I would like to do more, but do not really know how to start as my village has got a really good support network.

I want to do more, but have no direction which makes isolation hard. But I also feel that is a selfish attitude to have with so many people dieing
","I feel very lost, concerned and worried for the state of our country.
With so many people dying and people not all heeding the advice to stay at home. Will the world recover, and will normal life ever be the same?!?",anxiety,7,2,1,5,6,1,5,5,2,607,130
1032,"I am feeling very nervous and anxious, not just at the current situation but at the fact of the unknown for the future of the individual people of the world, countries as a whole and even the world as a whole. When will the lockdown end? But what happens then? How do we go back to normal? What will normal be? Will it ever go back to how it was before this? Will we ever be able to move as freely in the world again? These are all unanswerable questions at the moment but the most worrying questions of all. ","Nervous, blubbery mess, it is in times like this where you do realise the uncertainty and unknown are the scariest thing of them all. ",anxiety,7,1,1,8,9,5,4,2,5,509,110
1033,I feel like the corona situation is on its way to being fixed. Everyone should stay home to help the situation. It is hard but everyone can do it. Everyone just had to find stuff to entertain themselves. The important thing is that everyone can help by just staying inside. We have a long way to go yet but the signs are good that things will level out and then improve. I suspect we’ll be social distancing for at least another month. I do worry about the economy but I think the government and everyone is doing the best they can. It is an unseen event so everyone is having to figure it out together. There’s been a lot of businesses doing what they can to help people; all the free exercise videos and people offering to get food for people that can’t get out. I hope this continues and the NHS gets more funding because this has proven how vital it is to the UK and how it is under funded. It will undoubtedly have put strain on a lot of relationships and people’s mental health but everyone can help to make it easier. If people don’t follow the lockdown guidances it will just get worse and it will all go on longer than is needed,Coronavirus has turned everyone life upside but I just hope we can turn it into a positive. Help fund the NHS and see all the good that has happened to the environment and animals,relaxation,3,1,1,1,2,2,7,8,5,1138,230
1034,"Feel worried and scared for the future. It's good that the numbers are going down, but don't understand how we can then go back to normal without it returning? Feel I need to do more to help as I have been furloughed so have the time but then I also lack in motivation with just doing things at home. But that is not new for me. I feel lucky that we have a garden to go in and feel bad for those confined to small spaces and those on their own. 
Fingers crossed the numbers continue to go down and we can overcome this.",This situation is scary and I hope it doesn't get further out of control. I worry for loved ones.,fear,5,2,2,7,7,5,4,3,3,519,111
1035,"My mood changes with the news of the day. Today I am a little more optimistic especially as the number of infections has dropped dramatically. I am not daft enough to show too much hope though as they could easily go up again. Last night I was very sad when I heard the PM had been taken to hospital. It also damaged my morale and I think if we were to lose him the country as a whole would take quite a hit.  I am fearful but try to keep that in check with logic. If the usual flu season casulaties were reported in the same way as this virus has, the figures would be much more scary. If flu was a notifiable disease then we would have lockdown just about every year.","(I would use a quote I have recently seen) 
Let everything happen to you: beauty and terror.  Just keep going. No feeling is final.",sadness,7,3,3,6,6,8,2,6,2,669,142
1036,"I am feeling very scared. Scared for my partner, for my children and for myself. I am paranoid about one of us catching it.  My OCD has intensified and my anxiety is spiralling out of control. I am petrified one of us will get ill. I am worried about losing money/jobs. I am struggling to cope with being in lock down.  If lockdown gets stricter I fear I will not cope.  I am so very sad for all of the lives lost and scared for all of the frontline workers battling to save everyone.  I can’t see a way out from this.",I am so scared.  Wishing for a miracle to help us through this.,fear,8,5,2,8,8,8,1,1,1,518,115
1037,"It’s a worrying time and brings out much anxiety. You realise how much you take for granted being able to see family and go out whenever you want. It’s also worrying in terms of work and economy - will small family run businesses survive? How long will it take them to build back up and can they with so many people losing jobs, losing income etc?
How long will we have to stay in lockdown? What will the impact be on many things. But it also brings out what people really feel and who are really important to them. You really do find out who your friends are and how very important your family are - staying in touch is so important.",Don’t let COVID-19 keep spreading. Stay home. Stay inside. Protect the NHS. Protect your loved ones.,anxiety,7,2,4,6,7,6,3,4,2,634,131
1038,"I feel very relaxed about the situation. My immediate family are all at low risk. We are social distancing in the ideal situation, with a reasonably sized house and garden and no underlying health conditions. I feel mildly worried for my dad who is over 70 with high blood pressure and does not seem to be taking this seriously enough, but my overriding feeling is one of gratitude that my immediate family are in no danger and living comfortably. I am self employed and have slightly less work, but we have taken a mortgage holiday and our general outgoings are reduced by staying at home, so we don't have financial worries. I feel slight guilt that we are in such a fortunate situation whilst others are suffering and that I cannot volunteer for the NHS because my husband is already a key worker. I feel slightly sad that my children are missing out on their regular activities but aware that they are lucky to do them in normal times. I don't socialise much anyway so I am not really missing the social interaction. I feel I am in as good a position as it is possible to be in under the circumstances and I am grateful for that. ","I feel grateful that we have a house and garden to relax in. We are not stuck at home, we are safe at home. None of my immediate family are in the at risk category. I feel grateful to the NHS and relaxed about our own situation. ",relaxation,2,1,3,2,2,3,5,6,5,1134,221
1039,I am feeling calmer now we’ve been isolation for 3+ weeks but I feel so scared for family and friends. I continue to feel anxious about deliveries and the ‘outside world’ coming in to our bubble. I am in awe of those on the front line. Normally I am very impatient but I’ve come to terms with the fact this will be a long and painful process in many senses. I feel concerned for my son that this social distance will ostracise him from learning opportunities and the ability to socialise. At 2 years old I am relieved that he does not understand some of what he is missing out on. The only positive emotion comes from the opportunity to spend quality time together as a family without interruption.,Something so minute wreaking havoc and horror in the lives of us all. It’s invisibility is what I fear most. So thankful for our key workers. They are what allow me to feel safe and cocooned in our home. I am hopeful for how people will approach life after COVID19,fear,8,5,2,8,6,7,4,2,1,699,139
1040,"I am able to work from home, its a nice day today and I've been working in the garden for the last hour so I'm very comfortable.  I am able to do my weekly shop at my local supermarket down the road which is not too much bother and I am making an effort to stay at home unless I go for a walk (once a day) or shop (once a week) so I feel happy as I can be in this scenario and happy to sit it out until we are allowed to go out more freely. I have concern and anxiety for the older people in our communities, particularly those more stubborn that insist on going out and popping to the shops several times a week putting themsleves and others at risk.  I appreciate not everyone is able to be too comfortable at home due to a variety of factors but I think its important for us to all make the best effort we can. ","Stay at home everyone, it's not worth risking the health of others even if you will be fine. ",relaxation,4,6,6,4,4,4,3,4,6,814,177
1041,I think I have quite mixed emotions really. I am enjoying spending more time with my family. I don't really mind being stuck at home at all and I'm happy to use Facetime to chat with my extended family. On the other hand I'm really annoyed about the way NHS staff have been treated by the government and the hypocritical way they are being praised while being denied what they need to stay safe. I'm also quite fed up with social media and am making an effort to avoid it. There are too many people with misdirected anger - having a go at their neighbours.,If you're a Tory you have no right clapping NHS workers. Where was your support for the last 10 years?,anger,4,7,6,4,5,4,6,5,5,556,111
1042,"I am not extreemly worried about the corrona virus situation, I know it will pass eventually if we al follow the rules and stay inside. However, it is extreemly annoyong as it means I wont be able to see my girlfriend for a while. I will also not be able too see any of my friends in person, but we all manage to talk online everyday. This situation has given me the opotunity to become healthier as i am eating better and exersicing more in my garden, which is a positive outcome for this situation. I am only slightly scared for my grandma as she is alone and vunerable, but I know she will be fine in the end.","Stay inside, think about others, protect the NHS ",desire,3,5,1,3,3,4,8,7,9,612,129
1043,"I’m scared. I’m scared that if myself, my husband or my young kids get ill that we’ll be separated. I’m scared of what the world looks like on the other side of this. I’m scared my elderly parents in Australia might fall ill and I’ll be trapped in the UK. I’m sad that my Pop in Australia is about to turn 100 and won’t be able to see any of his family. I feel sorry for the NHS workers who jobs place them in an environment surrounded by this virus. I feel safe in my little bubble, in my house, garden and local park but as anxious when the groceries are delivered. I am thankful I can still get deliveries. I’m thankful I gave birth three months ago when i could choose a homebirth with my family close by. I am happy when online purchases arrive as it feels like a slice of the normal but feel guilty that they may not be considered essential and are wasting the resources of the mail service. I feel guilty that I’m on maternity leave and not working even though my job isn’t one as a key worker","'@covid19 - you are f**ken scary. I’m scared for my kids, my partner and my parents and most of all for the world you will leave behind.",anxiety,8,5,5,8,9,7,3,3,1,1000,208
1044,"Im very concerned and anxious. Due to COVID-19 I have no income and worries about when I can work again. I’m also worried that my parents or someone close to me might get sick and might not make it. There is so much uncertainty and I am getting really upset by it all. I know it isn’t forever but it feels like it at times. I’m wanting everyone to take it seriously and stay at home so we can get over this quickly. 
This whole situation is making me depressed. Social media is not helping as all the celebrities are living their fancy lifestyles and separated from normality. ",Please stay at home. Better days are coming.,anxiety,7,7,6,7,9,8,3,2,2,577,116
1045,I feel afraid for myself my friends and my family. I hate being under house arrest but understand the reasons why I have limited movement. I am very angry that the UK government are still allowing foreign nationals to enter the UK whilst this is going on as it defeats the object of doing all this in my opinion. I am not sure when all this is going to end but I get the feeling late June/July is the first time I am going to see a resemblance of normality. I am glad that at least on my weekly trip to Tesco's that the shelves are now returning to normal and that people have stopped panic buying items which was just totally stupid.,Please someone from the UK government answer this question for me please...why are we still letting foreign nations into our country on numerous planes even from New York daily,fear,8,7,7,9,8,8,2,4,2,635,130
1046,"I think it's a bit worrying but Chris Whitty CMO has recovered and seems well. Nobody close to me has been touched by the virus so it does feel a little abstract and external. I think everything all feels a bit surreal; almost like a plot from a film. I am frustrated that a lot of people are flaunting the rules and seem to think that social distancing doesn't apply to them which seems reckless and selfish. I don't want someone I care about, or even myself, to become ill, maybe critically, because someone wanted to go and sunbathe in a park. ",The virus situation is worrying and peculiar. I hope people stop being selfish; I don't want to lose someone I love because people couldn't resist sunbathing in the park en masse.,happiness,7,1,1,2,2,2,8,5,1,547,112
1047,I feel tired and withdrawn and like this will never end. Im anxious about mine and my families health and the economy and how we will recover. Im not sure if this part of the survey is flawed as i originally wrote a really long piece and it wouldnt accept it even though it was more than 500 characters. But little things like that seem to irritate me more than usual. I feel annoyed and sad as well as worried my ocd will go through the roof when the restrictions are relaxed. My cousin and aunt work as nurses in a badly hit hospital so i am concerned for them and my elderly grandma they visit to give shopping to.  I am hating being cooped up with my partner who im arguing with more than usual as he is snapping and being horrible more than usual which stresses me out as usually i am very laid back. In my head i want to break lockdown and just travel to my family but i never would and i feel powerless and useless to help other people.,Coronavirus has me stir crazy. I wouldnt mind isolation alone but with a difficult partner its hell.,anxiety,8,4,1,7,8,7,1,1,1,944,193
1048,"I feel angry at people who are not following the Government advice - I have seen larger groups of people every day and l have seen many instances of people not following social distancing guidelines.
I feel like the Government are being evasive about the Prime Minister being in hospital which is making me worry that perhaps the situation is being worse than we are being led to believe. I am also very stressed at how NHS workers are unable to access equipment and tests when more well known people are able to access them with what appears to be very little effort.
I worry for self employed people at this time and the support they are getting and I am angry at big companies with rich owners who actually have the capacity to help but do not.","The PM will be receiving the very best health care there is whilst medical staff, the elderly, the infirm, the self employed, the poor and the vulnerable have to make do with whatever is offered to them (if anything)",anxiety,6,8,6,5,8,6,5,4,4,747,142
1049,"I’m really stressed and anxious because we don’t know when this will end. I also have important plans that are hanging in the balance. I don’t know if my plans are being cancelled so I’m just stuck. I have holidays booked and a new job that’s been cancelled. It’s just a bit of nightmare and friends that are ill and family we’re worried about. This is just a really hard time right now for my friends and family. It’s just unreal the amount of people this affecting. And jobs that are hanging in the balance. Not to mention the economy.
",Mostly stress and anxiety for what will happen the next couple months. Fear about job prospects and the impact this will have on members of my family that aren’t really healthy. Worried about getting ill because you don’t know with this virus. General just disbelief that is real.,anxiety,7,2,2,6,8,5,5,3,2,538,109
1050,"I feel quite anxious and unsure of myself during this whole situation. As a university student I feel the government hasn’t done enough to put measures in place to help us finish our courses so many of us are unsure as to what is going to happen. I also feel that not everybody understands how serious this situation is despite schools being closed and only essential services being open and continuing to run. It makes me angry that people are risking the lives of vulnerable and elderly people just so they can try and continue their lives as normal, which makes the quarantining that everybody else is doing obsolete. ","People continuing to go out when NHS workers, aka people’s friend & family, are risking their lives to save the vulnerable & elderly #imstayinghome",anxiety,7,5,1,4,8,8,1,4,1,621,114
1051,"Not particularly worried about myself but concerned for family, especially those who are older or otherwise particularly vulnerable to the worst effects of coronavirus. Although I can see that positive steps have been made, I am generally disappointed with the government response, both in terms of mixed messaging and the failure to expand testing capability. I think the financial measures to protect jobs, encourage workers to stay home, and assist people to pay bills must go further. I am very worried for those in the health service, particularly due to the shocking lack of PE and ventilators, which is at least partly due to the failings of Conservative governments to fund the NHS and other public services. ","Whilst I have no problem being asked to stay home and avoid contact for the time being, the government must match the public's commitment to play its part by ramping up testing and ensuring that PPE is available to all frontline workers.",sadness,6,6,7,5,6,8,3,4,1,717,128
1052,"i feel depressed over the situation. how long restrictions will last unerves me a bit. also worried about wheter my dad will contract the virus and how his body will react. Im also worried about how my mental health will be after so long without seeing friends as i have no release at home which makes me feel lonely.

im curious to see how the economy will react to it basicall coming to a standstill, and feel sorry for the people who will inevitably lose jobs due to the virus as companies will need to balance the books.",ffed up with corona already! Roll on 2021!!,sadness,6,4,4,5,5,7,3,4,4,524,104
1053,"I feel very anxious about the global coronavirus situation both from a population level and on an individual level. I have previously been hospitalised in ICU when I was 18 with pneumonia so whilst I feel very concerned about the health implications for myself I also feel a very strong empathy and sympathy for all of the individuals suffering with coronavirus, and the families which are being affected by it. I believe this anxiety is made worse by the constant media attention, although I do understand why this is necessary given the severity of the situation. ","I am feeling very anxious about the coronavirus situation as I worry about the health implications for both my family (who work on the front line) and of those in the general public, in addition to how the virus may affect me directly.",sadness,8,4,3,7,8,9,4,4,3,566,101
1054,"At the moment I feel really quite relaxed as the situation here locally is very peaceful and quiet. The sunny weather is probably contributing to this. We are lucky that our house and garden is big enough to keep us occupied, so in a way this feels like a holiday right now. We have quite a few major projects lined up doing things we have been meaning to do for ages. Now we are basically forced into doing them to use the time gainfully. We will see how we feel next week if the lockdown were to be tightened up due to some irresponsible individuals.  I am sad that I had to cancel my plans to go abroad to visit elderly relatives, but 'it is as it is'. ",Everybody knew this was going to happen sooner or later. If only they had made decisions earlier rather than waiting to see what was going to happen. Humankind has been through situations like this before and has not learned anything. It is a global village.,relaxation,4,1,1,5,2,6,2,9,1,656,139
1055,"I feel generally okay at this moment in time. I have food and supplies at the moment although I am concerned about the thought of having to venture outside should I need to buy anything from stores. The last time I went out to the shops, over a week ago now, there were large queues outside every one. Most of the anxiety stems from the behaviour of other people and my distrust of them. Anytime I have either visited shops or had an online delivery to my home, there have been items unavailable due to the ridiculous stockpiling of others. Most of my concern is for my family and their health.","""""""""""""""""Coronavirus""""""""""""""""- down with this sort of thing!",relaxation,6,2,1,4,3,3,3,6,1,594,120
1056,"I feel very sad that there is so many people not taking this serious and still heading out to parks and beaches. I’m also sad that I can’t visit my family but I am so thankful for modern technologies that allow us all to keep in touch. My children would be upset at not seeing their aunts uncles grandparents and friends if it wasn’t for technology. 
We have found new ways to connect as a household too so we are all trying to find the positives in this anxious situation. We are playing scrabble and doing plenty of outdoor games in the garden. It’s nice talking to my children about other stuff rather than letting the usual downsides of working and travel and school get in the way. 
","I wish people would listen to the warnings and just stay at home, I wish people would see this would be over sooner if they followed the rules. Everyone is missing their family and freedom but this will be over sooner if we all just do as we are told. I’m upset at all selfishness",sadness,7,1,1,5,5,7,3,3,1,688,134
1057,"I feel ok with the situation, so far as things affecting me personally. I'm thankful that I no longer live in the 2-bed flat in London, but in a rented house in Devon, surrounded by countryside, with a garden. I'm focusing on the positives, in terms of time to do things I've not had chance to do for a while, and focusing on the business that my husband and I run. We can go for walks straight from the front door, shopping is sometimes less straight-forward, in terms of what's available, but... we can cope. My 85 year old mother is in touch with me, she's ok. My only worry is for the small businesses in our local town; I fear for them, and hope that most are able to survive. I know many won't be so lucky, and that saddens me. But the isolation side of things really doesn't worry me. When my husband's on a contract, I'm home alone during the week anyway, so in some ways, this is much the same!","Thankful to be in lockdown here, with tons of gardening to do, a quieter road, and spring busy springing. Know it's much harder for some, though. ",relaxation,4,1,1,2,2,3,6,6,4,903,202
1058,"Worry and fear for my own and my family’s health. I have underpaying health conditions so I am scared. Anger that not everyone is following the rules, my family and I are following the rules and other people continue to visit family and friends and go out and about . Happiness that I am at home with my family and get to spend time with the people I love. I feel worry and stress that my financial situation could change is my work has to close permanently  or if my job gets furloughed as I can’t not afford as a single parent to loose any income. ",I am really worried and cross that not everyone is filling the rules. You are putting life’s at risk. My sister works in a and e and you are putting her at risk. Stay home and save lives.,anxiety,9,8,8,9,9,9,8,5,5,550,111
1059,"Scared, angry at the UK public for not complying, frustrated at all the fake news circling the internet.
Angry at tory voters clapping for the NHS, when they were dragged through the dirt last election. 
Nervous for my university situation, and my housing situation. Wondering how the hell homeless people are tackling this, we dont know because the news arent covering it. 
Angry at stockpilers, my parents, money, life. 
Realising that we are all easily replacable, our time here never really mattered (animals and nature will return). The only way to really stop climate change is to eradicate the human race? no? Makes you think","Scared, angry at the UK public for not complying, frustrated at all the fake news circling the internet.
Angry at tory voters clapping for the NHS, when they were dragged through the dirt last election. 
Angry at stockpilers, my parents, money, life. ",anxiety,5,7,7,7,9,8,1,2,1,632,124
1060,"worried about family and elderly people catching
stressed about the state of the world and restrictions- university closing in final year.
frustrated being stuck inside all day- used to being out and about
worried and stressed that food shortages may occur
eager and anticipating for life to begin again
angry that my uni experience was cut short and I won't have the same experience as previous years students.
upset that summer won't be as fun as expected.
stressed that I don't have a job and cannot work- won't be compensated- not sure when I will be able to work again
claustrophobic being stuck inside and not being out and about.
bored being inside all day.
content with current company- not lonely .


","stressed about potentially food shortages and what It will mean for the world long term. claustrophobic being stuck inside and want to go outside and be out and about. yet content with company and find many things to do at home. worried for older generations, sad people are dying",anxiety,6,6,1,7,8,8,7,6,2,710,127
1061,"The weight of the anxiety I feel is so intense it makes me wonder if I'm symptomatic - the tightness of chest could be illness or simply suppressed fear. I worry in case I die and leave my daughter alone. I worry I won't keep my job. I worry this is the beginning of the end for us all as the climate changes. I wish I knew if I had it/had had it. And I also hope that this could be the last chance to turn things round for the planet, a chance I didn't think we'd get. I love to see the wildlife creeping back into the world. And I hope the government bail the right people out.",Balancing existential dread with annoyance there aren't more eggs in the shops,anxiety,8,6,2,7,8,6,5,5,2,579,130
1062,"Worried and anxious about catching coronavirus, and potentially passing it on to my husband and 6 month old daughter.  Having to self isolate/shield for 12 weeks as high risk so feeling very disconnected from the world.  Missing family and friends  very much.  Worried about how this is going to impact the economy and the country afterwards the pandemic has died down.  Worrying about mine and my husbands job security.  Husband furloughed so worrying about finances, paying bills and mortgage etxc.","Scared. Anxious. Remember you are not alone, we will make it through this. 💕",fear,8,3,1,8,7,6,7,3,3,500,90
1063,"At the moment it feels like suppressing  sadness. You forget it’s there for a while, do ‘normal’ tasks and then it hits you how scary the current situation is. It’s the fear of the unknown. You’re pretty sure you and your family are going to get the virus but there’s no way of knowing how bad the symptoms could be. It’s anxiety for family and worry for yourself. It’s wanting a cuddle with parents and family who aren’t close by and wondering if and when we’ll be together again. 
I would describe my emotions like a roller coaster. Having a young family helps as during the day life goes on and I can generally focus on them and I feel grateful that we’re getting extra time together. When they go to bed I seem to get a half an hour come down where my adrenaline kicks in and I process the days events. I’m trying to take extra care over my media use as my stress levels seem to increase when I read or watch too much news.","The corona situation seems to have condensed very clearly what and who is important. Everyone just wants to be with family, key workers have been seen for their worth but the class divide seems to have been highlighted in a rather unsettling way. Maybe positive progress will come",anxiety,7,1,1,6,8,9,3,6,1,927,191
1064,"After 3 weeks, slowing down a bit. Noticing people are generally much slower in replying to work emails etc.
By now, I've finished reading the internet & hit the credits on Netflix...
It's Monday and things always speed up on Tuesday though. (I work in live music industry, so not much going on now).
Thanks.
Oh. 500 characters?
Not particularly worried about corona situation at this point, everyone in my area follows the rules, even when out & about.
Missing seeing friends and going to live music. Money is ok for a few weeks. Erm... That's it.
",Don't shut the parks!,relaxation,2,1,1,1,1,2,7,7,3,549,121
1065,"Anxious. The Prime Minister is in Intensive Care as of this evening. 
As a former nurse I have a good understanding how serious this is, and how fast people can deteriorate. I feel until now an awful lot of people have been dabbling with obeying the rules and this is a HUGE wake up call. 
Four weeks ago I instituted a handwashing station at home, beside the front door, in my utility room. Liquid soap, single use hand drying cloths which go straight into the washing machine. 
A week later I tild my son who works in a supermarket that his uniform had to go straight in the wash when he comes in from work and I started wiping down the groceries with dilute bleach. 
I haven't been out apart from grocery shopping for three weeks and haven't seen my partner, who lives 40 miles away, for three weeks either. I am taking this VERY seriously and was doing all this stuff a long time before my friends were. They thought I was a bit mad, to be honest. 
This is a time where the government say JUMP and the correct response it How High?","I do not want to die. 
I do not want you to die. 
Stay at home,
Wash your hands. 
Protect the NHS",anxiety,9,3,2,8,9,7,1,1,1,1035,213
1066,"I'm sad about the deaths, but I'm trying to be practical about getting on with life. I'm getting very frustrated with people moaning about all of their new found free time whilst I'm trying to keep working and keep my colleagues safe. I'm worried for my older friends and family and what this all means for them. I'm hopeful that humanity will make it through this and be stronger for it at the other side. 

I'm now struggling to find 500 words! 

I'm trying to make the most of the time at home to read and to bake and enjoy the simpler things. ","Tired, sad #arewenearlythereyet? ",sadness,4,2,2,4,4,8,4,7,1,547,110
1067,"There is nothing I can do, it's out of my control so I'm just taking it day by day. As a recovered agoraphobic I worry about getting back out there in the future and hope my anxiety about going out isn't increased. I do get annoyed at people who do not adhere to the 2m rule and walk right by me on the street when I have no place to move. Its infuriating when people don't listen to the advice, today I saw people playing football in the park. Sometimes it's hard being stuck at home as you run out of things to do but I try to be productive, exercise and that's all we can do!",There's nothing we can do so make the best of it!,relaxation,4,1,3,4,6,4,4,8,2,578,125
1068,Worried that others won't take lockdown seriously. Worried for my friends and family. Anxious that if anyone were to become infected that they'd be the small percent that would become severely ill and be hospitalised. The overwhelming impact this situation will have on the global economy is also another element of worry. Fear surrounding getting the infection myself and my body not responding as it should. There is an element that of relaxation in having a simple home life and knowing that during lockdown people are safer than if we were all wokrking,"Anxious. Fearful, Worried. United",anxiety,7,1,1,6,7,5,2,3,1,556,98
1069,"I feel anxious about both the global situation and my personal situation. I feel restless and unable to relax. I feel unproductive and worried about the future, which is uncertain. I feel angry at people not listening to government guidelines. I feel worried for them and for those they affect. I am grateful to researchers for the work they are doing. I am grateful to essential workers but I am worried for them and their health & safety. I am proud of communities pulling together to help those who are vulnerable. ","I am worried, anxious and restless. ",anxiety,7,6,6,7,8,6,4,3,2,518,100
1070,"At this moment I feel very angry about all the people that are still going out for reasons that are not necessary! I'm absolutely disgusted with how selfish people are being currently. We all need to stay in and play our part to get over this awful situation but people think they are above the rules and guidelines and this is really starting to piss me off! I fear that if people don't start behaving, then our right to go outside and exercise will be taken away and I know I will suffer mentally if this happens. ",Everyone just stay in you selfish prick!,anger,6,8,8,6,4,5,3,5,7,516,102
1071,"A lot of anxiety for the health of my friends and family, namely those who fall into the vulnerable brackets or have underlying health conditions. Fear, sadness and also the utmost respect for the health workers on our frontlines. Under paid and under appreciated for so long. Anger at the current government doing the bare minimum and being applauded for ‘trying their best’ - that isn’t good enough when their inaction is killing people and their vague rules easily misinterpreted. Is the message stay home at all costs, or is it ‘go for one run a day’? It just doesn’t add up. Furious at people who continue to flaunt the rules. But mostly just anxious, tired and sad and ready for this to be over so my friend can get the chemo she needs hopefully before it’s too late (at the moment it is all on hold for at least 3 months because she is deemed too high risk). 

","I could not have more respect for our key workers at this time - thank you for your incredible service from the bottom of my heart. Now is the time for the government to step up and match that in financial reward. End austerity, end cost cutting, reward where it is due. ",anxiety,7,6,6,7,8,8,3,6,2,868,177
1072,"Annoyed at the people leaving their house when there are frontline NHS staff risking their lives. Anxiety for my family and grandparents if they get coronavirus. Annoyed at the lack of leadership from the start from Boris. The media is making people fearful as it is all negative stories and deaths and constant fear mongering. However, I am hopeful that there are some positives in this e.g. ozone layer is healing, Less pollution. I am also grateful that I am in a fortunate situation compared to others and we're all in this together.",How can people go out and continue to spread coronavirus when there are staff risking the lives and people dying. It is not difficult to stay indoors in order to save lives.,anxiety,7,7,3,6,8,6,4,5,5,537,102
1073,"It is very scary, especially because of the vulnerability of my family, but it can be overcome, however it is scary and annoying to see youths still going out with their friends and people underestimating the severity of the disease especially to vulnerable people. Not only this but some people lie and think it is made up or are too engrossed in the politics and don't understand the normal people being affected by it, dying and being extremely subdued. However personally for me it is awful because of the regime and how difficult it is to adapt to living in isolation, not going out or seeing friends and family or loved ones, or being able to exercise properly or educate and the countless hours spent infront of a computer","Very scared, anxious and annoyed at disbelievers",fear,8,7,5,8,7,3,6,6,2,729,137
1074,"Whilst I feel that there is little risk to me, I feel anxious about the health of the greater population, as some people don’t seem to be taking the rules for lockdown seriously. I’m unable to work from home so this period is a chance for me to catch up on DIY, this may also be why I don’t feel as much pressure as other may feel. 
I think the government was too late in bringing in the necessary measures and so there will be more deaths than if they had been stricter, faster. 
The general population seems to be taking this opportunity as a holiday, not realising that every unnecessary trip could result in them passing the virus to multiple other people, as they may have the virus but be asymptomatic   ",My main worry is for the general population as I’m in a low risk category. I hope that other people consider others health when they go out unnecessarily,anxiety,6,1,1,4,7,3,4,6,1,710,141
1075,"I’m currently a suspected case of Coronavirus so I’m very anxious. I am recovering at home but it gives me great anxiety to constantly see deaths on social media and the news, especially of young people around my age.  I’m extremely worried about the rest of my family and at this present time I’m stressed about how long this will go on for and how long I’m not allowed to see my elderly mother. I’m also slightly angry at the people continually not listening to the governments advice and are out and about.",Please stay at home! I currently have a ‘mild’ case of Coronavirus but trust me it doesn’t feel mild! #stayathome #beatcoronavirus,anxiety,9,2,1,9,9,9,1,1,1,509,98
1076,"I'm very angry at the Conservative government for placing the economy above the lives of the poor and vulnerable, and terrified of the effect coronavirus will have on other countries with a less stable healthcare system and on refugees, people without access to healthcare and homeless people. I am also concerned about my own family. I am also sad about being confined to my flat and not being able to go about my day to day life and see my friends. I am angry that the media are not holding the government to account and concerned at the conspiracy theories cropping up and being spread on social media.",I am very sad and tired about all of this and wish it were all over.,sadness,7,6,6,5,8,8,1,1,1,605,114
1077,"How I currently feel about the coronavirus is indifference. The virus itself has had no direct impact on my family or myself so I feel quite happy about that. Indirectly it is having a negative impact on my mindset due to no longer being able to work. I feel stressed and anxious over how I will be coming out the other side of this. Will I have to look for a new job? Will I have to work full time despite it impacting my health? Will I still have a roof over my head? Will I be in great debt. This makes me fearful of the future. However, with regards directly to the virus, I do understand it can be deadly but I feel confident that I am going to be ok.","Coronavirus madness saddens me to see people I care about falling apart. Me, I'm enjoying quality time with my daughter, crafting and my body is getting a chance to heal from not having to work. #wewillgetthroughthis ",relaxation,4,1,1,2,2,1,8,8,7,656,144
1078,"I feel very angry that some people are not following the rules, they are visiting neighbours etc and bragging about it on facebook and I am disgusted by their selfishness. I am missing people during the lockdown and am being sensible and responsible by staying inside and not seeing anyone, but others who are not being sensible are making it last longer and making it worse for everyone and I think they are incredibly selfish and it makes me very angry. I feel sad that I cannot see people and very anxious and depressed. ","STOP BEING SELFISH AND STAY HOME. If you go out and visit people, you are selfish and making the problem worse and last longer. Be sensible, we are all in the same situation and you are no exception to the rules.",anger,8,9,8,8,8,8,1,3,5,524,99
1079,"Very anxious and apprehensive about the future there are so many things up in the air. I'm finding it difficult to concentrate and motivate myself whilst being this anxious. The worst thing is no one really does know how to solve the situation and it feels like nationally not everyone is pulling together. I'm also worried about my family and friends as no one is immune yet people seem to think they are. Tense, anxious and dazed. Doesn't help when you've said pretty much everything and getting pushed for 500 characters in a survey - so add irritable to that too! My fuse is definitely shorter at the moment ","Anxious, tense and irritable - I'm worried for those I love and my future as an adult",anxiety,8,4,1,6,8,6,5,6,2,612,116
1080,"At this moment I am quite worried, anxious and stressed out. This uncertainty is really bothering me as I do not know when the things will get back to normal and I will be able to see my family again. I haven't seen them for a long time as they live abroad and I miss them. I am also worring about my job, finances and the impact it may have on my future career. I have been working so hard to save some money and I am afraid that I may loose it all now. I has become really depressing that I can't spend too much time outside and I have to stay at home instead. I have also had to cancel my pre-booked holiday and I do not know if I will have a chance to go abroad this year. ","We're all very stressed out at the moment but we need to stay at home so the whole situation'll get back to normal quickly. That's the only thing we can do.If you feel anxious and worried, know that you are not alone, we all do but together we can beat the #coronavirus#staystrong",sadness,7,3,4,6,4,7,5,5,4,677,150
1081,"I think that I will be safe because I, and my direct family are able to all self isolate and therefore the risk of us getting poorly is very low. However, I feel so much sadness and worry for all of the workers who are not getting the care they deserve, the patients who cannot get the treatment they need, the citizens who haven’t got the money to feed themselves, the elderly who experience extreme loneliness, and the apparent lack of care from the government. it’s absolutely shocking and poor what they are providing and they should be ashamed of themselves for all the blood in their hands for not providing more to the NHS. I also worry for ill patients without the virus, having heart attacks, strokes etc who are not receiving care because it is deemed less important. Utterly a appalling ","Utterly appalled at the stance the government is taking towards covid-19. This should be a time for unity, not a power call",sadness,7,7,6,6,7,8,2,1,1,798,155
1082,"I feel afraid for the people I know especially my family and friends. I feel sad for the people who have lost their lives especially my uncle who was in hospital alone died alone and was cremated alone. I am anxious all the time and don't sleep well. I am grateful to all the NHS staff and the carers, especially the one who are looking after my 86 year old Dad who has dementia and won't understand why I'm not there. I am nervous when the phone rings incase it is bad news about dad. I am jumpy at sudden noises but frightened to hear the quietness when I am in my garden. I am scared that I won't find enough food for my family.","Feeling anxious scared and confused, I don't understand and feel helpless.",fear,9,6,4,9,9,9,2,1,1,631,133
1083,"I am worried for my familys physical health incase they become ill and also their mental health, particularly my daughter who is 9.  I am angry and disgusted at people who do not follow the guidance in relation to staying at home and feel guilty if and when I leave the house, although I know I am sticking to the rules. 

The news of Boris Johnson being hospitalised is concerning me,  

I find myself very emotional and crying easily at things such as the Queens broadcast last night and silly programmes on the TV. ",Scary crazy times.  We can get through this is people would do as they told!,anxiety,5,2,2,3,5,6,4,4,4,518,100
1084,"I feel quite low at times throughout the day, slightly anxious about the unknown and restricted and a little bit trapped although I’m fully aware it is all for the best and needed it does feel very lonely and I worry about when this will all be over and how different things will be when it all endS. I have some money worries about how Secure is my job.  It’s the worry of the unknown and whether you yourself will get it or a family member friend and could I too be a carrier and pass it on someone else that I care about ",I feel lonely and anxious because of the virus when will this end please everyone stay in!,anxiety,6,3,1,6,8,6,4,4,3,524,107
1085,Sad towards those who don’t follow the guidelines to help prevent the spreading of corona virus and for everyone to be able to eventually get back to normality when this is under control. Upset with the losses from the virus but glad lots of people have managed to recover. Disappointed action wasn’t taken sooner by the government to contain the spreading earlier on to prevent such losses and intense lockdown measures. Upset I can’t enjoy the sun with my friends back at university and spending times at pubs. Hopefully the level of testing increases and the NHS are able to get the PPE that they need to avoid any chances of caching the virus.,please stay home so this stops and people recover so we get back to normality. i’m sick of waking up to bad news of tragic losses and i miss my pals and the social gatherings we have :(,relaxation,5,1,1,4,3,1,5,6,1,648,119
1086,Significant Anger and disappointment that we are in this situation which could have been significantly reduced had the governemnt acted much earlier to isolate those coming into the country from know infected areas. Dire and extremely slow response to prevent hoarding of food. Dire response to protect the vulnerable from job loss and apply for benefits. Worried for the extremely vulnerable relatives I have who haven’t and won’t leave their houses for 12 weeks. Anger tHat the lock down has also been poorly managed persecuting the responsible residents,"Anger, deep sadness, disappointment and disbelief at the diabolical situation we are living through and which our children will have to face the long term consequences of economically and emotionally ",anger,3,8,1,1,1,9,2,1,1,557,92
1088,"I am currently feeling a lot of emotions with the coronavirus. In base of the situation, I am disgusted in China being responsible for yet another virus. I do not blame Chinese citizens, who are the victims of their own government, I blame the government's irresponsible handling of not continuing to ban specific market practices. This is yet another situation where China failed to fix a problem; in the past proclaimed that these markets are banned, yet it's blatant that they have not been with this virus occurring. In response to the virus, I am disgusted WHO is backing China when refusing to oppose pro-CCP sensitive questions, and possibly manipulating statistics. The victims of this situation will die in cases beyond the virus, where vulnerable populations will be hurt, once again, due to irresponsibility. I am sickened by thinking of the world post-Covid19. All those with lost jobs, regulations being placed when nobodies paying attention, increase of poverty and wealth displacement. There's too many thoughts and feelings, though sadness and repulsion seem to be the easiest way to define how I feel.","We cannot let this happen again. Poor market practices harm all. I am saddened and repulsed to know this could have been prevented, yet again. In the future, these practices all have to end. #HoldChinaResponsible ",anxiety,6,6,6,7,7,7,3,3,3,1118,204
1089,"I am very anxious because I believe that I have had the virus, but cannot be sure until I get an antibody test - which is not likely to become available until the 'herd immunity' can be estimated. So the anxiety remains. I am cross that the situation has not been managed well, but realise that the correct methodology for handling it will only become evident in hindsight. That does not relieve my anxiety. I particularly feel empathy for those who are suffering worse than I did. Most of all, I am anxious for my family members - especially my children and their children.",Anxious for myself and my family. Cross that the experts are not managing the situation well. Cross that the policy of herd immunity is being disguised.,anxiety,8,3,2,5,9,6,1,2,1,574,115
1090,"I feel very fearful for the future both short term and long term. In some ways I am also looking forward to the time when positive changes start to happen. But in the meantime, there is a lot of uncertainty and this concerns me. One positive is that I feel the Corona situation has forced everybody to slow down, to spend time nurturing new and old relationships and to evaluate what is most important to them. I feel terrible for the people badly affected and fear that they could happen to me or those close to me. I hope and pray for this to be as over as quickly as it started and wish that it was possible for clearly defined timescales so that we knew what we were faced with. ",Terribly sad for everybody affected by corona in the many ways it is affecting us all.,sadness,7,3,3,8,8,6,6,6,4,683,139
1091,"I am very anxious and scared about things i bring into the house, and very anxious on the uncertaintity that still surrounds the whole situation as I believe we will be stuck in lockdown for a long time. I am worried for my mum and brother and being so far away from them I wish i could be with them during this time
I am taking this time to look after my personal mental health and trying to relax more but this is proving difficult as I live in a tiny studio with another person and don’t have a garden or any other space to go to ","I am scared, anxious and worried. Everyone is in the same boat, so everyone should make the same effort and start staying inside! The quicker we learn this the quicker we get to see our families again",anxiety,7,6,6,7,9,8,5,5,6,533,109
1092,"Anxiety about what’s to come and who it may affect.
Fear as people I know are key workers and they’re on the front line.
Worry as I am a teacher and am potentially exposed when I’m in school.
More anxiety about how schools will manage after everything’s back to normal.
Proud to be in a community that looks after each other as seen in our Facebook group and seeing signs in windows and on fences as I go out for my daily walk.
I am avoiding watching and reading the news as it makes me feel even more worry.
Everyday the situation is changing which is making me think we’ll look back at this time and think about how the world stopped for this period.","I will look back at this time and feel worry, anxiety, fear about what is happening and how it is affecting people, how it closed my school and made me work from home, wondering what will happen in September when the schools might open. This’ll affect us for a long time.",anxiety,8,4,4,7,9,7,2,2,2,652,132
1093,"It is very worrying both for health reasons and for the long term economic impact. I feel the government is doing all it can to scare people and make them accept the draconian restrictions on civil liberties. People should be given some indication of that the exit strategy from the lockdown will be and when it will happen. For once I agree with Trump that the Coronavirus cure cannot be worse than the problem itself"""""""""""""""". It does not make sense to implement a policy with no clear plan to get out of the situation. As someone said, the government appears to have painted itself into a corner.",There must be an exit strategy from the lockdown before the economy and the future of young people is destroyed for ever.,anxiety,8,6,3,8,9,6,4,4,1,592,116
1094,"I feel very angry, mostly at the Chinese government for letting this happen. I’m also very anxious as I’m in a different country to my family and I don’t know when I’ll see them again. I’m just waiting for the day when this is all over.

At this time of writing, the prime minister is in intensive care and this only adds to my worry. I have underlying health conditions so I’m being very careful but I’m also adamant to get my outdoor exercise in daily.

I’m working from home currently which is challenging but define achievable. ",'@China thanks for letting your people mess with animals and infect the rest of the world! And also for lying about your death total!,anger,9,8,9,6,7,8,3,2,2,532,105
1095,"Sadness, people all over the world are impacted, when will it be over, nhs workers are doing their best to help us and need to be thanked for their hard work. Many people around the world are in isolation and are worried for everyone. Uncertainty of what the future holds because of this, whether we will be able to go back to normal, the lack of exercise and leisure activities makes people unhappy however if people stick to what they have been told by government and health officials this will soon be over ","Sadness by the amount of people impacted, if people just stay at home this will soon be over, lets work together and protect others ",sadness,6,6,6,7,6,8,2,2,3,510,100
1096,"I'm incredibly concerned for the health of my close family. My parents are both in the most vulnerable age range, and my father in particular has health concerns. My sister works in the NHS as a home carer, visiting people in their homes, which puts her at tremendous risk. Personally, my finances are in a bad state of affairs as I work in entertainments and have had no work at all for several weeks and no income. I'm struggling to pay for food.
The lockdown itself hasn't bothered me too much, I've been able to keep myself busy so far, but the general anxiety of the growing crisis edging ever closer to my life is causing me some distress.","I'm fearful that life will never be the same again one way or another, and that it will take a long time for anything resembling normality to return, if at all.",anxiety,9,5,3,8,9,8,4,2,1,645,131
1097,feel like people do not realise the magnitude of what staying in can do to help slow down the rate of cases. the government have put in measures but they arent that serious in comparison to other countries such as Germany who are taking it much more seriously. my grandma has recently been diagnosed with the cvoid-19 and she has only has contact with a few carers who come to her house to look after her. this has made me a lot more anxious about how cvoid-19 can affect the people in your family who you didn't think could get it that easily.,"social distancing affects more people than you think, if you don't stay at home, you wont help people ",relaxation,6,3,5,6,6,5,8,6,4,545,107
1098,"I am feeling very worried about the statistics of the disease. Looking at the effects worldwide makes me worry it will have a lasting impact on the world as a whole when it's over, catastrophic potentially. Could compare it to a world war in thirty years time. Right now my biggest fear is spreading it to someone else. I may have already caused the death of another human being in this outbreak. Makes it very hard to muster the courage to go out to even get essentials, I've been tempted to try and get deliveries for the foreseeable future. ",Going a bit mental being in the gaff flat out. World is a little nuts right now!,sadness,7,3,1,6,6,9,1,1,1,544,107
1099,"I feel that in general some people are making it worse for everyone else. Also, the media has been awful and made everything worse.

They spread lies and they are as bad as social media with the false information going around.

People don't seem to understand the social distancing methods, i have even walked down a path to get essentials and two police have walked passed me next to each other when they could have just walked in single file down the small path. People in general are idiots here in the uk, sunbathing in parks and not taking the issues seriously. ",#pleasestayathome #stopbeingmorons #listen,anxiety,6,6,6,5,7,5,4,5,3,567,110
1100,"I feel very uneasy about the Corona virus situation. Not knowing how exactly it is getting spread and the social distancing instruction is worrying. The uncertainty of when the lockdown will be over is very draining and the inability to move about freely makes me feel depressed. I also feel fear for myself and immediate family as the survival rate are not great.
Watching television all day and sitting in the garden doesnt feel fulfilling enough and my inability to go to work and interact physically with my colleagues at work is demoralizing. I worry that this will not go away in a few weeks",I feel physically and mentally drained by the Corona virus pandemic situation. I hope we can get over it in soon and go back to living our normal lives. I worry that the lack of information in a vaccine is not promising and I am trying hard to stay positive and safe.,fear,9,1,1,9,9,8,2,2,2,597,110
1101,I feel anxious not knowing whether I or my loved ones will get the virus and how severely we would suffer. I am very scared that my youngest daughter would become ill and have to go to hospital without me. She would be terrified. I feel very upset that people are being asked to sign DNR forms if they are deemed as less valuable than other people. This is immoral. I feel very anxious going out weekly to do the shopping and hate mixing with others in public. I feel sad for my children missing out on important parts of their childhoods and I worry about my mum living alone at age 78.,"I am expecting the worst and hoping for the best. Angry about so many selfish people, incompetent self-serving government and so thankful for our NHS",sadness,6,7,2,7,7,8,2,4,1,588,120
1102,This situation is quite worrying as I do not know when this virus will end. I am very curious about this virus as I want to know how this will be suppressed and this actually started. Anxiety has taken over me as I have no idea when I could go back to work and earn money to provide for my family. What will happen if this virus continues? Supermarkets are calming down and tissues are available now. I feel as if I am stuck in a box and the walls are closing in. I am only allowed to do outside for essentials and this is taking a toll on my whole family.,This situation is frightening and I am worried about the future because everything is going downhill.,anxiety,8,6,5,9,8,6,4,3,4,556,119
1103,"While still generally anxious about the situation, at this very moment I feel relatively calm. I have been very up and down during lockdown and can go from feeling OK in the morning to very worried, sad or anxious by the afternoon. I read about some nurses and a surgeon who died this morning and that made me feel really sad and worried for staff that are on the front line. I have periods of extreme worry about older relatives but don't worry so much about me or my husband getting it. I have been angry about people who are flouting the rules. I find the whole thing very surreal.",I heard about some nurses and a surgeon who have died from Corona in hospitals local to me. This is so sad and frightening for people on the front line and their families. This whole thing is so strange and scary #thankyounhs,anxiety,5,3,3,6,6,6,5,4,2,584,118
1104,"Overall I feel overwhelmed. It is hard not to become all consumed with the information, the fear, the anxiety and the worry. It is hard to find a way to feel useful. Living day by day is better than trying to focus on the longer term and finding small tasks to complete to bring a sense of success and achievement are important. Each day I go to bed later in a bizarre attempt to delay the coming of the next day and all the headlines of more infections, deaths and stories that the day surely brings. Daily conversations - and especially video ones! - with people are a real lifeline. Fake news worries me enormously. In a way I feel 'safe' in lock down and I worry more about all that comes next.","Looking forward to the return of #normal-life! Not gonna lie, its hard to handle the madness! But on the upside, grateful for #family #friends #NHS #volunteers and #home #wegotthis",anxiety,9,6,3,7,9,9,4,2,6,698,147
1105,"I miss my boyfriend (who we recently was kicking things off so suddenly changing to virtual interaction only was a bit strange) I'm disgusted at how the public aren't following the rules, and anxious and in fear due to the spread because of those people. I'm scared for my own family and my own health, not just for the sake of COVID but if something else were to strike one of us or myself, that appropriate help would not be available. On top of this, I still have the workload and responsibilities of a young student who recently got a car and flat, my MOT and tax (despite being new to me) is due during lockdown, which brings me to one of my final points and feelings, general confusion towards what the government is advising - there has been varying contradictions from the government on what we should and should not do. And I don't like such leniency in some cases (such as my non-essential worker father still being loopholed into doing work) and strictness/being difficult in others such as my MOT and tax situation. ","Angry at the public for ignoring the rules, making life worse for everyone else! Sheer confusion from the government and ultimately anxiety about this whole thing! I hope for it all to blow over ASAP!",sadness,7,6,5,7,7,5,3,2,5,1028,204
1106,"I feel very uncertain about the current situation, provided that my University and employment has been cancelled. This places a burden on both my academic and financial state., which further increases my worrying.  
I am also worried about mine and my family's wellbeing and health in general. I am trying to be cautious and follow the government's rules and regulations, but the whole panic in the news and society just makes me a bit scared and causes me further anxiety.
I am also a bit lonely as I have had to cancel plans to see my friends and family due to the outbreak. 
Finally, I am really nostalgic about things that I used to enjoy before, while now I feel like I am missing out on experiences. 
Surprisingly, the experience of being so restricted makes me feel grateful and appreciating of everything that I was able to do before the lockdown. ",Currently beating the indoor blues by reminiscing about happier times and about the freedom we all used to have and took for granted.,anxiety,7,2,1,7,8,8,1,2,6,856,165
1107,"Its frustrating that people are continuing to go out despite warnings and risks. I'm nervous that I and people I care about will catch it if people continue to ignore warnings and go out. People that continue to go out when completely unnecessary represent the worst of our society in my opinion and further restrictions should be put in place to deter these people and punish them when or if they breach the rules.  Its a very serious situation and people aren't taking it seriously, especially America that has a huge population that aren't receiving treatment quickly enough. Governments need to do more to protect and care for its citizens.",Stay the hell inside.,anger,5,6,7,4,5,7,1,3,1,644,116
1108,"I am slightly worried about the situation and the effect it is going to have for the future. I have worries about what would happen if members of my family were infected and needed hospital treatment, as the situation there seems very bad. I am also concerned about how this is going to affect my university studies and the uncertainty around my assessments is causing me anxiety. But I feel fairly relaxed about the lockdown measures that are in place and don’t find them too difficult to manage or too restricting. However, if the situation worsens and further limitations need to be put into place (e.g no exercise outside of the home) I would find this very difficult and restricting. This worries me as I don’t think people are following the guidelines appropriately. ",I am concerned that many people are not following the very simple guidelines set out by the government. Thereby putting others at risk and increasing the likelihood of a stricter lockdown. We need to be more considerate of the difficulty the NHS is facing and lessen the struggle.,relaxation,7,2,1,5,6,2,5,6,2,773,143
1109,"I feel that we are in a very delicate situation right now. The pandemic is really hitting hard in most parts of the world. I fear for my family, where some of my relatives don't have a choice but to continue working. They are at high risk of contracting the virus. This makes me feel fearful half of the time. 

Personally, with the UK going in lockdown, it is the correct decision, but I do feel a little trapped and lonely right now. I feel that I can't escape my home and I hope this changes soon.

Moreover, we're financially unstable as I'm not currently working and haven't been on furlough (up until today).   ",Coronavirus spiralling out of control,fear,7,2,2,7,6,4,4,3,5,617,129
1110,"I am surprisingly calm. I try to stay in the moment and force myself to accept that I personally cannot improve the situation more than adhere to the advice and rules put in place. I thought I would be more anxious but I seem to have settled in a """"""""""""""""I'm doing what I can"""""""""""""""" and """"""""""""""""I cannot change or prevent any possible outcomes by worrying about it"""""""""""""""" This is not typical for me as I am a very anxious person normally, which makes me suspicious that there will be reprecussions later. I still """"""""""""""""go"""""""""""""""" to therapy once a week over video call which keeps me sane.","This isn't time for selfishness, or the """"""""""""""""this doesn't apply to me""""""""""""""""-mindset.  We need to take care of each other and ourselves by adhering to the rules.",anxiety,7,2,1,7,8,6,4,5,1,557,123
1111,"I am very concerned and feel anxious as I live with my parents and don't want to catch this as they may become very ill. I feel angry and upset that I can't book home food deliveries for them. I hear my colleagues in the NHS are not being respected and I fear going back to work due to the attitude of the public, who if they are being filmed will clap the NHS but you are not seeing the true picture of what these people are really like. I have not slept for 3 weeks and I am concerned for my health as this will make me more susceptible to picking up this disease.",I am fearful of the people who do not respect the governments message. These left wingers are responsible for killing so many people and I want them to stop. Keep at least 2 feet apart,anxiety,9,2,3,2,9,3,1,1,1,566,120
1112,"At this moment in time I feel extremely worried and angry about the Covid-19 pandemic. Plans I had made for the future have all gone and unlikely to occur again. Holidays cancelled, birthdays affected. I am very worried about the health and wellbeing of my family and friends who are all compromised due to underlying health conditions. People are not following the rules of social distancing and believing it's just the flu. Needlesly risking other people's lifes due to their own ignorance and stupidity. It has been difficult trying to get time off work in order to self isolate so as to protect my family. I'm lucky I work in a sector that can continue to provide a service during this time (therefore my job is safe) but they are making life difficult by not providing us with proper protection from Covid-19 other than wash your hands and here's some antibacterial wipes.
The economy is going to tank again just as I was starting to gain my feet from the last financial crisis in 2008 which hit a few months after I finished high school. Stronger sanctions should have been in place weeks before the where to try and minimise the disruption to the world. All travel from hotspots banned, people quarantined for 14 days, large gatherings cancelled sooner. Hopefully lessons will be learnt for next time. The only glimmer of light is that people are helping others in need. I hope this can continue long after this is over.",Can't change the past but we can change the future. Cliche but true. Things are horrible at the moment but better times will come. Stay at home. Wash your hands and help flatten the curve. By working together we can change the future into a brighter one for everybody.,anger,9,9,6,6,9,9,2,2,1,1427,269
1114,"I feel very anxious about how's long this will last for. The isolation situation is not helping my mental health at all. I am worried about work and how this will impact it long term. The advice is constantly changing and mixed messages are rampant. I have to go to a second NHS job and don't know if I will have protective gear. I'm scared I could not only catch it, but pass it on to someone. This would distress me greatly. My motivation is very low and I'm worried about annoying my partner and his family whom I'm in isolation with.",Scary times. advice changing all the time and no set end in sight. Trying to stay strong but it's so hard. Stay safe as best you can everyone,anxiety,7,7,5,7,8,7,4,3,5,537,111
1115,"Extremely anxious and worried. 
All the news and media reports are constantly how bad it is and how much worse it’s getting. They never report fairly and just try to sensationalise things.  I constantly feel in a state of panic. I normally suffer from health anxiety so for me a global pandemic is the worst possible thing that could be happening
I am extremely worried about catching it, and worried how we will get out of the lockdown. The government aren’t being strict enough - flights are landing into the uk with no checks and people are gathering in parks. I feel anger towards these people, and also towards the Chinese as they are responsible ","Situation seems to be stabilising in Europe. Hopefully UK has already hit peak/will do soon, and we can be out of this mess asap",fear,9,7,2,9,9,6,1,1,3,652,123
1116,"I feel that being locked in at home will take a toll on anybody's mental health, and that it has made me more sad, and slightly anxious as to when this will end. Spending hours locked in with the same people is exhausting and boring. I really want to go outside and see my friends, we are all anxious as we are to be assigned grades which may not reflect what we could have achieved, were exams to take place this year. This has made us all quite stressed too, as these exams will allow us to progress to further education. I also feel worried for my older relatives, who are also finding it difficult to stay at home, for their safety and health.","Feeling very bored and lonely at home, isolating is much more difficult for others compared to some. ",sadness,6,2,2,4,4,6,3,4,6,647,136
1117,At this moment in time I feel worried for others when it comes to covid-19 but I am not worried about myself. I feel some anger towards the individuals who feel it is okay to go against government guidelines and still go outside when it is non essential and have group gatherings. I am worried about our prime ministers health and well being after his covid-19 diagnosis and declining health. I feel proud of myself in this moment for staying in my house and staying away from people who I know covid-19 would severely effect mainly my key worker and elderly family members.,"In the end we’ll all be okay, but we all must start following the rules and stop being selfish because this is not just about you it’s about everyone.",relaxation,3,1,4,2,2,1,9,9,7,574,107
1118,"I am angry that others are not listening to the government’s advise as they are going outside still and meeting in large groups. I feel slightly anxious that me/my family will get the virus as we still have to go outside to get essential things but that exposes us to the possibility of catching it. I’m stressed also because even though I am at home I am getting a lot more uni work than usual to do, which still has to be handed in by the same deadline. When I don’t have any work to do I am relaxed and happier because I get to spend time interacting my family and FaceTiming family not with me so I still get to keep in touch with them.",So angry at the moment at how ignorant and stupid people can be!!,anger,7,8,6,7,3,1,4,7,3,640,133
1119,"Mismanaged by any of the worlds disease control departments, we know that Lysol evidently fights the control of Human Coronavirus (as described on its label), but chose to not do anything further. The US/UK have known about the potential for COVID-19 but again chose to not take it seriously. As these departments and people are employed to stop/assist in these outbreaks they are now culpable for the deaths, along with the Chinese area of Wuhan for allowing this atrocity to spread world wide. It appears at least there is evidential e-mails showing the head of the Control Disease Centre (CDC) dismissed the outbreak as only an extended strain of the common flu. If as is his title he is running a $40 billion budget each and every year, the buck must stop with him in the US...","A virus that has taken lives, that is already known, but unfortunately nothing has been done to prevent the spread, or even working in a vaccine...until the world went in to melt down.",fear,4,3,6,8,7,6,6,7,6,781,157
1120,"I am far less anxious about myself, and more so about my loved ones. My parents in particular worry me, and as I’m not with them that is the primary source of my anxiety. I think that the UK wasted valuable time that they could have used gathering supplies and tests and should have locked down earlier. Instead they seem to have fallen for their own exceptionalism and that is clearly proving false now, so I have anger about how this situation was handled and deeply hope we massively increase our testing soon.","I know that it’s scary and boring, but we all really need to stay inside. Too many vulnerable people are being forced to rely on the assiduousness and adherence to government guidance of strangers, and that must be terrifying. Put yourself in their shoes and stay inside.",anxiety,7,2,1,6,7,6,4,2,2,513,100
1121,"Very anxious and fearful. 
I think it’s mainly the fear of the unknown. Will I catch it? Will I die? How long will it go on for. 
There’s so many unknowns 
Very worried for my family members and then my child. She’s the reason we’ve been isolating for the last 3 weeks, to protect her 
It worries me like mad when my husband has to work, as he’s in and out of people’s houses fixing boilers. We’re being very cautious and just taking each day as it comes. 
Hopefully people will listen and stay at home, although we did just go for our daily walk and see a group of teenagers playing football. ","Why can’t people listen and stay at home! The nhs is struggling and vulnerable people are going to die. All because people can’t stay at home. It’s infuriating that people can’t see that this is temporary and things will get better, if we all follow the rules and stay at home! ",anxiety,9,6,6,9,9,8,1,2,2,594,125
1122,"I feel fearful when a family member has to leave the house to go shopping as they could come into contact with someone with coronavirus without knowing as the person might not have symptoms at the time. I'm worried a member of my family might get coronavirus and might have to go to hospital. 
I also feel sad that I can't see family members that aren't living with me, but I am following the rules and only going out when necessary (for shopping- as little as possible) as I understand how serious and important it is.",So upsetting reading that idiots are still ignoring lockdown rules. People are risking their lives at work trying to save other people's lives. People are dying in hospital. You're only being told to stay in your house!!,fear,8,3,3,8,8,6,1,1,2,519,102
1123,"My emotions have been quite up and down over the last few weeks as a result of being in lockdown. Sometimes I feel quite content. I know I am very lucky due to my situation at home. But there have been times where I feel lonely and miss having the opportunity to see important people in my life, such as my boyfriend.

I also feel for all the people whose families are being so badly effected and for those who have lost and are losing loved ones. Two of my friends lost their grandads within a couple of days each other and I think that is when the situation really hit home for me.",It is devastating to see so many people's families and lives falling apart. At this time it is so important to take the time to appreciate what and who we have and to come together to help those struggling.,relaxation,6,2,1,6,5,5,7,7,5,583,121
1124,"The Corona situation is a very differcult thing to take in. Watching the news Daily, hearing about more negative news has been hard to take on my anxiety and I fear it so much. I'm worried about my loved ones as some of them have their own health problems that could put them at massive risk and that's the most scary thing about this virus. I fear it will get a lot worse before things get better which could go on to last months which will have such a negative affect on so many people mentally, physically and financially. ","The selfishness of parts of society have shown in the worse thing this counrty has gone through since the second world war, from stockpilling, putting the prices up on medical supplies such as hand wash and loo roll. But we have also seen so many brave and amazing key workers. ",anxiety,9,4,4,9,9,9,4,3,7,526,105
1125,"At the moment, I am feeling quite sad about the amount of people that are contracting and dying from the virus. Particularly, when it is people who are known to me or have been in close proximity to someone I know. I fear that someone in my family may not be safe. Also, I have some family members in the NHS who I am particularly worried about and my grandad who is vulnerable and living with him has made me anxious about being sanitary. When I don't consciously think about the situation I am able to relax and occupy my time. The worry is that there is no knowing how long the lockdown is going to last and what the repurcussions will be.",Getting a lot of things done during this lockdown. But worried about the NHS staff and vulnerable people. Let's hope this lockdown is over soon so make sure to socially isolate so we can get back to normal life.,sadness,7,4,2,6,4,8,5,6,5,642,132
1126,"At the moment I feel guilt for enjoying the isolation, I suffer with social anxiety and sadly, this staying inside has allowed me to regain control of my routine and fall back in love with my hobbies, but in the same vein I'm scared for what's to come when it's all over or even before it is, I'm worried about my family members, my job and when the world will be back to normal. 
Currently my place of employment is closed and as it's a small business there is a good chance it will go under as the local authority isn't supporting them as best they can. I honestly have no idea what life will be when this is all over. ",I feel very confused. I'm trying to find the positives in the currently situation but it's difficult.,anxiety,9,2,4,7,7,8,4,5,7,621,129
1127,"Concerned and Anxious about the current crisis.
Worried and very nervous when travelling to and from shops.
Unhappy regarding the lockdown and having my freedom restricted.
Fearful about Finances and job security.
Trouble relaxing at night and difficulty with sleeping.
Not enought information being provided.
No leadership from the Goverment, prime minister ineffective and did not react quickly enought and made crisis worse.
Goverment cuts to NHS has created bigger crisis and put pressure on excisting medical staff.
 

","UK goverment total failure in dealing with covid, prime minister Johnstone has no ideal what he doing.",anxiety,8,6,6,7,8,6,4,3,4,524,87
1128,"Mostly feeling fed up.  Not being able to go to work and not sure if there will be work after it. 
My partner was showing all signs of the virus so we self-isolated before being told. I never had any symptoms at all. So now, we're thinking did she have it or not. Testing shouldn't be so hard to sort out.
I do think now the knock-on effect will be that funding for research might be pushed to the forefront now its affected the rich and the trade in wildlife be frowned upon.  Feeling ill not being able to go out for exercise.  ",Cant wait for this to be over.,anger,2,4,1,1,1,2,1,3,2,530,112
1129,"I am anxious about the situation as a whole but mainly worried about the more vulnerable people in my family, however I know we are all taking precautions and following the correct guidelines at this time. Being in lockdown is manageable although difficult as I normally use my friends and busy university life to keep my mind busy most of the time, so being isolated has had a slight negative effect on my mental health but I am doing my best to deal with it. The only anger I feel about the situation is perhaps how the government handled this originally (but they're better now) and the people who ignore the lockdown rules who I feel are very selfish in a time like this.  ","This time is hard for everyone, but the more people follow the guidelines set out, the quicker this will be over and we can all get back to our normal lives.",anxiety,6,4,2,4,8,7,6,5,3,677,131
1130,"I feel anxious and stressed about how long this situation will continue and how long we will be isolated. I worry for my mental health, as I suffer from anxiety and depression and isolation has always been a trigger. 

I feel sad for those who have lost loved ones, especially when I hear of front line workers losing their lives. 

I feel further away from my family than ever before. 

I feel like I'll be judged when I leave the house, even though I am only going out for legitimate reasons. 

I feel angry at stupid people who carry on sunbathing in parks and visiting friends. I also fee angry at people on the street or in the supermarket who don't try to keep their distance.",I feel strange being indoors so much but even stranger when I leave the house. I miss human contact but am terrified of it. I miss commuting. I miss grocery shopping. I miss taking the bins out without feeling watched. I feel alone yet more a part of my community than ever.,anxiety,7,6,4,6,8,8,4,4,1,682,136
1131,"The constant news cycle, featuring little confirmed information, is exhausting and frustrating. It feels like everything comes with an estimation or a guess, which fluctuates and causes uncertainty. In relation to that, not knowing when the pandemic will end, or when/if a cure will be found is anxiety inducing. But I would prefer to know less about this, until something is concrete. Whilst being inside for long periods of time can add to the symptoms of depression, I currently feel good about using this extra time to work on personal projects.","Realising the extent and unknown longevity of the pandemic is incredibly surreal, and feels impossible think about. ",relaxation,6,5,5,6,6,5,5,7,1,549,105
1132,"The situation with Coronavirus has caused my life (and more or less everybody else's) to be put on hold. Form me as a professional golfer this means that I am unable to play, causing me to lose my income. This is more than anything just incredibly frustrating. I am not an anxious person but the current situation is making me feel slightly anxious as to when I will be able to get back out to the golf course and begin to improve again. This main anxiety is coming from my inability to do my job which sort of gives me a feeling of pointlessness at the moment.",I am very frustrated with the current situation which is effectively rendering me useless at the moment. Staying at home is necessary but basically doing nothing is making me feel a bit anxious as to how I am going to be able to perform at my job when I do eventually return.,anxiety,7,2,2,1,5,3,7,7,7,561,115
1133,"I am immensely frustrated right now. Despite having the best performance ever at the beginning of the year, my employer has significantly reduced my salary mainly to support it’s staff elsewhere. We are uncertain as to whether we will be able to go on our summer holiday abroad that we saved up for all year, and we are stuck in the house with 2 young children who are also very frustrated with the same (mainly indoor) activities day after day. And all of this is essentially out of my control, which is where the frustration stems from","Bored, frustrated, broke, and running out of box sets",anxiety,7,4,2,3,6,3,1,1,1,537,105
1134,"Having just read the news about Boris Johnson being taken into Intensive Care, I feel a huge sense of sadness that these may be the last hours of potentially the greatest PM in my lifetime. Genuinely hoping he pulls through, gets us through this dark time and does the business for Brexit, this Country needs a character and a leader like him at this time more than ever.
As stated, this is an incredibly dark and dystopian time for the Country and the World, I can only hope that when the dust has settled those culpable will be held to account, be it financially or criminally. This isn't a xenophobic statement either, people and Countries, no matter who they are need to be held accountable for the pain and suffering caused.","Feeling blue, feeling weary, but feeling hopeful that in a years time we'll look back and count ourselves grateful for surviving.",sadness,7,6,4,6,7,8,2,4,3,729,143
1135,"At this very moment, my feelings are mainly of an anxious nature. Due to the unknown, what's going to happen to any of us. This may be due to the health of myself, my family, my friends etc. or it may be due to security (job, house etc.)

I am also feeling slightly angry with how certain people have reacted to this outbreak, whether it's their racist acts/comments towards others, or simply their lack of respect of everyone else, flaunting the rules without a care of anyone else.

I haven't once felt sad throughout the outbreak.","I am feeling rather anxious about the whole corona virus situation, however, I am feeling optimistic about the future, as things have their ups and downs. We will get through this as long as people don't disregard the rules, which has angered me in the past.",anxiety,7,2,4,7,8,2,3,3,6,533,114
1136,"Stressed and uninformed. Don't feel enough is being done by the government to help with the NHS crisis or the proper enforcement of social distancing.nhs staff should be tested immediately and given the right equipment to fight the Corona virus. There should be a full lockdown straight away to stop the spread.the equipment side of it is the fact that they aren't really getting enough or even any at all.how can you be expected to take urgent care of someone, and also be worried that you might catch it,or maybe even already have it.",Everyone needs to listen and follow the rules  to save lives and stop the spread.being selfish won't stop the virus.,anger,7,9,9,1,6,6,3,3,3,536,100
1137,"I feel nervous as I don't know when the lock down will end, missing my friends and loved ones, but also feel angry that people aren't all treating it in the same way or as seriously. I am looking forward to not feeling trapped in my house. I feel upset that I am far away from some family members and nervous for family which live overseas, because I now definitely don't know when I can next see them. I am really missing being in university which makes me sad that I'm missing out on the final few weeks of spending the summer with all my friends. I am grateful and thankful for all the staff trying to keep us safe.","I am feeling very nervous about the future, missing friends and family whom I can't see, but very grateful for all the staff keeping us safe. I wish everyone would take it seriously and stay inside to flatten the curve.",anxiety,6,4,1,6,8,7,2,1,6,618,128
1138,"This is a very stressful time. Not least because of the deaths and illness occurring. Isolation is also leading to illness and deaths through suicide. It's scary to think about how individuals, particularly those at risk, are coping. As someone with a mental health difficulty I find it easier to cope in times of chaos, albeit it seems confusing to me the state of the world and uncertainty we are facing. Being in 'lock-down' is a very necessary step, and it angers me that some individuals are not following the guidance and advice put in place. Conspiracy theories also anger me, such as with 5G, as it trivialises the situation at hand",this is terrifying. stay inside. save those most at risk.,anxiety,8,6,6,7,7,7,3,6,2,640,126
1139,"I am not unduly worried about the situation as I am not in a category of increased risk, nor do I live in an area with many cases so far. My Friends, partner and wider family are fine and in good health, and my job is highly unlikely to be at risk no matter how long the lockdown continues. I own my house and therefore have no worries about landlord issues. I hope that the situation resolves itself as quickly as possible for the benefit of the whole world, but I am suitably prepared for things to get worse before they potentially get better.","Things are different, but they will get better. I am more than able to cope.",anxiety,2,1,1,3,5,2,5,5,3,546,112
1140,"From seeing the daily death rate increasing and people still getting infected is not great, plus with some of the public still believing they are 'immune' or the lockown rules don't apply to them is frustrating for all who are trying to handle the situation. The press inform regularly but not to the level of scaring people into a frenzy. Panic buying has declined a great deal, social distancing seems to work for a high majority where I live but some still don't get the need to look after themselves and each other. Have signed a petition to see if live animal markets have tighter controls if not banned in China, as I believe that countries with this level of mentality should know better, change their barbaric ways. I understand food sources are a requirement, but needs far better control especially where the pandemic has run rife throughout the world (this all depends on truth of the source of covid19)","Stay in, save lives: even the smallest gesture to comply will make a difference",relaxation,3,1,3,3,2,3,5,6,4,914,173
1141," I an feeling increasingly bored with days and weekends feeling like groundhog day, slightly anxious for food supply chain, it being squeezed, medical staff falling I'll and the NHS being overwhelmed and that of having to put mine and my families lifes in danger by something as trivial as going to a supermarket.
 Anxiety is also there in the realisation that with SARS and now COVID19, that this is only going to become more frequent and not less.
 The 'holier than thou' attitudes of those on social media also makes me want to invent a way of slapping people over https;
 The sneaking in of anti-privacy legislation is also disgusting.","If only we could be trusted with common sense, if people weren't so selfish, if people used their brains, thought about others and refrained from self effacing gushing holier than thou posts on social media then we'd either be out of this within weeks or lockdown w'ld b +bearable",anxiety,3,1,1,1,2,1,2,1,1,639,120
1142,"Disgusted and angry with the government, poor leadership.
Lies and false  promises of future action that will not happen ie testing of NHS staff. Blame of other as media distraction, ie public distancing over the last weekend and pay of  footballers.
Constant use of war metaphors by politicians in a call to rally to the flag rather than challenge their poor performance.
Annoyed there was no money for the last 10 years until the tory business leaders need a handout then free cash for all.                                                                                                   
                                                                                               
                                                                                                

","This government thinks of the people as a """"""""""""""""herd"""""""""""""""". Please remember this for when there is an election.",anger,6,8,6,5,6,6,2,3,5,786,92
1143,"Concerned about the economic impact for myself and the country. Worried that front line NHS staff are being put at risk due to a lack of PPE or planning. 
Sadness that the world will go back to how it was before, forgetting about how we could change for the better as a result of this pandemic. 
Fearful that lessons will not be learned and that the destruction and damage to the environment will continue resulting in many more globally damaging events. 
Concerned that a drive towards a carbon neutral world will pushed aside as country's try to rebuild and use this as an excuse not to drive forward these initiatives. ",Proud of the NHS and those that have sought to help others. Hopeful this spirit will live on when this passes,anxiety,7,2,8,5,7,5,4,2,5,622,116
1144,"I am very worried for both my own health and that of family and friends.

I am concerned for my work colleagues who are even busier due to the crisis and feel guilty and depressed that I cannot help them as I am having to self isolate due to my own health conditions.

this is a strange situation, as I have no control over anything, and no cure or solution in sight, if the lockdown ends, I would still think that everyone would still be susceptible to the virus.

I want to do something to help, but feel inadequate that there is nothing that I can do apart from remain at home, unable to see my loved ones, and just listen to the news of the worldwide crisis.",hoping that the scientists and medical professionals can beat this thing and everyone follows the rules to try and limit the spread until a cure/solution can be found! hope to see you in the future if we all survive.,anxiety,8,1,2,8,9,7,2,1,1,662,139
1145,"I'm worried about other people more than myself. Been furloughed from work but that's actually a positive at the moment and has helped me feel less anxious than I was before.

Older people do need to take the whole situation more seriously as they're the ones not abiding by the distancing rules and that makes me more worried about them, and the possibility that they're spreading the virus. 

The financial situation is the biggest worry, with wage cut to 80% at the moment, assuming that comes through. Plus the concern that the business I work for may not survive this situation. Therefore it is important for to try not to spend money other than on essentials as I may need it to tide me over until I can find a new job after things reopen. Other businesses may also not be hiring due to financial worries.","I wish older people would understand the seriousness of the current situation. They're my main worry other than finances, and finances are something that can be fixed later.",relaxation,4,1,1,2,3,2,3,3,1,811,157
1146,"At the beginning of the outbreak i don't think people were taking it as serious as it should have been, and even today people are still going out regularly and it's terrible to see how people don't care enough about spreading the virus around but rather see their friends at the park for no reason, I just think its hard to wrap my head around how this whole thing occurred and how quickly its being spread around because of sheer carelessness from the public, in all honesty it makes me worry about the future mixed with the feeling of confusion and anger","This goes to everybody around the world, please keep your families and yourself safe by doing the right thing and staying indoors unless you absolutely have to go outside.",desire,5,2,1,6,6,6,7,7,7,556,105
1147,"I feel sad that our freedoms are curtailed, but also know it's for the best long term.  I feel that all the working from home and changes to living standards might help to slightly reform our society for the better when this is done - I look forward to that happening.  I also think the world is realising (as a result of the virus) that we share the planet with each other and with nature, in particular I'm loving how nature is reappearing in places all over the world.  I try and look forward to events I have planned further down the year - but remain nervous that these might also get cancelled each passing week.  I miss my friends and social experiences - especially heading out together and going for runs together.

I support our governments approach - appreciating they've had a very tough line to tread between economic collapse and public health.  It's economic collapse that actually worries me more than the virus itself - that will last far longer than a few months of lockdown!!!  If that can be averted, potentially at the cost of a marginally worse public health outcome, I feel the country would be happier on the whole in the long run.  (Sorry that's a bit of an extreme view I know!)",Feeling confident the public are upholding lockdown as best the can.  Feeling less confident that we're avoiding economic meltdown - what can be done?,anxiety,6,4,1,6,8,6,2,4,1,1204,237
1148,"I am worried about my family as they come under the vulnerable category. The government needs to do more and probably needs to initiate lockdown as people are still going outside for non essential reasons. This is the only way we can reduce the number of new cases and deaths each day.

Lots of anxiety over the fact that this has spread all over the world and the death rate and new cases are increasing day by day.
 
I'm scared that the economy will take a bit and worried about my job as well as my husband , how will we be able to manage if we are not able to go to work and earn money, being furloghed means we only obtain 80% of salary which eventually will not be enough to sustain our family 
","I don't understand why people are still going outside, the rules are simple , go out only when needed and nothing more, people playing basketball and sunbathing, this will lead to another increase in cases in 10 days, very worrying indeed. #staysafe and #stayathomd",anxiety,7,4,4,7,7,7,5,4,4,701,142
1149,"I am worried in particular about the long-term. I hope that normal life can resume quicker than I expect it too but only if it is safe for everyone. I wish that everyone would follow the rules, so that we can get through this quicker rather than cause more issues in the long-term. I hope that a vaccine will come sooner than the current projections. I am not currently struggling with the lockdown but moreso just missing being able to go anywhere I want at any time. I am having trouble trying to find some type of work I can do at home in order to earn extra money.","I am currently feeling a lot of anxiety and uncertainty. Although the virus affects more people who are older and with health difficulties, there are still young healthy people who have passed. We do not yet know the true capacity of this virus yet.",anxiety,7,5,4,6,6,5,2,3,4,568,116
1150,"Angry at the way the government has treated the NHS over the past ten years thus when it comes to a pandemic it is not prepared so what they now have to do is throw money into it and claim they could not foresee this. Correct they could not but the NHS would have been much more prepared if it was funded correctly prior to this. I am also angry at the way some of our population is ignoring social distancing despite multiple pleas from NHS workers, however, not as angry as I am with the current government. ",Angry at the government for it's handing of COVID-19,anger,6,8,6,6,6,6,2,5,1,510,103
1151,"The current situation makes me feel incredibly anxious. i have never been in a place in my life when I was worried about being able to feed myself. Whilst I know shops are open and have plenty of stock, its making sure you can make full, nutritious meals with those ingredients whilst navigating a store which you can no longer use your usual routes in and people are increasingly rude. This causes a lot of anxiety day to day as I am fully responsible for cooking and shopping for myself and two other adults. I also feel absolutely disgusted over the behaviour of others at the minute, as they have no thought for other people. Their reckless behaviour could kill someone and the thought that their recklessness could even lead to me being responsible for killing someone is absolutely terrifying. The lack of leadership in this country is also leaving me rather confused about the whole situation and how it will progress, leaving me fearful of what is really to come.",Stay inside for all of us so we can get out of this mess sooner!!!,anxiety,9,7,7,9,9,5,4,2,6,971,182
